MonthsActive,AvgOrderValue,NumOrdersLastQuarter,Region,NextMonthSpend
6,25.7,7,South,88.51
47,85.81,5,East,137.62
40,87.63,7,East,148.99
27,45.16,4,East,101.25
26,67.26,7,East,136.76
52,50.06,5,South,92.53
6,60.15,3,West,77.69
42,34.5,5,West,91.42
13,70.04,6,South,120.19
6,28.32,8,East,104.81
32,26.26,6,West,91.28
59,52.0,3,East,104.18
45,50.17,5,North,100.26
46,60.88,8,South,151.26
44,42.11,6,North,119.8
48,116.08,11,South,207.61
31,58.22,3,West,113.47
8,59.93,9,North,142.86
51,59.08,8,North,122.84
28,81.55,1,North,99.97
31,68.75,3,North,104.41
23,65.16,6,North,123.67
11,73.29,7,West,135.29
56,26.32,5,North,105.53
47,26.72,5,West,81.72
39,52.96,6,South,110.3
25,50.45,5,North,138.69
50,68.85,2,North,116.31
33,55.04,5,East,96.01
27,68.91,8,East,139.45
28,33.17,2,South,79.57
14,54.36,5,West,101.48
6,31.93,5,North,62.32
34,63.74,6,West,114.34
54,25.76,8,West,114.15
4,62.76,3,North,93.42
52,30.34,4,South,69.86
50,46.83,3,North,104.97
17,78.1,9,East,170.05
38,59.8,6,South,103.75
10,28.27,7,West,84.63
46,41.72,2,West,69.19
43,29.95,5,South,66.35
22,27.72,7,East,98.01
5,57.23,5,East,95.5
59,68.31,5,West,116.61
27,65.12,3,North,113.06
54,69.48,5,North,134.58
41,54.34,4,South,93.02
47,48.94,4,West,108.51
46,35.54,4,North,85.5
12,45.79,4,East,89.61
22,32.18,4,South,74.34
29,38.94,4,North,98.39
30,56.58,6,South,113.73
3,52.09,4,West,69.59
33,186.03,4,North,211.65
10,31.87,4,South,87.37
45,51.93,3,East,92.43
41,30.89,4,West,87.09
56,46.75,6,North,110.75
45,47.52,2,East,98.77
22,76.55,5,East,124.16
59,45.61,3,West,82.37
25,50.58,5,East,93.51
20,45.96,4,East,79.08
55,31.17,5,East,82.28
23,42.06,2,West,85.51
5,46.86,6,North,119.71
29,56.23,8,North,146.26
48,68.28,9,North,178.84
12,49.71,10,East,127.55
28,49.36,12,South,137.05
8,27.43,4,South,59.33
42,67.75,7,East,143.26
29,41.33,6,East,103.09
20,73.62,4,East,137.69
14,92.44,2,West,104.95
34,50.64,7,East,133.47
41,36.26,6,East,108.55
57,54.23,5,South,115.98
27,62.77,5,West,97.83
10,48.12,7,North,89.88
50,43.57,5,West,94.45
38,68.4,5,East,118.49
43,66.62,6,South,129.12
6,47.54,4,North,102.02
19,28.17,8,South,91.45
47,65.53,3,South,96.0
50,40.17,5,East,100.43
27,59.49,8,East,111.27
49,58.0,9,North,145.1
51,25.65,7,West,87.55
24,56.4,4,West,104.3
54,67.08,4,North,117.27
18,70.45,9,West,135.24
15,57.22,6,South,118.38
41,24.76,6,South,91.18
39,91.0,3,East,143.23
9,64.35,7,West,99.78
50,33.74,3,South,71.06
12,39.84,3,South,75.95
49,59.89,3,South,89.22
1,71.66,6,North,121.53
48,44.92,4,East,110.0
48,75.96,8,West,141.83
47,26.65,9,North,129.22
40,35.98,3,South,98.25
29,23.91,4,South,69.51
43,38.13,8,West,124.27
17,99.81,2,East,126.2
47,124.35,7,East,170.45
34,59.97,3,West,98.59
28,42.29,3,North,94.61
31,49.97,4,North,95.68
35,65.98,4,South,104.29
3,29.22,6,East,69.95
9,43.42,7,South,105.22
15,96.93,5,East,164.28
7,35.94,5,North,96.52
27,40.46,6,North,121.18
41,54.89,5,North,113.73
40,61.15,6,West,106.9
29,42.52,8,East,125.52
52,56.31,5,East,119.99
34,69.63,4,East,134.25
5,119.65,2,North,143.93
46,51.91,7,North,125.02
35,53.7,2,West,111.87
39,100.58,4,East,158.95
34,43.83,6,West,108.68
34,32.15,3,East,66.33
6,60.35,5,West,96.62
34,83.97,4,South,142.63
48,63.08,2,North,121.83
19,52.52,5,South,113.32
37,30.59,4,South,77.37
2,53.34,1,South,53.34
21,89.41,2,South,112.62
27,33.33,3,East,86.86
59,49.51,4,North,106.92
13,46.76,3,East,95.54
17,41.3,6,South,98.2
25,60.29,1,South,88.14
60,65.19,5,East,121.63
52,64.92,9,West,116.59
3,36.94,3,West,44.36
15,28.26,8,East,114.22
50,60.64,5,East,115.75
4,44.6,4,East,76.82
52,113.9,2,North,143.05
17,116.02,2,East,151.0
56,121.06,11,North,195.34
18,37.49,5,South,93.32
27,68.56,2,West,71.39
40,77.35,7,North,155.19
8,73.95,5,South,123.42
34,47.38,3,North,100.84
31,91.07,5,North,154.86
48,54.61,5,North,136.84
60,57.47,7,East,109.18
40,29.51,4,North,91.23
25,70.66,6,East,124.91
25,49.2,7,South,112.97
26,65.75,3,North,119.64
49,59.98,7,East,141.3
20,58.7,7,North,117.99
11,53.61,3,West,84.82
21,74.79,4,East,142.46
2,50.42,4,South,73.9
7,30.51,4,North,84.56
6,68.55,7,West,101.9
47,39.5,4,West,104.98
44,32.15,10,South,94.8
42,36.27,7,East,106.3
28,61.15,4,East,112.65
44,52.53,4,South,76.32
10,23.26,5,South,51.2
55,46.83,8,North,125.33
31,87.16,3,West,115.44
57,45.58,6,North,122.24
10,51.1,3,East,58.51
30,82.86,5,South,142.15
42,75.05,8,South,139.58
30,82.16,7,North,161.4
27,18.01,6,North,92.17
10,109.22,6,East,146.41
23,70.43,4,West,119.26
15,146.14,4,West,186.9
19,39.93,4,South,100.77
42,26.97,2,North,85.42
38,54.76,6,South,100.32
37,48.9,8,South,115.64
22,70.91,4,West,100.07
58,83.93,7,North,155.49
6,52.72,4,South,69.51
21,49.59,5,West,112.74
8,67.3,9,North,145.65
21,49.28,4,North,100.8
58,47.66,8,South,126.32
22,82.67,4,East,125.31
55,90.37,6,North,161.16
30,84.23,7,East,140.78
42,51.05,9,East,121.89
28,23.2,8,North,124.64
16,51.46,7,East,123.12
46,40.32,4,North,119.35
59,51.84,6,West,102.51
16,41.74,7,East,106.18
47,54.15,5,West,108.53
16,36.03,2,North,74.44
44,32.71,4,North,82.2
48,89.04,5,East,149.53
27,37.05,4,North,95.22
45,54.61,8,East,128.08
17,79.98,4,North,151.54
5,78.71,6,South,113.68
6,75.03,5,East,120.89
27,61.63,3,East,106.38
55,72.94,3,East,118.67
8,94.56,3,East,103.77
28,64.72,4,North,132.03
43,26.18,5,West,96.39
13,44.19,5,South,105.96
44,72.14,6,North,142.66
19,42.49,3,North,119.11
49,104.38,3,South,154.92
35,53.24,5,East,110.1
33,56.49,4,North,137.75
11,85.62,3,North,127.0
28,50.75,3,North,113.01
52,58.59,7,North,156.16
2,78.23,4,West,94.28
46,30.3,6,West,85.9
30,48.71,5,South,83.36
44,76.07,7,East,137.33
40,56.05,5,North,130.74
26,98.19,3,North,150.34
19,29.07,2,North,85.69
38,27.77,3,North,63.43
9,74.28,5,North,133.02
36,77.19,6,North,139.41
6,50.54,3,South,88.57
39,64.08,5,West,99.81
38,73.56,7,North,163.1
6,39.43,6,East,73.88
46,41.15,4,East,98.75
25,58.9,4,North,120.99
48,78.39,5,West,127.02
3,34.25,5,East,75.3
11,50.44,2,South,85.33
30,49.52,5,West,101.69
12,64.53,6,South,115.27
20,54.41,2,South,87.54
40,43.89,4,West,74.14
9,89.97,2,North,128.26
41,44.0,6,West,89.11
7,48.58,8,North,133.91
11,28.89,5,North,85.89
36,41.04,5,East,99.88
48,67.12,5,North,145.42
11,62.07,7,East,115.45
18,69.39,2,North,108.2
56,68.06,5,North,135.25
60,125.85,10,South,214.56
35,40.48,5,West,100.41
27,28.57,4,North,99.1
21,35.87,5,North,85.8
37,41.2,4,South,101.78
36,36.98,10,South,111.14
18,56.68,2,South,88.79
2,90.11,4,North,149.93
10,101.08,5,West,125.49
58,66.8,4,North,138.82
26,128.57,6,West,173.51
29,47.34,5,West,78.27
29,28.42,5,North,109.81
47,83.2,5,East,135.95
4,26.17,3,West,43.09
5,40.37,2,West,67.9
17,67.22,5,East,123.19
30,52.41,3,South,86.03
41,50.58,6,East,98.64
30,34.05,3,East,80.87
27,54.36,6,West,104.96
57,81.57,7,North,159.86
10,55.04,7,West,108.78
35,39.17,2,South,87.92
33,33.15,6,South,106.77
29,39.49,5,West,127.27
49,63.88,4,South,115.28
17,62.64,8,East,121.38
58,39.64,7,North,123.81
20,22.55,5,South,71.12
33,64.59,2,North,101.61
32,38.13,10,East,123.67
51,71.93,4,North,159.37
27,40.35,5,South,92.15
18,36.78,2,East,90.81
2,58.05,3,South,94.42
22,140.2,7,East,204.58
50,73.67,6,East,149.01
1,57.66,5,North,113.32
54,63.03,8,North,133.92
33,27.1,4,East,89.07
9,34.85,5,South,79.6
19,20.0,7,East,70.37
34,109.07,4,West,148.14
19,100.58,6,East,156.32
7,63.89,5,East,110.95
40,57.63,4,South,136.88
41,29.35,8,West,118.72
8,50.01,4,North,103.02
17,111.83,3,West,149.5
15,57.54,5,West,93.87
40,43.56,8,South,108.53
44,27.03,2,North,89.92
44,94.83,4,North,149.62
57,53.09,3,West,94.15
47,27.04,2,South,57.63
20,37.72,5,South,90.85
7,32.75,4,East,82.33
37,51.8,8,North,151.95
55,59.32,4,East,105.06
59,44.64,7,East,137.34
14,74.5,4,North,131.71
15,56.35,6,East,114.5
3,83.51,3,South,109.47
9,47.33,3,South,79.6
34,184.59,6,North,250.08
33,43.56,4,West,92.14
23,38.04,4,East,92.51
19,36.22,7,East,122.41
50,50.18,9,West,123.91
28,27.45,3,West,49.28
49,61.43,7,West,142.23
58,25.48,4,North,95.69
20,58.25,7,North,119.04
13,31.8,5,North,82.92
58,46.87,5,North,113.95
39,69.53,6,South,133.22
18,137.22,6,East,151.59
38,35.47,4,North,69.05
31,51.41,5,West,101.56
55,40.87,6,West,113.38
16,38.55,6,North,124.67
60,41.02,2,North,81.18
57,75.92,6,South,140.54
11,44.92,4,North,105.05
10,134.25,5,West,166.56
32,64.48,4,North,140.88
3,36.45,7,West,73.06
18,47.15,3,North,104.43
27,39.62,4,South,112.26
59,75.19,3,North,125.91
60,28.35,3,North,82.1
10,31.93,4,East,84.89
54,43.09,4,North,111.49
6,71.75,4,East,86.57
45,89.41,4,East,151.29
51,94.84,5,East,135.01
54,67.49,8,East,152.93
14,52.82,3,North,100.33
54,75.03,2,West,103.41
7,34.54,12,East,124.69
32,26.11,4,South,66.38
29,65.02,5,East,137.39
19,36.52,3,East,82.49
2,53.19,2,South,67.6
47,57.27,4,South,124.84
21,60.29,2,North,107.16
40,79.45,6,North,141.52
25,76.16,7,East,154.9
23,59.03,5,South,104.71
54,45.75,3,West,103.67
6,57.0,4,North,101.38
45,43.01,4,South,85.54
45,50.47,9,South,119.31
23,155.6,3,South,186.68
16,58.73,2,East,88.05
1,65.37,5,South,97.56
57,41.17,7,South,91.65
57,82.11,6,East,148.11
15,74.0,5,South,125.8
2,74.21,2,North,116.88
8,59.5,4,West,81.98
5,82.57,2,West,99.75
50,90.8,4,East,151.73
54,61.14,4,South,112.84
10,52.15,6,North,108.22
45,78.09,8,East,162.23
11,38.03,6,West,100.31
23,40.97,8,South,115.0
36,53.45,9,North,150.72
44,27.21,4,North,80.06
53,76.02,2,North,119.01
3,37.15,5,West,82.29
12,45.21,5,South,90.56
17,50.13,6,West,89.17
19,55.46,2,East,108.92
60,47.59,2,East,101.65
47,53.15,3,North,106.63
20,53.31,3,East,128.06
59,45.66,9,North,133.51
30,40.07,6,North,97.13
31,84.15,4,North,142.13
27,23.53,7,East,78.98
9,50.29,2,East,85.6
57,45.26,8,West,129.97
1,64.55,4,West,78.51
11,30.52,5,North,86.29
14,44.71,12,East,132.37
17,52.41,6,West,97.48
8,83.77,9,North,159.3
2,62.36,2,North,86.68
41,34.01,2,East,84.31
59,44.93,4,West,75.83
8,77.82,3,East,112.62
18,33.77,6,East,105.81
31,52.91,5,South,95.04
56,54.4,6,North,110.11
42,46.79,5,North,101.27
46,160.5,4,South,192.76
35,46.29,4,South,79.79
26,65.36,5,North,151.1
12,40.18,6,West,86.46
52,67.43,2,North,108.48
49,77.35,7,South,131.54
2,43.16,3,East,83.38
43,53.42,2,North,117.35
6,38.16,8,South,91.8
45,34.54,7,South,104.87
50,82.66,6,South,145.61
8,43.75,3,East,84.28
27,20.79,5,South,86.0
8,110.62,4,West,147.69
35,39.61,9,East,131.43
56,49.47,2,North,94.79
5,105.25,6,North,155.99
24,51.59,4,South,81.67
59,51.15,5,East,112.53
19,33.41,6,North,107.71
8,28.39,8,East,89.25
30,51.08,5,North,123.75
31,63.13,4,South,104.82
40,61.7,4,East,103.74
19,45.04,2,South,92.54
58,55.04,6,North,123.2
32,26.18,6,South,87.68
18,65.63,8,North,154.48
58,58.24,6,North,120.45
56,120.24,5,North,184.63
30,54.76,4,West,86.46
2,37.45,8,North,115.57
36,53.5,5,South,133.35
34,47.89,6,West,115.1
9,64.97,2,East,107.77
39,55.19,6,East,126.46
51,32.98,7,West,116.75
7,28.38,7,South,58.85
44,60.65,7,South,129.75
9,94.94,3,North,147.32
45,56.36,6,North,127.73
26,75.59,6,West,136.14
1,81.87,5,North,122.91
58,60.75,9,West,149.98
10,39.42,1,South,59.62
36,59.03,4,East,108.53
11,88.48,7,South,132.4
56,67.49,6,North,142.1
45,73.65,4,East,142.85
49,45.38,4,West,103.18
26,50.35,3,North,97.71
29,52.07,5,East,112.67
39,53.49,8,South,131.37
48,87.11,6,East,146.47
51,21.35,7,East,98.12
2,55.27,3,East,99.03
40,52.89,5,East,110.83
7,31.54,5,North,94.84
18,71.43,8,North,165.0
50,40.86,2,East,92.28
16,47.33,6,North,118.69
48,114.38,7,West,186.74
28,81.78,4,North,133.51
14,68.7,3,South,81.65
21,63.58,4,East,117.48
32,51.12,5,East,133.47
46,121.48,5,East,200.09
37,75.25,3,South,104.82
56,40.45,6,South,95.42
53,31.19,9,North,106.22
46,68.49,7,South,134.83
37,53.39,7,North,143.16
18,30.83,8,South,89.14
25,64.81,8,East,135.82
8,49.03,6,East,118.17
23,67.51,5,West,138.02
56,65.15,4,West,117.44
26,42.81,6,North,112.73
7,70.33,2,East,117.45
40,44.74,4,South,100.27
58,45.92,1,North,87.39
53,44.13,2,East,79.0
17,85.83,4,North,112.9
28,48.8,6,North,145.18
32,94.54,6,West,176.69
15,111.43,2,North,149.23
17,40.63,3,East,91.09
15,16.97,4,West,55.8
60,82.91,4,West,125.59
45,47.62,5,South,89.33
51,38.61,7,West,106.65
49,43.14,9,East,150.1
58,46.25,5,South,100.66
7,91.73,5,East,129.41
53,58.2,4,South,119.03
4,91.24,2,East,104.47
29,66.53,5,South,115.82
36,48.25,2,South,80.66
22,46.71,5,West,88.87
9,68.35,6,West,99.45
12,75.81,3,West,110.79
50,81.35,3,West,133.71
20,49.17,9,South,134.61
19,58.56,5,East,137.93
56,68.97,7,North,158.71
9,46.82,3,North,93.63
55,34.68,5,East,93.15
56,39.55,4,North,105.58
36,49.58,3,North,118.79
10,71.16,3,North,118.93
10,90.34,7,West,151.27
18,31.74,5,South,74.13
35,42.99,4,North,104.28
10,47.32,4,West,85.34
28,75.03,6,North,137.11
7,44.2,6,West,92.19
33,45.98,6,East,85.66
2,31.04,3,North,81.34
43,66.25,4,South,107.04
4,51.18,4,East,85.62
12,42.03,4,North,88.57
11,49.21,4,South,87.28
50,85.7,5,North,141.13
4,36.53,6,North,86.65
26,38.99,1,West,69.72
36,90.1,3,North,111.2
31,56.28,4,South,98.84
41,71.37,3,South,119.87
49,64.12,4,East,107.76
24,53.83,6,West,120.55
50,47.5,5,North,100.69
20,76.14,2,North,107.68
60,86.92,4,East,115.26
31,84.24,4,East,114.5
45,33.98,9,South,101.6
53,92.02,7,East,166.09
48,47.31,5,East,92.34
52,40.37,5,North,106.13
33,51.02,7,East,104.76
3,76.13,6,North,134.84
30,67.77,5,West,104.28
11,49.3,6,North,127.93
54,76.33,3,North,133.81
15,57.74,6,East,95.05
14,43.42,1,South,40.42
15,41.13,7,West,94.59
39,64.33,5,West,99.14
35,52.83,5,South,109.05
57,31.49,6,South,96.36
25,76.62,5,East,139.13
17,45.06,5,North,119.36
3,103.22,9,East,158.73
1,31.15,6,East,92.23
23,50.79,4,South,81.08
56,41.26,9,West,124.02
32,36.96,7,East,105.61
54,44.94,4,East,114.0
7,110.86,4,East,164.42
6,57.82,3,South,98.77
51,39.78,7,East,125.93
7,26.27,3,North,72.27
4,27.42,2,South,16.04
25,44.05,5,North,128.71
56,42.37,6,North,119.75
42,49.92,4,East,113.93
6,22.0,3,West,44.48
51,52.63,4,South,107.87
51,82.36,7,West,155.19
49,104.49,2,West,121.9
55,25.59,4,East,88.17
15,39.62,3,South,75.72
59,38.8,2,East,85.74
20,57.88,6,East,122.6
49,33.52,7,North,131.29
35,107.01,5,West,142.84
47,55.56,7,East,127.89
38,51.97,3,South,95.26
39,103.24,5,North,170.53
37,54.25,9,East,122.09
47,64.08,5,South,121.7
45,40.43,3,East,103.26
9,31.56,2,South,52.78
50,42.77,2,South,63.22
33,130.95,4,East,184.44
20,70.33,2,North,108.0
31,60.94,8,South,114.86
59,36.95,4,North,101.63
52,78.61,6,East,125.29
51,31.72,4,North,80.12
28,29.17,4,North,104.42
48,43.66,3,East,91.68
24,119.32,3,South,138.96
42,116.65,6,South,163.74
39,45.58,9,North,169.13
15,41.69,4,West,77.02
16,28.33,6,North,97.23
4,56.33,3,West,63.01
9,58.25,6,South,105.81
27,74.88,3,East,104.61
29,78.59,4,South,105.12
10,50.45,4,East,95.0
26,68.2,6,North,124.88
37,41.25,6,North,120.05
14,67.68,8,North,166.51
21,44.57,6,South,110.01
23,65.61,9,East,127.82
31,63.52,3,West,89.48
22,56.12,4,East,93.25
45,75.02,6,South,131.64
20,29.13,3,West,70.37
27,35.66,7,North,100.68
23,49.01,10,East,137.98
11,30.65,7,East,107.15
42,46.4,4,East,100.73
15,47.0,4,North,96.39
18,92.19,5,South,150.16
48,57.8,6,North,147.38
57,82.42,1,North,125.21
41,61.6,4,South,105.18
55,44.07,4,North,110.78
52,57.6,8,West,142.1
29,73.1,3,North,117.35
47,88.0,4,North,152.19
20,51.78,5,North,135.07
28,28.25,7,West,104.56
33,27.46,3,South,46.15
58,47.92,7,West,110.44
51,21.43,3,West,70.43
30,111.95,10,East,204.48
40,69.32,4,North,148.46
13,42.34,7,East,91.48
49,35.03,4,South,80.11
34,82.37,4,West,127.86
32,34.97,10,North,139.25
46,36.33,7,South,126.82
38,40.19,5,West,76.8
5,57.15,5,North,123.57
18,69.99,2,East,109.65
11,87.98,9,North,163.25
45,82.93,9,East,166.06
3,54.62,7,West,103.07
13,82.12,3,South,89.79
36,41.75,7,East,114.6
42,26.35,5,North,104.83
31,41.74,5,North,123.99
52,39.55,6,South,102.97
56,42.4,5,East,108.63
8,37.2,6,South,91.25
58,45.4,4,North,112.84
37,69.97,5,East,128.32
39,108.43,11,East,200.88
6,27.38,5,East,84.33
38,32.62,4,West,68.39
44,39.78,3,West,70.92
35,74.17,2,North,119.8
6,50.3,4,South,80.35
32,40.87,6,South,92.51
57,72.73,4,West,115.11
44,80.04,3,West,117.31
9,54.19,4,West,102.37
58,39.39,3,South,73.68
58,60.83,4,South,104.88
11,49.73,5,West,113.84
49,49.58,3,North,96.2
25,44.48,3,East,98.83
36,79.04,5,West,110.76
27,60.34,7,South,128.56
47,82.62,2,West,109.27
60,93.18,5,North,165.52
48,65.6,4,North,125.06
56,44.59,3,West,90.45
57,82.78,3,West,122.31
6,65.78,4,West,117.17
16,154.68,9,North,221.14
44,61.81,5,East,106.09
36,72.17,4,West,111.93
4,61.32,5,North,120.37
6,52.48,4,West,90.54
32,49.23,7,East,113.88
37,61.42,6,North,157.05
11,67.25,6,West,109.74
11,86.64,4,West,97.41
8,61.78,6,South,110.29
34,45.37,6,East,110.72
1,47.91,8,East,104.08
35,32.16,7,West,97.79
29,106.11,5,North,173.12
28,43.97,7,South,100.86
41,80.4,7,South,131.96
32,60.98,4,North,111.76
44,61.65,3,South,127.56
46,52.09,4,West,92.41
56,39.84,7,East,125.97
48,37.06,5,West,101.78
32,109.0,3,North,155.82
30,57.14,4,South,110.84
15,85.64,4,West,125.76
36,95.01,6,North,155.73
9,46.32,3,North,82.74
56,64.68,5,North,140.18
51,55.59,5,North,124.12
8,34.37,4,South,45.02
48,50.69,2,West,74.29
8,69.06,7,West,105.67
44,44.72,6,East,105.92
6,47.95,4,North,79.17
30,50.94,2,East,93.14
40,127.05,7,North,203.78
44,26.22,4,East,80.2
26,66.73,3,East,107.17
56,49.34,3,North,98.4
47,42.26,5,East,106.03
13,48.85,3,South,64.53
41,71.3,4,North,154.57
44,72.95,4,South,132.47
21,58.82,1,South,57.14
45,84.53,4,North,162.6
54,90.7,5,East,149.74
50,75.68,3,West,113.67
46,43.88,7,North,121.11
39,66.54,3,North,130.15
17,66.67,8,South,126.28
48,39.4,5,North,100.63
22,29.14,9,East,107.39
32,24.31,6,North,96.27
19,56.15,4,North,114.2
19,61.51,4,South,107.5
10,34.03,8,East,73.14
58,82.96,6,North,160.73
9,58.03,6,North,118.56
6,93.67,3,East,130.47
57,63.32,5,West,113.39
34,35.64,5,West,62.12
27,65.58,2,East,107.58
45,71.38,6,East,128.63
23,43.86,6,North,96.25
8,30.67,4,South,60.3
44,56.83,7,North,123.31
11,36.59,5,East,94.03
34,85.49,6,West,153.46
57,46.39,4,West,93.65
57,108.84,3,South,153.19
22,23.34,2,South,48.75
47,57.62,3,North,121.66
37,96.71,9,North,179.25
29,38.24,8,North,105.5
9,51.23,7,North,118.37
23,46.47,6,North,124.47
40,41.53,4,North,119.06
60,60.21,2,East,96.06
1,32.52,5,South,57.05
44,52.23,1,West,81.43
51,67.11,7,East,135.48
58,50.1,4,North,106.03
26,36.6,4,North,103.61
8,82.44,3,West,116.16
17,73.12,5,North,132.66
52,36.0,11,East,166.53
53,32.54,5,East,79.12
39,37.31,3,South,82.43
8,67.9,3,South,101.58
8,60.96,5,East,86.12
29,74.89,7,South,139.55
36,47.92,8,East,107.96
2,37.72,7,South,79.17
42,78.85,6,South,126.69
33,43.76,2,North,85.9
1,58.83,3,East,119.13
6,29.37,4,South,62.16
28,43.47,5,North,120.96
44,81.76,6,South,126.69
50,41.0,4,North,109.16
26,75.63,8,East,133.77
18,21.49,7,North,126.57
59,43.65,5,East,110.91
28,50.98,5,North,125.34
19,109.62,6,West,150.1
27,34.21,5,North,107.83
1,71.41,5,West,121.58
19,83.33,7,North,154.82
31,40.91,3,North,102.61
56,47.02,3,South,74.67
45,57.78,3,East,119.4
47,30.19,8,South,106.25
33,45.51,5,East,110.45
7,90.96,3,North,118.71
24,67.29,7,East,122.88
60,51.28,4,West,89.88
3,57.12,5,South,101.1
53,68.88,6,East,137.48
42,74.36,2,East,115.47
18,43.7,4,East,77.01
47,100.88,6,South,141.73
51,92.44,6,North,164.06
3,71.59,5,South,76.47
7,38.97,6,North,91.48
40,36.3,7,East,113.85
60,47.91,7,West,128.32
2,55.94,1,South,68.33
40,26.91,9,North,133.02
9,66.54,4,North,125.86
40,91.38,3,North,136.07
38,68.76,1,North,133.23
6,41.66,6,East,100.85
41,39.74,6,East,108.59
54,61.56,3,West,114.39
52,51.35,5,South,117.44
2,65.18,5,East,114.15
15,69.46,6,North,117.41
15,84.5,6,South,138.69
28,34.71,4,East,91.02
9,59.66,4,North,109.91
52,47.21,2,West,87.66
47,52.49,3,East,91.48
49,77.15,2,South,122.11
12,80.58,5,West,115.79
1,95.52,4,East,134.26
55,64.73,1,South,75.74
18,52.25,5,West,99.0
40,49.35,6,South,85.66
55,27.28,6,West,100.75
3,93.31,3,North,132.33
1,48.0,6,South,86.13
1,66.84,6,South,112.85
10,71.64,3,North,114.29
4,33.18,4,East,58.14
50,37.74,7,East,107.57
37,101.37,3,North,147.78
59,61.32,6,West,105.24
49,43.28,4,East,89.76
58,51.91,4,West,91.34
15,84.31,5,East,144.37
18,79.34,6,North,159.47
51,30.37,6,East,103.46
15,104.97,4,North,171.62
4,80.36,3,North,137.69
41,51.37,8,East,158.51
49,33.9,6,South,83.59
59,83.23,5,East,148.88
56,66.06,3,West,111.09
8,30.47,4,North,87.07
47,49.76,7,East,114.21
51,190.66,8,South,258.75
42,54.96,6,North,151.92
50,40.58,4,South,108.86
51,36.47,4,South,104.17
27,110.92,2,North,157.64
3,76.64,8,East,106.66
28,95.87,8,East,169.47
13,60.3,9,South,122.42
7,90.16,7,East,171.5
8,38.89,6,South,89.12
42,58.27,8,West,121.56
31,61.24,2,East,102.55
33,94.91,4,South,145.72
45,62.02,3,South,102.77
33,42.51,5,North,112.62
38,56.02,5,South,122.69
6,27.92,3,North,53.13
52,21.58,2,South,69.02
27,76.14,5,East,127.95
10,47.0,5,South,104.27
49,49.18,7,North,129.55
45,76.13,6,East,130.71
4,95.47,3,North,135.34
12,67.61,3,West,86.62
1,118.06,3,South,152.65
17,66.76,7,South,130.28
6,61.61,5,South,88.18
43,60.11,6,East,116.87
32,32.65,7,North,114.57
59,80.03,4,South,123.78
45,20.53,6,South,86.58
37,43.19,3,East,74.25
31,55.1,5,North,146.51
4,39.81,3,North,76.17
5,45.57,4,North,84.49
37,113.95,4,North,158.29
1,84.91,4,West,94.16
3,41.5,5,South,89.16
14,45.25,4,East,85.51
54,32.76,7,South,83.37
28,72.38,7,South,130.47
43,49.41,3,South,95.31
25,24.86,5,West,85.49
11,56.84,4,West,73.14
23,65.08,6,East,99.15
6,80.26,5,South,103.15
47,53.02,8,West,143.36
12,47.04,6,East,75.25
23,120.84,7,North,180.47
59,54.74,3,West,93.94
36,72.81,6,North,174.34
28,44.0,3,North,96.23
33,71.95,6,East,138.76
48,30.5,2,South,83.84
16,45.38,4,North,90.61
39,33.67,9,North,148.53
53,42.86,6,South,92.72
35,90.03,6,North,169.86
27,42.74,5,East,134.24
9,72.77,6,North,125.7
15,100.17,4,East,140.01
57,54.0,2,South,84.53
33,81.25,3,North,133.97
19,67.52,4,West,99.44
26,57.2,6,West,120.24
35,73.71,8,North,159.85
33,113.97,5,South,165.8
42,42.31,6,East,107.3
16,37.2,8,East,108.3
39,36.34,4,East,92.08
27,81.27,5,North,147.85
57,85.78,4,East,131.34
10,44.04,7,South,108.48
9,23.23,4,South,60.12
28,41.68,3,South,91.34
31,67.98,5,South,125.04
42,53.16,4,North,135.35
25,58.68,6,North,118.73
55,44.29,5,North,114.76
29,81.91,7,West,144.78
8,62.63,5,South,112.34
8,69.03,6,North,124.46
59,58.18,6,North,146.88
9,67.34,5,West,79.06
57,65.59,5,West,114.92
17,37.67,5,East,112.03
6,63.38,4,West,90.75
19,74.93,5,North,132.7
37,86.67,5,South,149.72
26,64.49,4,North,124.59
48,37.11,8,South,92.34
37,39.47,2,South,84.53
25,45.88,3,East,83.76
39,58.9,4,East,119.62
59,51.99,2,West,93.88
25,34.83,4,East,105.39
10,34.75,5,North,100.82
25,23.58,6,South,95.49
51,15.68,3,North,74.74
14,51.79,2,East,98.67
57,138.12,8,North,229.4
36,112.02,3,West,154.98
37,36.92,4,North,111.51
20,57.97,4,South,93.0
56,30.39,5,East,107.39
3,32.3,5,East,85.28
18,33.82,5,South,52.25
26,49.89,3,West,104.19
29,50.76,3,East,96.2
29,60.41,3,North,119.63
9,71.19,4,South,102.33
14,47.72,4,East,102.59
6,55.39,7,East,116.06
35,35.25,7,North,116.2
22,31.89,4,North,73.9
34,29.98,4,South,100.79
36,70.79,5,South,120.53
43,47.7,6,South,94.93
33,25.83,6,South,120.42
39,53.24,4,South,115.12
36,33.13,3,East,75.86
40,106.08,6,North,159.21
37,43.31,3,South,85.36
19,71.71,7,East,153.71
15,84.4,6,East,123.62
48,37.26,4,North,99.19
21,56.28,5,South,123.35
33,68.13,3,West,80.37
12,57.18,7,South,100.44
26,63.08,4,North,121.73
32,32.08,2,South,65.76
38,68.14,7,North,152.75
32,44.95,4,East,73.07
22,62.79,5,East,125.83
58,78.89,4,South,121.44
31,71.34,6,East,139.2
49,62.77,6,North,123.64
45,70.59,3,East,96.63
34,71.91,2,West,93.24
54,99.31,7,West,154.79
8,53.86,5,North,104.83
56,58.3,5,South,96.29
52,79.27,4,East,116.66
31,44.87,8,East,115.23
45,32.01,7,North,139.9
32,66.51,6,West,132.17
17,50.28,4,North,108.68
48,33.68,5,West,83.49
15,66.7,3,South,114.32
19,96.78,3,South,130.79
32,28.45,3,East,77.92
51,82.18,6,North,140.39
24,19.79,6,South,96.79
30,46.52,6,North,115.98
3,114.0,5,North,150.03
7,47.88,6,South,94.61
4,56.6,6,North,135.41
5,74.08,5,South,113.3
53,27.48,3,East,65.13
51,56.2,4,North,115.49
50,56.02,4,West,108.03
4,115.0,8,East,178.39
5,33.3,9,North,108.5
17,46.87,6,East,85.36
34,37.66,10,North,139.68
21,36.1,4,West,84.16
30,85.71,9,North,178.79
11,55.18,3,North,119.25
44,43.72,4,North,127.9
19,44.38,6,South,119.7
4,43.58,7,East,90.2
45,45.17,2,West,80.53
55,32.92,8,South,99.08
1,49.23,5,East,87.69
27,47.29,7,West,114.86
50,40.32,3,South,71.98
43,58.09,6,East,125.03
52,60.1,8,South,116.11
25,43.7,6,West,100.93
23,51.54,1,North,89.31
43,129.47,8,South,188.11
10,127.51,5,East,167.46
15,35.81,5,South,87.7
37,37.87,8,North,114.55
41,35.74,4,South,89.26
8,83.33,4,East,118.44
31,46.55,7,South,104.8
22,60.09,3,North,118.6
31,121.36,5,North,194.27
58,54.37,7,East,149.57
5,72.42,4,North,102.67
60,67.23,4,North,143.26
27,43.15,4,West,81.46
47,83.4,2,South,120.08
26,38.87,3,South,67.75
19,93.31,3,North,148.38
47,43.16,5,West,84.07
42,45.1,5,East,104.89
9,35.33,5,East,75.17
43,37.72,5,North,100.28
46,46.03,4,North,100.43
24,20.64,5,West,95.03
56,49.73,7,North,120.09
39,44.56,9,South,133.88
21,74.89,4,East,119.55
1,64.66,3,West,73.55
41,41.14,4,North,108.64
13,45.45,3,North,105.71
46,49.71,9,South,116.54
32,98.93,9,South,199.43
29,39.29,6,South,122.05
10,40.94,5,East,89.5
43,34.76,3,West,79.16
10,30.18,3,West,62.25
26,61.73,6,East,126.54
51,59.21,8,West,134.22
56,91.2,6,South,139.1
60,82.81,8,North,181.82
58,142.43,2,East,170.3
34,53.01,5,South,113.92
13,49.19,4,North,102.48
51,32.46,8,East,103.44
49,72.14,4,West,99.55
60,57.25,5,West,102.27
40,70.85,7,South,132.42
9,34.62,4,North,100.41
31,62.84,6,East,119.71
27,59.27,5,East,129.9
51,57.72,6,South,100.2
24,41.54,3,North,92.44
20,87.86,6,East,157.75
5,123.98,10,South,192.96
51,35.02,3,East,85.05
46,72.83,3,East,99.58
3,17.27,6,North,88.26
27,71.34,2,South,98.66
29,25.84,7,East,105.35
29,44.26,7,South,106.93
56,32.29,6,East,95.79
10,50.09,4,North,96.54
19,76.36,9,West,165.62
11,25.97,2,North,62.72
15,47.29,1,South,57.28
55,44.46,2,West,81.94
57,102.76,8,East,151.31
3,64.89,3,North,93.01
38,34.09,6,South,112.91
14,45.22,6,South,95.06
12,101.74,3,South,123.65
18,72.66,4,North,153.22
12,37.82,3,East,77.07
30,49.07,6,West,95.6
60,49.7,8,East,133.98
36,44.03,5,East,99.18
44,27.55,6,West,84.19
30,41.64,3,North,97.86
1,95.17,5,North,120.31
6,46.88,4,East,93.98
17,52.39,6,North,147.6
15,57.76,7,South,90.59
51,132.59,3,East,187.78
51,54.79,5,North,121.1
52,84.57,4,West,115.85
39,42.98,7,South,113.69
34,49.22,3,South,99.58
39,54.87,8,South,128.83
25,40.06,4,South,79.43
41,50.33,5,South,100.79
48,77.88,4,North,139.4
46,39.64,1,East,80.02
37,54.6,5,East,126.38
4,72.49,7,South,102.23
44,39.26,4,North,105.85
22,84.62,9,West,151.26
45,56.21,1,West,80.91
33,51.11,8,North,149.14
53,24.45,2,North,69.48
21,47.02,7,East,106.61
56,63.35,5,South,101.16
51,109.74,6,North,180.05
20,68.52,5,South,106.57
29,85.67,5,North,140.58
32,33.66,4,West,81.67
47,51.9,9,North,139.11
42,88.97,2,North,130.56
52,38.28,6,East,110.25
23,80.33,3,South,109.71
31,73.21,4,North,138.92
26,60.94,8,South,145.24
55,47.87,4,South,88.72
19,36.8,7,North,127.13
36,111.07,4,West,135.8
8,70.3,4,South,127.32
52,62.57,5,North,135.98
24,46.29,6,West,95.39
21,55.43,5,South,119.11
35,58.32,8,North,133.72
30,64.07,4,West,86.45
51,73.24,4,North,121.99
32,39.93,9,West,97.92
32,30.37,2,West,46.56
7,56.47,5,West,99.93
2,27.14,5,East,79.31
24,47.97,4,East,93.63
60,44.54,7,South,128.63
56,66.47,6,West,105.58
38,120.67,3,North,184.95
38,25.08,7,South,82.51
24,135.6,6,North,205.02
11,49.74,4,North,96.97
1,62.75,5,East,100.78
21,31.0,8,West,99.66
19,81.35,5,North,137.03
12,55.51,4,East,97.4
16,53.27,4,West,80.56
2,25.15,1,North,39.8
37,56.23,6,East,99.28
56,76.58,5,East,134.25
42,49.67,7,West,132.0
27,87.33,2,South,110.27
26,85.9,7,East,161.39
19,42.25,5,North,121.18
9,103.34,12,South,177.4
36,55.6,7,South,112.9
34,55.7,3,East,106.48
1,56.8,8,North,134.21
25,56.13,5,North,134.14
17,19.07,3,North,61.74
11,50.69,4,East,117.2
43,31.64,3,East,78.85
32,104.64,1,South,128.07
39,102.97,5,East,159.18
43,76.77,6,South,147.57
59,49.63,6,West,134.37
49,36.48,5,North,108.48
38,41.97,6,East,96.78
53,118.75,3,East,162.99
29,41.39,3,West,86.81
60,21.28,6,East,83.07
46,82.44,5,East,123.52
40,99.5,6,West,165.8
55,106.03,5,North,184.76
31,82.71,3,West,119.06
44,88.29,4,West,143.84
18,55.77,4,South,96.86
58,23.8,5,East,70.77
38,55.21,2,East,109.22
47,70.01,4,West,110.76
28,51.72,8,North,164.96
53,50.79,4,West,74.05
5,37.13,7,South,95.76
7,36.57,4,North,73.8
31,113.89,5,South,173.2
44,115.55,7,North,203.47
49,54.54,9,South,123.03
27,61.11,2,East,122.63
39,36.88,6,South,77.42
34,70.6,5,South,129.04
58,110.37,7,East,181.17
40,29.62,5,East,97.39
26,65.73,4,East,129.73
59,67.74,5,East,129.3
7,67.43,3,North,114.51
60,105.33,7,North,167.82
10,123.27,4,South,143.52
18,49.73,3,South,83.75
50,71.47,4,West,126.13
45,56.47,4,North,125.59
59,42.4,5,West,95.36
45,60.84,7,North,110.38
39,71.42,5,South,106.98
21,59.55,3,South,102.53
1,38.38,6,West,70.28
8,45.36,10,North,129.26
18,45.5,4,West,95.01
3,38.98,8,South,96.88
31,61.89,4,North,105.94
47,64.54,8,West,124.13
58,80.79,7,East,152.75
30,38.74,6,East,114.86
53,43.34,1,East,70.9
60,101.68,6,North,183.1
52,51.12,8,East,101.44
28,55.26,5,South,107.49
20,50.9,8,West,95.58
59,85.9,5,North,140.88
15,87.25,9,North,178.32
25,85.22,5,North,145.48
5,55.18,4,South,76.99
48,38.51,5,North,99.14
39,117.93,5,South,181.18
6,76.9,8,East,147.06
14,45.48,5,North,106.76
34,96.5,4,North,135.29
33,44.07,4,North,85.55
49,95.99,5,South,137.95
16,98.62,3,North,140.31
56,37.77,6,East,136.59
27,68.9,2,North,109.01
50,74.65,4,East,121.23
15,155.39,5,West,183.82
3,40.57,7,West,75.15
4,96.84,2,North,149.27
23,54.98,7,South,115.97
58,33.23,8,East,89.12
3,52.04,11,North,146.96
23,54.65,5,West,108.54
7,35.75,7,East,105.72
56,61.86,6,East,121.49
41,80.09,5,North,130.3
46,60.06,7,East,131.07
43,43.96,5,East,104.67
40,51.45,3,West,81.34
47,54.5,3,North,102.32
1,59.56,3,West,83.1
52,85.11,2,East,113.74
45,60.87,7,East,147.1
45,31.15,4,North,106.03
24,43.6,5,West,107.2
49,58.35,4,North,109.09
23,85.6,4,South,129.46
3,91.76,6,North,139.05
55,111.04,3,North,154.34
15,57.53,3,North,126.8
7,74.09,8,West,138.28
38,30.51,5,East,94.42
15,64.84,7,North,155.77
52,35.51,3,West,87.64
27,53.25,3,West,84.01
1,183.45,7,West,193.34
58,61.65,4,East,84.17
31,38.65,6,South,85.91
16,64.27,10,North,173.37
41,44.4,5,West,91.95
32,37.18,4,North,110.44
2,126.63,3,South,148.58
46,83.66,5,South,132.75
25,62.69,5,East,113.65
42,46.68,7,East,123.22
54,48.22,7,North,152.82
37,101.19,5,West,148.79
41,61.72,3,North,97.93
16,15.91,3,South,31.72
15,143.79,9,South,207.29
25,58.75,5,South,107.43
52,62.64,2,West,75.44
32,84.32,5,West,143.6
21,65.77,6,East,120.4
47,73.61,6,East,142.9
52,46.09,4,North,121.17
55,33.38,3,North,74.77
18,61.07,7,East,124.59
43,96.8,5,North,151.02
36,42.14,5,East,109.9
27,40.8,4,South,105.15
24,88.98,4,South,135.66
7,45.47,1,South,66.18
17,46.33,6,North,113.01
33,47.03,1,South,84.51
54,53.2,13,East,148.42
52,29.09,8,South,79.82
12,44.0,2,North,94.62
41,59.87,8,South,136.84
6,59.7,3,East,102.44
41,86.76,3,West,126.76
21,113.95,2,West,121.82
27,99.98,7,West,143.03
44,78.72,5,West,137.05
26,51.44,4,East,91.48
49,42.55,5,West,89.72
33,54.99,6,North,117.49
60,69.01,7,West,144.1
39,75.85,5,South,110.47
18,70.05,4,North,133.26
47,52.01,2,East,81.91
25,74.79,1,North,124.63
33,90.41,10,East,182.52
9,77.64,7,North,147.8
8,53.9,6,East,123.01
35,39.11,5,North,133.28
12,38.74,7,North,66.48
60,41.58,4,North,103.52
52,60.51,4,South,101.04
43,67.22,8,South,149.14
45,31.01,4,North,108.74
36,44.63,7,East,97.68
4,60.18,4,North,105.97
24,38.1,7,South,97.02
30,64.95,5,North,139.36
55,48.28,6,South,122.41
14,40.88,7,North,102.21
30,55.77,5,East,114.5
21,63.87,4,West,91.39
9,38.88,5,North,77.85
7,49.55,1,South,80.35
22,65.83,3,North,132.99
5,40.25,3,South,55.9
5,28.13,6,East,93.85
22,29.53,3,East,62.46
13,46.19,4,South,95.69
34,32.22,4,North,84.98
2,47.51,2,South,66.68
19,106.27,5,North,164.4
28,31.46,9,East,87.3
58,48.76,13,West,142.04
39,128.11,6,West,174.13
53,64.28,9,East,132.1
21,47.13,7,South,104.95
27,51.28,5,West,113.1
26,64.83,6,North,137.49
54,107.59,2,East,136.8
58,44.15,3,East,75.61
58,40.32,8,North,119.01
46,31.45,5,North,101.22
31,56.9,8,East,129.69
33,31.12,5,East,80.29
59,45.35,7,North,118.59
18,37.96,6,North,98.51
21,83.9,6,North,170.75
54,44.55,6,South,121.57
24,63.99,7,South,128.91
15,28.74,4,South,77.16
34,57.55,3,West,111.99
20,33.74,4,South,91.9
54,46.05,5,North,105.83
55,132.22,10,East,217.49
19,79.27,4,South,116.88
32,51.86,6,East,127.57
60,196.29,3,South,195.77
45,37.86,3,West,42.93
13,87.02,5,North,148.67
36,29.58,1,North,79.62
38,49.52,9,East,139.06
40,31.85,6,East,88.3
2,60.52,3,South,66.19
18,55.83,4,South,92.38
52,48.28,3,West,64.37
15,84.51,4,West,103.23
18,43.52,6,West,104.65
20,62.22,4,East,106.5
11,75.81,8,West,123.23
10,30.17,4,North,71.75
21,40.47,4,East,85.33
53,55.79,6,West,112.62
1,70.25,5,North,124.5
17,96.4,4,South,118.72
4,50.08,6,East,100.68
34,48.11,5,South,124.83
16,38.51,3,North,80.68
48,62.3,4,North,128.87
36,48.48,1,West,70.24
48,48.93,6,East,113.77
39,52.59,6,East,127.28
27,68.08,7,West,131.41
52,43.58,7,North,132.13
29,40.09,2,East,69.24
57,64.89,8,South,128.98
60,16.28,3,East,77.91
36,42.89,7,North,113.27
41,34.45,2,East,80.87
16,88.35,4,East,142.95
49,45.77,5,South,109.02
41,43.63,5,East,96.9
55,53.55,7,West,111.61
17,43.03,2,West,72.64
48,46.48,2,West,68.33
29,56.76,4,West,88.76
12,46.12,2,East,71.82
11,45.98,3,South,92.71
34,36.45,5,North,91.16
20,34.41,5,West,85.47
7,55.94,7,West,107.04
26,61.72,6,North,156.41
40,30.84,6,North,132.75
20,73.99,8,South,128.94
58,74.12,3,East,126.69
47,80.63,3,North,128.0
31,61.56,3,North,123.64
57,70.45,5,East,114.23
26,130.84,4,North,190.24
9,48.39,1,West,83.37
3,35.94,7,East,78.17
57,29.56,2,North,93.81
58,110.2,6,West,166.94
45,110.78,5,East,180.13
7,37.72,8,North,115.4
18,40.82,1,East,74.72
3,47.96,6,East,106.77
4,89.09,6,West,149.56
15,32.63,3,South,69.37
35,24.86,4,North,95.1
4,129.93,5,South,163.57
60,61.86,6,North,121.44
28,65.48,11,North,160.45
16,50.3,6,North,107.18
31,65.78,9,East,154.48
48,29.79,4,South,77.34
19,39.0,2,South,68.77
3,56.94,5,East,104.65
4,22.01,3,West,35.89
52,48.38,6,South,107.32
7,47.2,5,North,113.36
39,48.37,3,East,97.68
24,43.8,6,North,130.23
47,36.66,3,North,74.26
4,26.34,9,South,93.55
54,57.85,5,West,106.96
42,48.42,3,South,96.25
27,31.5,7,East,88.91
13,55.98,5,North,109.09
59,48.52,7,West,95.73
19,45.4,5,North,105.79
30,23.04,3,North,107.1
24,71.74,5,West,115.02
14,33.34,3,South,57.36
25,56.0,8,West,106.67
10,39.52,5,North,88.9
1,46.74,6,South,86.45
18,86.57,6,North,161.18
7,67.54,7,North,139.27
25,85.8,4,East,144.04
52,62.31,5,West,123.51
10,63.97,5,West,109.02
1,26.78,3,West,58.49
7,48.09,4,North,129.14
31,49.9,3,West,93.38
17,89.07,6,South,140.45
30,44.59,3,South,87.42
2,60.7,5,North,106.12
20,59.76,5,North,114.3
25,86.75,5,North,134.16
26,51.75,4,North,146.88
34,76.03,5,South,118.58
47,27.61,5,North,108.9
29,28.63,4,West,75.26
51,21.9,4,South,72.22
32,74.77,7,West,137.43
16,71.48,7,South,130.88
14,78.16,4,East,97.0
20,41.64,3,West,79.12
36,43.58,2,South,89.19
15,52.02,4,South,101.09
55,97.27,6,North,156.86
29,107.5,5,East,168.69
52,75.0,11,West,146.96
41,62.33,2,West,57.15
21,93.14,9,North,158.35
14,49.29,3,South,63.27
45,46.69,7,South,132.79
20,51.85,5,West,99.25
15,36.91,2,West,41.53
56,50.91,10,North,160.04
29,34.92,8,West,114.88
3,82.27,4,South,118.23
30,67.86,4,West,110.08
28,96.72,8,North,183.91
52,28.45,6,South,80.05
43,116.83,7,North,197.64
12,29.11,6,North,98.17
10,33.81,8,South,72.85
37,42.59,6,West,90.96
3,92.12,5,North,140.24
20,59.75,4,West,79.33
9,49.52,7,South,99.9
2,39.76,6,South,72.64
56,31.49,3,North,69.28
6,85.89,9,East,165.07
1,75.15,6,East,124.36
56,93.78,4,East,136.18
12,63.99,5,South,118.77
49,18.98,5,South,94.76
2,33.19,7,East,75.35
10,65.76,7,South,134.83
7,47.09,8,South,116.83
43,43.66,3,North,110.86
38,35.12,6,West,109.67
29,79.76,4,East,158.0
15,65.53,4,South,114.59
6,66.72,4,North,122.86
35,42.38,1,West,64.98
14,58.59,4,West,86.73
36,31.97,10,East,133.96
42,51.84,4,South,92.18
51,19.86,4,South,87.75
30,29.16,4,East,78.01
1,47.99,3,West,91.51
17,141.18,8,North,221.99
52,26.57,5,East,87.69
32,33.2,7,South,86.88
38,59.54,6,West,98.78
28,110.8,2,North,163.4
10,59.2,4,East,117.82
54,72.3,4,East,105.8
47,47.7,5,North,128.46
60,44.51,5,West,100.81
52,56.42,3,West,110.08
18,41.96,6,South,108.57
16,72.95,5,East,133.09
15,28.72,4,East,81.06
56,77.94,5,West,129.78
34,55.46,7,North,133.95
28,50.1,6,West,97.94
59,28.3,3,East,76.31
37,36.9,1,South,60.25
55,88.19,5,West,128.64
60,50.23,5,North,131.05
5,61.03,4,East,87.3
22,38.4,5,South,91.35
45,53.97,5,North,106.15
49,31.54,2,South,66.86
9,56.82,10,North,159.65
20,63.32,7,East,130.93
33,62.07,5,North,117.38
48,38.04,5,North,106.88
7,47.62,3,East,78.51
37,67.69,5,East,119.67
18,50.17,6,South,110.77
13,48.67,8,West,102.73
31,116.91,7,West,173.62
25,37.32,4,North,92.8
39,84.11,4,North,153.2
20,34.4,6,East,118.49
50,70.95,3,East,111.29
5,72.48,8,North,141.97
52,44.52,4,South,96.71
2,33.55,4,West,61.83
45,24.82,3,West,71.55
21,42.69,4,West,95.02
24,67.39,5,South,103.37
2,35.48,6,South,84.04
43,56.76,4,East,112.26
10,30.25,4,North,102.86
40,49.72,6,North,126.46
44,34.51,4,East,79.45
51,52.92,5,South,124.25
43,44.68,6,East,125.86
19,33.91,5,North,114.33
45,41.95,5,North,128.96
50,37.57,5,West,78.41
20,32.28,3,South,62.68
8,84.19,2,West,105.76
54,47.27,5,East,106.2
9,22.63,5,South,53.76
36,42.55,7,West,103.33
15,78.72,6,North,156.03
8,40.26,6,North,76.5
47,99.39,3,North,160.01
9,38.76,9,South,85.93
41,66.78,3,West,101.2
42,82.65,2,West,109.03
4,65.37,5,West,90.29
11,31.51,12,East,125.06
48,37.45,5,West,107.47
31,87.18,6,North,154.56
8,39.57,5,West,79.22
60,80.66,4,North,141.58
16,45.97,8,North,127.92
1,57.78,5,South,88.7
56,31.36,7,North,101.24
1,42.81,7,North,101.52
34,38.47,5,South,116.1
60,59.75,3,South,112.78
35,56.67,5,West,99.26
36,65.7,9,North,177.11
24,44.87,1,West,50.29
8,37.63,5,North,96.53
35,58.74,3,South,79.77
54,36.17,4,North,119.09
6,84.05,3,North,112.54
53,52.15,6,South,123.11
25,47.92,5,South,113.92
33,65.68,6,North,151.76
10,52.96,7,South,106.4
38,28.13,5,North,71.87
11,35.71,8,East,105.99
17,83.35,8,West,137.46
44,56.46,6,South,113.66
4,27.87,4,East,58.87
27,62.86,3,North,106.84
36,43.65,5,North,98.54
8,38.48,2,West,61.34
18,34.54,7,South,93.84
21,81.45,5,East,124.29
40,24.87,7,East,87.49
59,39.06,5,South,85.8
51,57.29,6,North,110.24
12,102.65,3,West,122.83
2,68.14,3,South,86.71
4,38.92,4,North,70.2
36,100.66,2,West,129.26
10,31.75,6,South,76.85
14,60.71,4,East,110.65
51,66.36,5,South,134.18
53,38.38,6,North,109.02
51,72.17,3,South,128.42
16,44.45,6,South,96.17
38,72.1,4,East,132.0
37,26.16,11,North,141.03
12,62.43,6,East,103.18
34,46.3,7,West,109.47
32,86.48,6,North,161.27
24,53.65,6,West,118.05
46,89.99,6,North,161.42
41,66.89,5,North,134.62
32,51.88,4,East,92.12
44,74.82,8,North,162.68
46,75.01,5,East,117.7
35,65.94,5,North,132.79
17,21.83,8,South,93.83
46,36.85,2,East,97.58
44,94.98,6,North,143.01
60,33.04,5,South,101.09
9,77.71,4,West,121.45
26,72.43,4,North,132.62
56,40.84,6,West,104.31
31,24.58,1,South,52.35
57,43.49,4,North,91.76
1,125.36,4,South,163.49
3,38.66,6,West,79.34
48,39.74,6,North,122.03
22,36.63,6,North,87.16
32,88.76,6,South,146.54
26,49.54,6,South,94.87
25,42.51,4,South,112.1
57,96.1,7,East,167.84
6,68.84,5,East,119.58
47,37.8,5,North,90.88
54,33.47,6,East,110.85
40,86.77,4,West,127.94
24,54.97,6,East,131.81
10,29.38,5,South,83.52
41,26.76,4,East,101.45
29,34.94,7,South,100.46
9,33.26,8,West,100.94
22,24.08,6,South,85.62
58,35.17,6,East,88.18
16,37.8,8,North,124.41
11,45.37,5,South,76.76
41,107.46,4,South,153.56
12,49.07,6,West,86.0
56,51.06,2,South,83.66
52,66.93,3,South,94.53
60,49.65,9,South,148.82
55,64.08,5,West,102.81
15,61.08,4,East,104.08
13,57.34,5,East,103.86
21,165.11,4,North,214.45
29,78.61,9,West,137.16
53,35.42,2,North,87.07
45,63.31,1,East,99.24
39,39.78,2,West,74.36
53,65.27,4,North,143.5
39,31.5,3,West,78.28
23,35.05,4,South,106.81
25,62.65,5,South,115.91
32,81.37,5,North,146.6
6,66.76,3,East,86.22
45,76.83,4,North,131.28
40,63.4,5,South,118.67
44,58.5,5,West,104.88
33,44.64,9,East,145.49
47,75.58,7,South,138.8
57,82.27,7,North,148.51
35,53.24,6,East,104.54
27,52.1,3,East,122.3
7,103.19,3,North,146.75
47,54.15,8,East,120.71
55,56.28,6,East,142.58
42,66.27,6,West,116.16
52,52.5,7,South,98.71
52,39.33,9,South,107.08
48,63.51,4,South,108.04
31,53.76,4,South,98.11
6,114.08,7,South,162.87
1,74.84,5,East,137.65
13,43.03,6,North,105.92
26,73.09,6,East,136.07
45,61.75,4,West,95.6
28,92.18,5,West,138.23
2,44.27,9,South,136.14
13,58.88,6,East,97.65
59,52.48,7,West,88.11
60,55.89,3,West,78.91
23,38.32,1,North,68.68
49,68.74,6,West,124.49
44,64.53,5,South,130.99
56,91.29,8,South,161.7
54,54.38,7,East,132.69
38,46.31,8,West,115.11
24,74.87,3,North,125.25
38,39.74,4,North,106.81
20,84.27,3,North,118.3
21,84.2,3,East,153.59
37,90.28,5,West,133.15
35,63.48,6,East,121.57
35,44.94,10,South,119.51
24,57.04,3,South,98.21
25,63.56,3,North,124.28
1,43.64,4,South,75.59
37,93.06,6,South,149.42
35,68.86,3,North,116.89
57,38.21,8,South,112.69
31,115.95,5,West,181.59
29,56.77,6,South,111.39
5,35.25,4,South,83.45
12,39.17,6,North,101.43
21,99.0,5,South,145.29
23,113.29,5,East,177.73
22,81.76,6,East,112.87
24,92.55,5,South,150.87
47,88.82,2,East,115.77
8,68.22,2,South,89.29
20,62.28,6,East,126.09
10,67.76,4,West,113.3
19,73.29,5,East,128.03
42,40.58,3,West,82.67
3,73.17,5,South,95.44
21,97.85,6,West,132.69
2,50.27,3,South,77.46
58,48.17,2,North,106.48
44,66.06,2,East,119.26
15,42.1,5,West,89.79
12,32.24,7,South,82.75
6,86.41,5,South,123.69
29,45.59,3,East,86.97
46,55.0,4,West,86.52
36,42.77,3,South,77.03
53,90.99,6,East,135.1
21,76.81,9,North,152.8
17,49.59,3,South,67.72
29,34.06,2,East,86.08
13,47.52,2,North,74.0
59,68.58,3,East,105.2
12,58.88,4,East,94.34
29,57.03,3,South,104.68
32,59.42,8,West,128.61
4,73.96,10,North,157.23
29,53.69,6,South,93.12
28,65.37,2,South,101.99
16,36.79,1,South,56.28
8,151.64,5,South,170.76
3,48.74,6,West,83.35
1,59.23,5,East,90.66
29,68.48,6,North,115.54
6,46.33,8,South,109.98
58,54.77,9,West,108.66
15,54.5,1,North,110.74
40,37.88,3,North,73.55
41,65.07,4,North,136.04
30,28.23,3,South,70.79
54,110.07,8,West,191.93
7,74.98,3,West,77.04
15,70.5,3,North,132.22
16,27.26,5,North,103.93
9,39.77,5,West,76.56
18,95.18,4,East,152.69
19,287.29,6,North,322.94
46,88.05,9,North,182.7
19,82.66,7,South,133.44
53,67.36,6,East,129.72
47,38.9,5,South,103.13
55,81.29,4,South,122.77
7,35.15,5,North,84.89
60,33.64,9,North,124.16
37,32.81,7,South,97.32
59,80.66,3,South,118.91
22,53.36,4,West,100.95
58,56.85,5,South,111.94
36,54.26,8,South,135.12
5,34.8,8,North,108.56
25,41.75,3,North,76.75
9,42.6,5,West,78.91
57,31.12,6,North,117.54
19,44.63,11,East,159.78
14,35.43,5,North,71.01
34,68.79,3,North,121.29
26,71.12,8,South,149.79
6,32.54,4,West,58.76
49,48.49,7,South,97.46
51,114.71,5,East,163.94
45,36.88,7,South,106.37
38,64.76,8,East,146.06
25,56.95,7,South,96.61
33,84.53,4,North,152.07
32,61.45,8,North,155.75
10,45.95,4,North,98.58
5,56.08,5,South,84.63
16,56.4,7,East,139.19
28,52.63,4,West,91.34
10,32.21,2,North,75.86
7,89.77,6,East,140.79
52,83.64,6,East,154.23
23,35.96,5,North,105.81
36,48.41,5,South,104.08
32,49.9,5,East,108.4
45,34.38,4,West,62.87
45,25.88,7,West,71.15
18,41.75,2,East,88.0
51,47.34,2,North,99.11
23,30.68,3,South,74.71
51,58.6,3,East,116.79
25,86.93,5,West,130.3
7,76.47,8,West,138.14
46,51.9,4,East,93.7
2,26.15,5,North,103.09
47,72.7,4,South,146.4
3,57.89,3,West,89.72
13,64.7,2,West,100.67
37,118.44,7,North,193.11
57,39.25,5,East,112.97
25,17.29,4,East,69.63
8,35.82,4,South,88.63
14,66.32,7,North,120.05
54,55.19,6,North,117.78
44,33.57,5,West,100.94
7,30.94,8,East,89.7
24,47.38,5,East,108.28
16,33.17,6,West,61.92
11,67.24,4,South,107.65
51,46.31,13,East,142.54
38,42.49,4,West,75.46
11,40.31,6,West,78.53
40,60.66,4,West,94.45
25,55.54,3,East,101.39
4,59.19,10,East,129.19
27,58.68,3,West,78.92
12,53.04,6,North,126.56
15,36.12,3,South,64.03
53,40.77,8,South,114.89
43,46.62,7,East,133.54
9,124.72,5,North,164.98
52,31.83,5,South,98.63
35,46.17,8,North,125.18
53,56.79,2,East,105.82
45,48.36,1,East,68.56
21,83.9,6,West,137.13
33,48.26,4,South,78.02
32,49.71,6,West,99.28
44,75.63,4,West,106.56
15,112.65,4,East,156.45
20,95.87,5,East,148.28
15,51.69,4,South,95.05
18,53.53,4,West,97.59
10,55.63,3,East,88.76
3,57.9,4,South,107.5
57,38.9,5,East,85.62
5,79.41,7,North,139.47
54,59.3,8,East,137.07
1,53.63,2,South,77.5
47,32.84,5,South,92.55
20,55.98,3,South,93.33
32,25.6,3,East,76.15
17,43.26,4,West,83.24
30,43.59,4,South,96.66
28,61.24,3,South,102.54
32,115.81,7,East,180.23
24,68.63,4,South,109.81
33,97.45,2,West,129.05
50,70.67,7,North,159.45
27,85.63,5,South,117.5
22,114.76,5,South,173.11
8,40.74,7,East,101.24
22,39.69,7,North,119.92
8,71.34,3,North,124.7
11,54.52,6,North,131.9
58,59.63,5,West,101.65
6,49.43,3,West,85.83
29,43.01,5,South,99.97
51,104.41,9,West,159.67
58,35.17,5,North,97.58
9,71.85,6,East,132.34
10,67.34,7,North,136.17
23,29.03,3,North,67.74
34,39.16,7,West,118.41
58,41.88,3,East,102.02
13,68.43,3,East,113.5
10,47.14,3,South,75.51
16,52.76,5,West,105.98
53,30.48,4,East,68.6
2,138.43,7,North,177.22
23,56.18,4,West,96.49
8,66.66,3,North,108.24
10,43.98,13,West,131.61
56,42.05,3,West,52.75
1,117.34,6,East,158.53
20,25.36,3,South,41.25
55,61.04,10,East,154.29
37,33.63,6,North,84.98
5,46.43,4,South,93.36
28,42.3,7,South,114.41
59,36.8,4,North,106.92
25,55.38,5,East,114.6
32,19.55,3,South,74.23
32,48.13,4,West,104.73
40,52.66,4,West,77.52
12,31.7,5,South,56.21
51,100.01,4,North,169.28
60,43.04,4,South,84.9
9,49.65,6,North,109.82
50,43.08,3,West,87.63
50,52.85,6,North,144.16
45,92.14,5,West,144.76
23,146.82,8,North,237.6
29,73.57,3,North,132.8
51,84.37,3,South,113.93
10,108.48,6,North,176.8
50,60.31,2,East,77.24
56,102.32,4,North,175.37
41,74.96,5,West,115.9
21,57.84,4,North,127.67
34,62.81,8,North,145.12
4,26.35,5,East,54.47
56,61.37,5,North,135.15
21,29.44,4,East,87.94
4,28.5,4,South,53.69
48,58.98,4,North,130.71
40,34.97,4,East,92.92
38,54.44,2,East,89.63
4,57.71,7,North,127.47
46,58.75,5,South,112.77
39,38.03,5,West,83.59
48,78.22,4,South,126.54
50,52.68,9,East,131.98
13,65.13,7,South,113.97
13,33.83,4,North,74.45
56,50.84,2,East,96.02
32,84.68,5,North,142.86
27,80.49,4,West,126.19
18,39.69,3,South,78.8
39,43.89,7,North,127.19
46,36.76,4,East,102.66
1,41.99,5,East,83.23
34,31.2,2,West,57.55
60,51.66,5,South,107.36
17,70.33,8,North,156.55
17,39.88,2,North,94.51
53,52.65,5,North,116.98
4,49.99,7,North,144.81
24,83.27,5,North,136.46
28,42.75,5,North,109.18
48,43.38,3,North,100.72
8,38.92,10,North,135.36
27,34.64,6,West,98.53
10,67.47,9,East,158.76
48,51.73,3,East,110.09
38,55.81,6,East,120.66
30,90.91,6,South,160.93
24,93.02,7,North,169.44
10,28.26,6,South,66.35
56,70.75,9,North,181.92
39,59.76,7,North,140.12
20,45.39,7,East,102.35
25,62.24,7,North,165.12
44,27.37,3,South,78.88
44,98.01,4,South,149.11
28,67.09,8,West,115.09
19,38.63,4,South,101.24
40,43.2,6,West,82.18
40,27.63,4,South,98.89
36,48.15,9,East,123.82
5,45.01,6,South,75.79
29,32.14,7,South,118.45
37,74.49,4,East,102.2
58,90.99,3,North,150.3
32,54.0,5,North,114.78
21,48.31,4,North,127.98
34,64.97,8,North,145.09
11,54.17,3,North,103.52
6,35.41,7,North,82.31
41,42.05,4,West,88.15
60,48.49,7,East,137.44
51,60.3,7,East,155.19
36,54.8,3,West,109.39
3,59.39,6,East,128.65
60,29.67,3,South,76.42
27,71.24,5,North,137.53
18,54.67,8,East,120.87
54,151.58,5,South,182.15
45,46.76,7,East,125.25
45,62.14,4,North,130.55
17,169.3,3,West,192.39
60,59.01,4,North,131.29
28,53.14,7,North,120.49
32,36.79,6,South,96.36
46,100.62,7,North,188.65
40,34.34,2,North,70.77
11,64.77,4,South,92.89
19,45.18,1,West,77.46
22,50.62,6,South,98.38
57,30.89,6,North,107.29
43,93.43,9,North,165.65
22,48.86,4,North,101.43
45,33.58,6,West,120.91
45,90.11,5,West,125.01
24,44.63,3,West,88.36
25,62.42,4,West,109.1
54,76.44,4,East,120.0
34,66.0,5,West,119.65
9,22.68,6,North,60.07
44,72.11,2,East,133.59
36,52.44,6,South,104.92
31,47.87,3,North,91.41
44,52.27,4,East,94.31
55,28.67,8,East,91.22
20,58.96,8,North,139.7
26,31.63,9,West,112.32
12,48.7,5,North,100.82
39,58.12,3,East,100.14
25,83.9,9,East,181.06
21,39.34,4,South,81.41
42,97.58,3,North,157.44
25,79.74,3,East,101.28
28,45.98,9,West,125.3
27,35.04,3,North,92.63
16,30.65,3,South,67.94
8,60.87,4,West,70.76
50,40.65,6,South,105.35
6,88.21,5,North,141.6
20,41.6,6,West,101.62
41,38.08,7,North,136.9
8,59.95,6,West,84.02
40,41.5,6,North,119.0
44,54.79,6,North,121.15
40,81.0,5,South,153.91
19,57.22,6,West,105.31
2,57.3,7,West,114.69
54,59.27,5,North,118.44
20,27.74,8,North,110.71
49,63.86,4,North,105.2
12,58.21,6,East,122.52
10,78.04,1,South,73.48
47,69.57,4,West,110.8
57,50.36,7,South,126.52
52,82.51,5,North,151.26
46,48.57,5,North,92.55
15,60.27,5,East,107.18
55,48.21,6,East,128.44
41,65.67,2,North,121.93
11,46.97,2,North,85.11
8,105.53,5,West,123.99
53,122.36,4,North,183.52
17,77.45,6,East,129.06
46,101.14,3,North,142.1
9,29.5,5,South,70.86
17,30.92,4,North,98.59
18,48.01,6,North,110.75
17,55.51,5,West,98.24
41,50.44,4,North,110.07
55,28.31,4,East,69.23
55,86.54,7,North,160.36
45,129.24,5,North,191.31
13,91.14,5,West,128.98
58,84.29,4,East,147.18
33,59.77,4,West,104.63
33,38.97,4,North,90.93
43,56.21,6,East,128.22
47,126.75,3,South,153.98
58,47.43,4,South,84.92
35,45.51,8,East,143.15
37,85.02,8,East,162.59
45,87.31,5,South,135.35
16,38.89,4,South,75.42
19,49.18,4,East,109.23
38,44.67,2,South,98.96
4,56.14,3,South,94.28
20,84.9,6,East,154.43
44,39.58,5,North,114.96
59,84.43,4,East,115.99
32,56.86,2,West,82.32
24,138.45,2,South,172.7
27,62.02,6,North,130.5
42,52.52,3,South,85.28
33,68.71,3,North,121.26
2,47.71,3,South,58.32
33,26.63,6,East,72.21
25,49.59,3,West,84.72
43,49.28,4,South,103.59
53,28.88,4,West,75.6
58,53.03,5,West,125.08
37,23.88,5,West,86.33
22,47.51,3,North,108.67
27,60.19,5,East,129.47
11,56.76,5,North,89.54
57,46.32,4,North,88.87
51,52.76,6,West,112.31
52,39.9,7,South,123.52
20,54.83,7,North,111.7
20,55.88,3,North,89.3
52,38.09,9,East,131.31
33,60.77,6,West,115.0
43,60.62,4,North,124.85
30,51.09,3,North,102.22
27,143.8,4,East,176.78
38,51.61,4,North,108.59
49,48.83,2,South,83.24
21,46.11,5,East,85.99
49,37.03,7,North,102.17
15,71.83,5,South,111.54
25,41.49,7,North,144.35
55,43.5,5,West,79.8
58,44.02,4,West,89.81
56,36.82,3,East,82.54
19,27.1,5,West,61.49
51,45.37,4,East,94.71
57,77.43,4,East,127.89
59,59.07,3,South,103.68
2,101.92,1,North,118.81
45,73.73,9,West,155.47
60,67.33,7,West,120.41
46,115.94,8,South,168.38
14,52.52,4,North,130.57
46,55.99,2,West,87.17
7,54.35,9,South,107.36
29,101.24,5,East,171.57
38,54.65,6,South,94.72
28,42.13,5,South,100.53
42,69.07,2,South,82.55
15,39.39,6,East,71.79
37,67.59,5,South,112.47
39,64.43,8,East,123.09
39,50.61,9,West,146.75
18,68.47,7,South,120.99
19,30.11,9,North,116.1
16,58.28,9,West,123.17
28,45.37,8,South,118.37
36,171.56,4,East,213.44
22,58.11,5,East,124.68
25,43.01,2,West,86.54
18,31.46,4,South,74.81
14,92.03,5,North,152.2
40,47.46,4,West,105.16
49,39.78,5,North,107.43
18,62.46,7,West,112.67
52,70.8,6,South,122.22
35,70.36,3,East,105.19
11,55.03,7,South,114.47
22,58.19,5,East,131.57
1,59.91,2,South,71.98
3,62.46,7,West,113.16
21,64.71,3,North,130.48
28,84.59,5,South,152.26
48,55.84,7,East,136.24
9,39.38,2,East,73.78
51,51.54,8,West,112.97
15,73.81,6,North,130.69
9,26.72,4,South,67.57
42,26.78,8,South,106.98
47,78.83,3,North,113.09
37,100.29,6,East,169.18
7,32.91,7,West,68.68
7,56.84,4,South,100.89
24,46.53,4,North,107.92
28,49.19,6,East,119.78
60,61.7,3,South,113.14
18,32.55,5,East,94.48
12,35.06,6,West,75.46
57,48.4,2,South,102.57
10,51.51,4,West,80.87
2,34.8,6,South,69.81
26,74.88,4,East,131.17
25,46.2,2,North,88.38
38,46.12,4,West,74.22
53,61.13,6,South,112.36
56,51.85,6,East,116.92
18,76.32,5,South,114.74
59,37.59,3,East,82.25
38,31.22,8,East,83.89
5,48.24,6,East,113.62
57,55.93,4,North,119.5
9,33.24,6,North,88.73
36,31.34,4,North,112.22
48,58.73,10,West,119.97
15,40.32,4,East,75.56
17,30.54,5,East,79.91
29,80.33,2,North,119.97
54,42.41,6,West,92.68
14,86.48,3,East,129.28
40,55.22,5,East,125.0
28,61.43,6,East,137.63
7,50.17,4,East,106.41
43,18.88,8,North,100.51
50,34.65,8,East,118.48
35,51.92,6,South,103.18
11,63.17,5,North,111.64
10,26.69,6,West,54.92
26,53.44,4,West,114.81
31,34.85,8,West,118.81
34,59.97,2,East,127.73
15,54.18,7,North,137.61
31,73.51,5,West,125.81
18,83.66,5,South,124.2
42,65.6,4,North,141.12
48,77.03,4,West,122.79
40,47.46,4,North,95.76
1,168.89,5,West,189.29
60,33.53,5,East,78.33
2,44.21,5,North,100.83
60,78.3,3,East,134.01
2,73.78,5,East,109.22
31,66.35,1,South,86.0
7,71.53,5,East,138.52
6,23.73,8,South,87.71
42,103.1,5,West,154.2
44,50.32,7,East,125.87
8,89.87,5,South,139.41
59,24.21,4,West,78.95
20,60.5,7,North,135.09
20,43.58,4,North,84.58
18,68.64,8,South,127.6
28,61.98,2,West,93.33
11,63.21,3,West,101.92
26,35.75,3,East,103.26
13,53.37,3,North,98.75
4,50.8,8,West,125.29
23,66.56,3,North,127.94
41,81.1,5,West,130.42
46,57.99,8,North,148.13
22,32.77,6,North,117.88
20,57.0,4,North,117.69
48,155.16,7,West,207.04
41,105.47,5,East,171.0
50,16.61,4,West,77.6
55,56.0,4,North,119.52
50,79.27,5,South,130.32
57,50.76,6,West,96.64
25,45.42,7,East,113.37
24,49.07,4,South,111.81
20,68.09,6,West,119.58
15,34.49,5,South,94.61
45,87.84,5,South,130.58
43,53.39,8,North,144.29
49,37.56,4,North,109.41
11,85.6,3,West,129.38
30,29.43,5,North,78.04
14,43.72,8,West,115.96
54,43.44,3,South,88.17
17,128.71,5,North,185.69
9,41.51,1,East,43.02
35,23.06,3,North,65.66
53,43.26,8,South,122.75
55,65.51,8,West,149.38
6,74.71,9,East,144.16
20,135.72,4,West,185.7
10,95.85,8,South,118.59
19,58.86,3,East,81.6
33,38.22,5,South,72.82
17,104.54,6,North,181.76
5,47.11,8,North,126.2
31,41.96,2,West,74.29
4,46.21,3,East,89.61
14,33.09,5,East,83.09
1,45.33,6,North,118.41
6,49.74,5,North,124.23
27,73.13,5,South,104.33
52,46.75,3,West,93.3
47,32.88,9,West,116.47
6,28.75,3,North,60.31
3,59.37,6,North,99.32
21,56.21,3,South,94.32
40,43.74,3,East,95.39
45,45.29,6,North,129.26
50,63.78,3,South,121.18
21,95.22,5,South,143.68
11,39.96,6,West,88.5
2,56.57,4,North,130.92
9,80.1,5,South,123.44
4,40.03,5,North,87.69
52,54.26,4,East,115.8
17,53.77,3,East,89.61
50,32.31,6,South,89.03
34,58.4,6,South,105.45
33,55.29,2,North,109.93
28,68.17,3,East,130.82
50,33.96,9,East,124.76
3,54.82,6,North,121.62
6,94.89,7,North,166.54
26,125.34,4,East,189.16
24,91.11,6,East,143.66
33,34.1,3,North,86.07
45,65.39,8,East,145.87
36,45.0,4,East,99.31
16,61.16,7,East,115.96
20,40.09,4,North,104.14
46,27.51,3,North,62.12
13,47.57,8,South,123.68
31,72.9,4,East,114.52
33,61.26,4,South,84.77
46,64.15,5,East,134.56
43,59.53,9,South,138.45
28,64.19,5,North,138.5
19,67.48,9,East,167.39
23,48.92,5,East,119.66
25,56.44,5,North,140.86
14,109.65,2,East,141.86
38,57.79,7,South,149.92
13,55.54,3,East,99.61
39,56.89,5,North,109.32
46,50.04,2,East,72.83
58,45.87,4,South,105.25
8,59.35,4,West,78.54
46,44.6,2,South,83.96
6,51.51,5,East,104.07
21,39.8,3,East,81.9
11,57.01,3,West,70.02
10,68.97,4,South,91.04
11,50.16,4,East,89.53
3,24.45,8,West,83.58
50,69.14,7,North,133.9
4,57.29,3,South,108.15
24,36.7,3,West,82.15
42,74.39,6,East,142.3
60,31.21,2,West,63.94
52,82.94,7,East,152.49
9,53.36,8,East,123.26
60,22.03,6,North,102.17
40,58.64,9,East,157.93
11,46.41,4,South,100.63
27,43.7,2,East,88.75
56,40.65,3,South,75.82
24,51.89,6,East,106.71
12,44.97,9,North,129.71
53,25.98,3,South,68.41
58,90.82,4,South,142.82
59,49.51,2,South,107.02
58,40.74,5,East,105.43
53,34.77,7,West,89.95
28,74.31,3,South,99.6
12,32.48,6,West,78.81
38,57.6,6,East,125.8
14,43.23,1,East,60.0
29,44.25,5,North,114.53
40,35.11,4,North,115.45
57,42.6,4,West,81.77
18,54.79,2,East,89.24
16,59.99,2,West,93.83
45,39.88,3,South,102.54
1,52.65,5,South,97.18
34,77.9,7,East,129.52
45,28.08,3,North,105.41
34,54.46,1,West,71.84
24,37.33,11,West,118.47
50,35.84,4,West,65.11
23,60.61,4,West,96.29
43,43.9,7,South,114.85
28,33.56,11,North,126.86
2,92.73,7,East,140.42
32,78.89,6,East,122.72
3,25.21,8,East,95.37
56,30.27,4,East,80.43
37,69.23,2,East,111.53
23,48.72,6,North,116.68
30,99.51,2,East,138.27
38,69.86,4,West,101.7
16,61.55,2,East,81.9
18,36.28,6,North,109.49
26,66.46,6,East,145.51
16,32.78,3,North,64.79
46,92.03,2,South,110.94
7,64.64,5,West,110.82
50,39.25,6,West,96.02
21,75.33,4,East,125.49
34,133.84,5,North,220.16
10,50.05,7,South,100.47
24,68.04,2,North,105.7
46,45.94,7,South,102.32
17,56.49,7,South,129.55
8,29.88,9,North,91.21
32,54.59,7,North,123.05
10,55.56,4,West,81.4
19,112.12,4,East,136.42
28,26.63,3,North,75.04
34,48.8,1,South,92.77
39,91.4,9,West,148.25
41,49.57,7,West,88.34
51,50.98,8,North,137.59
4,39.12,6,West,53.08
22,37.6,4,South,100.44
1,26.3,5,East,62.84
1,42.45,5,North,86.84
13,36.75,7,East,98.29
36,57.24,4,South,113.5
54,39.84,1,South,64.33
47,45.07,5,West,65.97
39,45.56,8,East,112.32
47,53.56,8,North,147.85
11,44.19,8,West,86.66
51,35.7,4,North,94.17
54,56.5,2,South,91.9
6,83.68,3,North,112.87
29,57.48,7,East,132.04
50,42.78,6,West,89.8
29,51.97,4,East,124.23
51,24.04,4,South,86.71
57,51.64,3,West,87.54
29,46.52,3,West,102.09
4,37.59,9,West,98.98
21,40.41,5,North,111.71
13,46.34,3,East,91.74
29,81.21,3,North,137.99
36,84.51,4,North,152.46
28,37.67,6,North,117.24
12,44.38,8,South,111.55
19,44.83,5,East,121.77
41,75.48,3,East,138.44
2,57.87,5,East,84.67
13,56.66,3,North,103.78
54,67.66,2,South,100.29
6,43.01,5,East,66.41
25,94.21,5,North,179.24
13,54.56,5,North,102.95
7,38.77,5,East,96.15
26,49.81,7,North,112.69
32,89.37,7,West,143.48
11,46.06,4,North,95.16
5,79.82,3,South,113.44
9,42.52,5,South,86.82
40,40.19,4,North,114.24
52,71.08,5,East,129.75
11,38.49,4,South,70.39
20,75.87,7,East,131.2
21,62.84,4,North,131.93
22,38.5,4,South,74.15
15,53.06,2,East,84.88
4,43.84,3,West,51.4
32,62.78,3,North,119.43
22,116.18,4,West,157.34
21,47.07,6,East,107.49
16,67.59,4,North,99.89
56,55.13,7,West,125.22
37,55.13,4,North,112.44
26,51.11,4,West,117.12
13,38.75,3,South,78.54
49,62.43,7,South,138.47
54,48.64,7,North,105.28
2,38.02,10,East,103.5
56,81.91,6,South,146.2
42,56.8,8,East,132.94
6,49.84,4,East,69.69
46,93.32,6,North,150.24
7,26.19,4,North,78.68
4,90.84,1,South,99.61
7,38.39,7,South,68.01
28,59.42,8,South,149.7
38,43.15,4,North,106.95
25,37.74,5,West,98.96
8,92.35,6,North,165.75
12,114.72,5,East,149.51
52,49.97,4,West,94.94
58,62.44,5,East,114.66
46,55.86,3,West,102.2
7,109.09,5,South,154.05
50,23.45,4,North,80.84
42,63.49,9,East,136.59
32,40.82,2,South,66.08
9,21.28,5,East,78.5
60,47.27,5,North,112.07
27,114.34,3,East,140.5
3,42.0,3,North,88.21
13,74.91,1,North,94.72
25,88.19,6,West,128.51
4,54.32,5,South,89.15
20,57.29,5,North,124.87
29,27.48,6,North,107.58
57,41.0,8,East,124.11
6,78.48,3,West,86.3
35,55.94,5,South,120.09
55,63.24,5,East,119.45
49,57.59,3,East,112.34
56,131.21,5,North,186.56
11,45.96,3,West,52.46
49,103.77,4,East,169.07
59,57.59,2,North,92.71
20,107.52,3,South,131.2
30,33.45,5,East,104.37
32,58.78,3,West,105.23
30,46.64,6,East,118.62
18,57.73,6,West,80.4
59,89.03,5,West,126.13
58,63.53,3,South,100.44
23,88.96,4,North,137.98
49,41.76,10,North,130.68
24,39.29,6,South,113.02
48,54.95,4,South,114.17
36,53.76,5,South,97.54
29,50.69,9,East,135.13
8,37.21,3,West,48.68
40,88.19,2,South,134.88
20,47.22,8,South,106.59
14,96.59,4,North,136.36
12,54.88,4,South,112.02
59,70.77,7,North,156.16
7,68.24,6,North,106.8
48,39.26,10,East,125.08
52,63.24,3,South,101.39
2,118.08,5,South,125.39
36,60.38,3,South,81.8
35,78.3,3,East,120.3
22,72.05,5,East,138.89
41,61.73,3,North,132.67
25,58.83,3,West,119.6
27,67.96,7,North,150.06
26,74.09,2,South,104.15
49,31.79,3,West,77.35
38,60.28,6,South,123.42
23,50.72,4,West,83.21
56,46.68,4,West,94.08
49,91.69,6,South,149.63
56,40.72,6,South,123.39
44,31.25,6,South,88.33
24,75.06,5,North,139.84
47,30.93,5,West,66.75
20,25.25,3,East,51.11
17,78.52,4,East,120.32
28,58.18,7,North,156.26
59,65.96,4,West,103.64
35,45.74,4,East,97.83
24,31.38,2,North,93.84
28,33.98,2,West,79.18
18,48.97,3,North,96.06
40,32.82,9,East,121.31
22,61.73,7,North,136.54
34,45.38,6,South,92.69
23,58.79,2,North,93.38
20,58.09,4,North,125.94
59,63.73,4,North,136.41
21,66.67,5,East,103.14
5,47.58,4,South,85.9
23,58.77,4,West,115.22
32,60.0,2,South,105.51
6,20.67,5,North,69.86
19,70.71,4,North,131.06
10,57.97,4,East,101.15
31,68.42,4,East,110.36
44,32.63,4,South,98.85
59,48.12,8,East,131.87
24,35.28,5,East,122.04
52,73.54,4,West,104.01
13,31.12,8,East,103.24
47,37.66,7,North,133.48
34,67.61,3,North,97.48
46,42.45,6,North,121.89
46,37.66,5,West,65.37
32,78.47,4,West,97.92
16,79.76,4,South,113.31
32,72.88,2,North,133.09
50,76.67,3,South,111.82
59,49.77,1,West,63.91
56,50.31,10,South,138.48
11,42.13,5,South,94.05
36,58.39,6,North,138.57
7,44.21,5,North,80.35
41,45.91,6,South,110.66
60,69.41,9,East,163.16
4,87.69,6,South,129.12
40,64.03,2,North,119.89
57,111.91,6,North,196.56
51,41.17,4,South,77.44
24,26.18,4,South,75.22
7,72.66,7,West,104.95
56,40.1,6,South,97.43
56,48.94,3,North,94.25
35,26.9,4,South,78.09
59,38.1,11,East,154.36
1,29.94,3,West,47.42
37,45.89,3,East,95.29
3,46.63,6,East,113.32
57,56.6,5,East,106.3
41,89.65,2,North,132.23
55,71.58,5,South,123.02
34,28.54,2,North,76.96
5,69.63,6,West,123.59
2,57.09,8,West,93.97
21,52.5,3,West,84.03
45,54.1,4,West,111.0
10,59.25,5,West,98.14
52,41.4,3,North,90.6
15,50.76,6,East,103.09
30,87.67,5,South,143.04
13,41.2,6,East,79.37
28,36.16,3,East,100.26
28,53.27,4,North,116.73
1,34.74,5,East,83.17
35,27.41,5,East,85.33
48,47.57,5,West,95.6
57,97.46,4,North,158.62
20,53.76,8,South,127.35
53,58.64,2,East,118.73
53,23.29,6,South,92.31
60,65.06,6,East,133.95
23,56.68,3,North,110.02
52,41.85,4,South,100.27
34,58.68,2,North,104.55
4,58.44,6,South,107.51
17,35.74,7,East,103.82
41,62.35,3,North,104.79
10,88.13,14,North,204.55
27,49.84,6,North,115.33
47,38.59,5,West,118.59
9,50.85,3,West,81.24
30,76.85,3,North,137.5
13,33.43,7,North,87.46
33,68.82,7,North,171.56
15,41.63,4,South,70.69
58,60.15,5,North,102.18
5,43.57,4,South,79.31
58,43.52,5,East,79.53
48,100.41,4,South,145.15
52,31.07,4,South,77.59
52,66.3,5,South,97.07
12,109.13,5,North,158.57
56,71.82,4,East,125.05
36,32.06,4,South,96.94
58,32.7,1,North,69.71
53,40.42,7,West,115.96
35,58.16,5,North,137.94
23,59.76,7,South,119.57
8,32.83,7,West,74.46
7,38.51,4,South,61.51
24,39.46,5,West,91.81
49,50.79,7,East,114.94
31,120.77,5,South,165.34
29,37.59,6,South,104.4
15,36.94,7,South,107.9
34,34.7,2,North,89.22
39,70.4,6,North,133.19
59,53.7,4,North,105.81
44,38.15,4,East,77.63
37,47.22,6,North,138.03
55,39.78,7,North,120.76
26,61.46,9,South,150.65
57,159.77,3,South,208.69
23,68.06,4,South,98.65
8,52.6,8,East,139.11
26,41.85,4,East,106.82
8,31.9,4,North,93.81
8,73.22,9,East,150.74
53,71.65,4,South,129.28
48,45.31,4,West,90.12
14,88.71,7,North,145.23
51,55.06,3,West,92.98
5,74.43,1,North,83.02
18,61.47,6,South,104.18
43,50.86,6,South,98.3
19,37.26,4,West,71.12
44,51.51,2,West,77.53
53,76.46,7,South,116.98
4,44.56,5,South,74.27
2,65.1,4,South,94.62
57,35.41,2,South,54.73
32,74.59,5,West,114.09
31,61.88,5,North,133.92
28,33.76,5,South,66.5
27,49.92,3,East,90.34
42,79.25,6,East,142.25
35,33.0,5,North,116.45
10,35.57,4,South,92.7
38,53.1,6,North,134.58
41,128.17,6,West,196.5
7,41.72,5,West,103.06
23,66.56,3,East,116.97
48,60.59,5,West,100.86
38,43.13,4,South,89.22
9,58.23,6,West,100.64
3,45.64,4,North,99.81
35,47.32,4,East,80.71
28,28.09,4,South,74.88
58,54.07,5,South,111.37
32,78.23,3,North,136.89
56,55.87,6,South,115.45
13,84.45,7,North,139.66
27,68.86,5,North,135.78
9,53.31,5,East,89.04
35,42.47,6,North,104.81
12,44.95,7,North,138.41
30,30.32,6,South,70.09
21,49.07,3,South,89.71
12,57.88,9,South,134.51
6,108.44,3,South,141.77
31,67.45,4,North,131.82
57,38.63,7,South,105.0
12,30.7,4,North,99.83
25,50.27,6,West,105.65
14,75.54,5,North,148.25
49,49.99,7,West,126.0
25,67.82,6,West,118.85
59,50.78,3,North,123.13
15,72.73,5,North,116.98
5,28.82,10,East,114.95
35,103.72,6,East,140.75
40,34.99,2,North,101.02
60,75.0,2,West,132.59
53,48.97,5,West,100.61
54,52.13,4,North,118.23
39,49.58,3,West,107.11
22,60.48,8,South,128.99
26,65.56,8,East,111.13
9,83.37,1,East,106.62
26,95.89,5,West,129.76
22,62.35,6,West,113.2
3,108.36,2,South,108.96
13,56.67,5,North,134.95
33,84.01,3,South,128.73
23,64.81,6,West,113.26
60,43.83,6,South,111.88
29,58.7,9,East,140.34
58,66.77,5,West,132.99
40,53.9,6,East,124.83
3,64.4,4,South,111.79
13,77.18,6,South,118.89
43,54.09,1,East,91.53
33,16.82,4,North,96.29
19,106.84,8,West,167.16
32,48.47,5,South,75.8
55,39.28,8,North,124.62
24,34.83,4,South,72.77
3,47.72,2,North,97.31
19,43.59,5,East,107.96
57,40.66,6,East,118.93
46,41.56,6,West,87.66
51,67.48,5,West,104.51
55,123.0,5,East,159.35
8,75.81,4,West,99.86
17,85.54,2,North,126.5
4,46.95,5,West,92.2
1,56.93,5,West,83.73
51,64.75,4,East,105.06
57,41.94,3,West,91.45
10,46.05,5,West,72.87
44,76.85,2,South,124.48
33,84.45,5,South,166.83
5,56.09,6,West,89.72
55,33.85,4,West,47.99
53,48.51,3,South,93.27
35,30.68,5,North,106.78
43,56.27,6,North,130.39
24,60.47,8,North,157.77
48,48.99,5,North,117.81
27,60.14,5,East,106.24
60,64.51,6,South,112.32
4,60.51,5,West,87.44
11,33.76,6,South,82.1
59,49.34,6,North,118.86
18,64.32,2,East,98.45
19,102.67,5,East,138.92
48,48.97,5,North,139.68
12,68.06,4,West,94.41
31,77.58,3,South,104.67
18,50.47,7,North,130.12
12,86.43,8,East,143.9
58,88.31,4,North,143.45
12,94.84,5,East,142.78
6,65.59,5,North,120.49
41,140.34,5,North,185.58
53,42.69,4,East,104.59
8,127.69,5,South,159.82
43,74.24,5,North,134.39
33,93.33,10,East,196.45
50,48.04,7,West,115.72
8,76.54,6,South,108.67
59,96.62,6,North,160.28
38,35.34,3,North,87.81
51,51.15,1,North,107.23
22,23.18,9,East,99.19
57,50.84,5,North,112.86
38,39.39,6,North,102.82
8,50.04,4,East,99.54
56,175.82,5,South,214.41
48,108.54,7,North,171.48
19,30.7,7,South,71.09
33,68.19,3,East,109.79
24,75.16,7,West,124.13
33,47.7,6,South,103.79
58,58.63,6,East,136.53
54,60.97,5,East,137.03
13,31.86,4,East,66.6
59,36.14,6,West,80.85
27,58.49,4,North,121.03
43,56.81,4,North,126.79
46,41.12,4,North,115.16
29,39.74,7,East,131.5
28,52.67,4,South,102.1
28,77.82,13,South,175.6
52,52.95,4,South,94.83
24,104.49,4,West,131.71
17,41.33,6,East,106.9
22,58.98,7,North,162.86
12,47.38,7,South,105.08
24,69.07,5,South,145.58
7,39.94,4,South,90.74
6,118.03,2,South,106.82
44,27.76,4,South,86.2
5,108.44,5,East,122.4
35,56.6,4,East,117.89
47,68.1,5,South,114.13
44,93.11,5,West,138.96
27,76.94,5,East,123.8
12,40.77,7,North,120.22
56,69.41,2,North,144.95
51,115.24,4,West,181.67
37,38.29,5,East,88.7
6,127.41,6,East,169.6
3,63.71,8,North,145.12
19,45.91,8,South,116.66
10,38.19,4,East,75.45
52,49.93,5,East,120.94
13,24.98,5,West,63.04
17,46.24,6,West,100.94
59,49.15,7,North,139.03
50,35.52,8,North,127.14
14,73.64,5,West,103.46
24,50.02,5,East,109.44
31,42.34,5,East,110.51
40,47.94,5,North,114.21
57,62.93,3,North,122.62
53,56.22,7,North,144.45
59,41.25,6,West,108.09
3,57.41,7,South,105.15
15,53.5,7,East,108.21
34,34.61,4,North,104.17
3,48.65,5,East,87.61
22,68.84,5,West,101.4
10,68.64,7,East,109.42
56,49.8,7,West,115.65
4,71.57,8,East,114.21
9,36.89,3,South,85.15
12,37.35,4,West,65.35
9,49.38,5,North,86.88
35,99.39,5,West,162.54
22,58.28,6,East,119.21
55,48.9,3,West,88.39
16,101.26,2,North,129.55
33,48.68,5,East,122.03
40,133.47,6,East,187.76
38,44.5,9,West,94.05
48,36.43,6,North,109.57
13,51.08,2,East,90.86
31,49.42,5,North,109.2
49,39.52,5,East,82.31
52,154.59,9,South,219.16
38,62.02,5,North,153.52
40,65.74,6,South,141.25
52,45.39,5,South,115.46
38,43.33,1,East,91.62
57,82.29,6,East,142.21
8,27.93,3,North,67.97
21,34.57,6,North,112.19
7,49.46,7,East,116.83
6,93.73,3,East,107.35
29,47.0,6,West,100.0
14,64.49,4,South,120.03
25,55.21,4,East,116.5
27,91.7,5,East,158.62
38,28.97,4,South,49.43
57,73.29,7,South,140.38
51,50.42,7,North,132.94
23,79.04,4,North,124.16
20,39.34,4,West,85.24
47,55.13,4,South,117.64
8,52.4,5,North,105.21
33,36.56,3,East,91.17
26,32.72,8,West,96.55
11,43.29,6,South,98.01
37,57.51,4,East,86.67
20,40.34,6,North,103.61
12,47.85,6,North,104.66
40,25.68,5,South,79.57
11,47.07,6,North,99.89
41,82.22,6,East,152.99
10,72.39,3,South,116.1
27,52.73,6,North,133.46
49,60.19,5,East,122.6
14,39.2,5,West,83.28
47,104.56,6,South,173.73
44,124.85,4,West,146.18
55,58.32,2,West,62.47
11,153.9,6,East,183.04
43,41.59,6,South,95.36
57,33.1,6,East,101.82
46,41.11,6,West,106.61
12,50.01,1,North,83.19
50,137.67,8,East,196.41
7,48.79,5,West,83.17
36,38.71,6,North,126.33
30,38.12,5,South,91.09
32,86.14,4,West,119.21
32,81.36,3,South,132.53
2,44.96,5,West,100.61
31,25.78,2,West,62.36
57,34.76,5,North,95.7
27,108.69,7,South,159.26
17,71.92,5,North,152.88
60,56.05,5,North,133.56
6,115.3,5,North,168.69
30,119.5,5,South,172.8
31,53.82,5,North,117.78
29,54.22,3,South,105.81
56,43.26,4,West,100.16
26,48.72,8,East,128.26
59,30.13,9,North,120.3
5,30.08,4,South,62.73
45,27.41,6,South,89.26
36,84.25,6,South,153.19
15,29.24,3,North,92.45
14,119.1,1,West,132.64
44,40.77,8,West,113.47
39,109.39,2,West,135.38
37,47.18,3,East,64.04
4,29.18,9,East,90.57
36,91.24,4,North,148.15
59,95.65,3,North,149.53
2,38.0,5,South,53.0
29,47.81,4,South,110.17
30,38.0,6,East,92.0
54,52.03,4,North,121.94
17,57.0,7,East,118.0
29,47.44,5,West,101.91
44,26.38,6,East,75.44
4,43.28,5,North,90.15
49,72.34,6,West,140.85
50,50.22,3,North,100.77
44,47.9,5,West,80.18
39,37.63,4,South,89.35
45,42.78,7,West,103.89
47,95.93,2,West,115.72
55,34.61,3,North,102.74
26,72.84,5,South,117.4
28,55.64,5,North,114.45
39,60.22,4,East,120.21
12,40.73,3,North,81.64
52,47.43,5,East,97.07
47,54.47,6,East,153.87
38,44.33,6,North,130.94
19,62.34,7,North,159.02
21,65.56,3,South,103.58
27,130.2,7,South,180.61
40,61.02,8,West,112.63
47,25.41,7,West,86.81
41,86.94,4,West,102.98
56,50.32,3,West,61.89
58,122.09,5,North,178.38
43,98.33,4,North,153.09
23,44.61,3,North,97.93
36,72.88,4,West,120.81
26,43.05,6,West,90.89
38,54.66,2,North,112.02
49,71.55,5,West,118.99
23,85.22,10,North,176.47
31,78.11,3,North,118.17
3,56.26,1,West,89.95
45,147.43,7,North,238.49
30,47.18,5,South,98.01
28,28.71,5,North,113.78
32,31.0,5,East,98.93
13,98.46,1,West,121.77
36,52.95,5,North,114.25
45,58.18,3,North,131.0
21,43.95,5,North,93.76
8,45.55,4,North,72.04
24,39.85,6,East,102.81
12,65.92,4,South,95.57
23,52.51,6,North,133.99
38,64.97,5,East,102.36
7,62.54,7,North,130.95
45,46.05,5,West,87.88
14,30.46,9,East,125.79
54,29.42,6,West,67.97
44,183.22,4,West,230.8
17,98.62,3,West,139.41
34,93.32,7,South,154.06
7,41.69,2,South,71.26
6,54.81,7,West,110.88
58,39.4,4,East,92.97
49,32.3,5,South,99.22
10,43.14,6,North,102.16
17,92.8,6,West,149.26
12,76.42,4,West,102.22
24,37.04,2,West,66.24
18,48.14,5,East,112.63
20,73.67,5,North,122.21
32,43.45,13,West,157.76
12,56.36,3,North,100.43
53,64.12,4,North,131.95
44,63.84,4,North,126.04
46,60.44,2,South,102.38
11,42.04,6,East,92.1
43,43.8,3,South,91.58
51,34.69,6,South,91.48
11,29.24,4,West,96.51
46,52.15,3,North,100.17
22,75.68,3,North,139.17
48,31.43,6,North,96.83
29,60.9,3,West,83.81
49,74.73,6,West,134.95
9,26.19,2,North,28.96
24,49.0,4,South,82.32
17,105.48,7,North,163.43
15,68.09,5,East,124.7
19,25.84,7,North,101.52
23,71.05,5,South,102.32
8,40.48,6,West,80.82
43,71.99,6,South,127.8
34,41.43,4,South,95.02
50,53.45,9,South,109.66
43,44.03,7,South,109.94
9,54.67,5,South,97.63
5,43.51,6,East,97.77
26,49.93,6,East,121.68
29,34.12,4,North,103.33
15,66.44,8,South,141.18
47,58.56,5,North,141.07
35,28.6,5,North,84.06
45,81.22,4,East,134.35
7,50.88,4,West,88.0
49,58.25,4,South,100.14
13,74.13,8,South,129.95
27,62.26,8,South,161.81
27,87.02,7,West,141.57
50,48.55,5,North,130.61
17,82.58,9,South,165.92
15,57.35,6,South,125.72
21,66.89,4,South,127.73
22,64.16,6,South,123.74
11,89.68,5,West,125.6
11,72.86,7,South,125.66
14,45.73,3,North,98.32
29,42.25,2,South,79.23
21,53.52,5,North,118.04
24,40.28,6,North,99.75
44,35.84,5,West,95.1
15,23.31,7,East,82.22
55,29.38,6,East,99.02
46,120.8,7,North,188.95
11,41.99,9,North,112.29
19,116.91,4,North,159.52
12,64.15,6,North,140.84
17,53.52,3,North,87.25
22,29.96,5,East,87.96
8,54.7,5,East,107.73
1,116.38,5,North,155.29
27,101.8,6,East,154.56
43,60.93,12,North,166.42
19,34.49,4,East,77.02
52,37.23,5,South,76.75
23,38.82,2,South,73.83
55,91.04,5,West,113.21
15,104.87,6,South,150.54
33,59.05,4,South,116.72
46,48.36,9,North,141.49
4,101.44,5,East,144.63
56,36.91,8,East,115.63
22,55.74,3,North,106.51
30,65.71,7,East,132.88
38,38.66,3,North,109.79
39,42.34,6,West,106.48
2,41.04,5,North,99.72
53,96.23,8,West,174.48
38,117.42,7,East,193.45
60,57.16,7,West,110.58
29,49.04,4,South,89.14
37,42.95,9,North,144.15
27,54.64,7,West,119.23
54,43.81,5,East,115.8
50,52.52,7,East,124.04
55,64.41,3,North,125.47
31,46.43,2,South,98.16
48,50.61,6,North,110.99
22,50.69,4,West,87.86
28,48.09,3,East,108.31
46,45.76,4,South,93.88
5,74.06,4,North,122.85
43,26.89,8,West,90.32
1,102.48,4,East,137.51
35,57.64,4,East,110.1
29,69.69,5,East,122.01
29,72.97,4,North,141.38
30,41.13,6,South,94.66
30,37.87,5,East,104.63
25,36.13,6,South,102.73
28,49.46,8,West,120.32
35,72.22,10,South,164.66
46,43.23,5,West,120.41
34,69.63,5,North,123.15
39,21.18,3,West,52.11
51,46.79,8,West,110.97
60,87.08,4,North,140.07
7,50.99,5,South,75.77
43,39.19,5,South,83.25
14,41.98,4,South,101.62
12,16.26,5,North,67.93
48,36.43,6,West,101.9
5,83.34,8,East,135.9
51,43.25,10,South,129.96
47,45.34,3,South,83.05
60,21.48,8,North,104.74
41,28.44,6,West,82.54
53,87.88,2,North,151.0
8,69.89,5,North,123.0
54,32.49,6,North,108.61
10,42.43,1,South,65.72
19,53.96,1,North,113.55
8,33.84,3,South,61.74
25,24.49,5,East,79.65
45,51.23,4,North,107.29
17,68.65,5,East,124.12
50,69.18,5,North,124.51
37,77.49,4,South,109.02
38,29.33,6,West,80.99
57,55.88,5,West,106.8
26,49.04,4,North,100.67
21,52.73,6,East,128.74
60,50.16,3,South,100.59
34,41.92,7,South,111.55
37,16.33,7,East,102.04
18,86.9,4,West,122.34
13,62.3,5,West,121.94
11,30.15,6,North,84.29
14,65.97,2,North,86.61
12,45.65,4,North,83.97
45,46.17,2,East,90.78
4,40.15,8,South,106.55
38,67.68,7,North,158.53
57,39.65,2,West,93.83
46,35.21,8,West,97.69
25,85.86,7,East,156.28
4,50.83,9,East,90.97
51,51.47,5,North,107.99
1,72.02,5,North,131.73
41,41.8,7,North,120.04
41,45.27,3,North,103.14
12,61.7,6,North,118.68
45,29.47,3,South,66.41
11,59.65,3,North,100.84
14,40.36,7,East,121.47
49,76.88,2,North,143.54
59,67.94,4,West,102.01
16,64.45,4,East,122.13
56,28.71,6,South,106.91
55,52.39,4,North,111.41
47,34.09,6,South,77.37
9,53.8,5,South,111.16
18,21.63,6,North,80.33
41,29.48,2,West,44.0
60,87.85,3,North,146.95
49,63.28,9,North,148.44
26,47.39,5,West,112.52
15,37.96,5,North,86.58
58,35.39,2,South,67.82
17,59.15,4,West,94.3
21,47.59,1,South,89.9
58,101.36,4,West,130.16
34,50.71,3,South,89.58
16,55.9,3,North,68.35
1,31.33,3,South,56.86
26,47.26,12,South,116.42
60,58.6,4,South,121.47
26,47.03,6,South,109.17
42,44.96,7,North,146.35
16,62.23,4,North,110.79
47,100.08,5,South,150.69
47,57.86,6,North,116.93
37,86.29,3,West,118.27
47,70.01,5,North,140.23
35,84.25,6,North,153.17
23,42.78,3,West,88.91
45,50.26,9,South,116.26
51,50.34,6,South,135.0
51,67.93,3,South,112.66
13,74.96,2,West,78.25
41,57.4,10,South,140.52
1,77.53,4,North,112.44
35,43.58,5,North,119.55
35,77.8,5,North,123.97
22,81.97,4,West,119.34
60,71.59,7,West,152.75
53,57.61,4,North,123.95
3,72.63,2,South,67.36
13,38.18,4,South,80.88
13,59.11,6,East,111.87
54,61.57,3,North,127.08
32,32.08,6,West,94.34
44,66.01,3,North,126.23
49,33.13,2,East,70.38
47,46.01,2,East,65.05
6,55.47,4,East,96.36
9,40.76,3,West,53.8
24,56.43,8,North,153.04
21,56.07,11,East,136.23
45,39.33,2,East,114.67
10,68.52,4,East,95.35
23,40.22,3,South,85.8
15,136.35,10,East,185.37
12,52.26,11,West,150.55
11,34.17,6,West,69.22
12,36.83,5,West,81.39
34,86.4,1,West,114.08
25,46.36,6,West,111.68
27,31.64,4,North,103.02
29,76.82,7,North,153.43
45,46.24,6,West,112.3
52,70.91,6,East,134.81
32,79.38,4,West,99.49
39,60.93,3,South,91.12
45,142.36,3,East,193.17
42,27.39,8,East,116.49
9,39.36,6,South,69.07
59,49.29,3,East,90.97
10,134.89,7,South,168.4
25,112.08,4,East,157.68
40,91.42,4,North,146.78
25,39.74,10,South,126.03
15,41.64,4,South,95.29
56,39.2,7,West,101.88
5,39.91,5,West,68.36
15,99.19,5,East,154.69
60,49.53,5,North,121.73
44,52.22,4,North,106.11
6,74.42,4,South,95.45
46,28.07,2,North,79.58
59,55.76,4,South,94.38
6,35.21,2,East,50.41
25,48.53,3,North,115.71
29,43.18,8,North,149.28
8,42.3,3,East,98.87
13,59.75,4,North,111.94
11,59.65,11,South,143.58
12,50.0,3,North,90.38
25,63.32,6,North,135.56
28,38.57,3,East,76.1
15,71.71,6,West,129.97
18,50.28,4,North,105.82
12,44.99,7,South,113.18
48,39.73,5,West,99.61
13,49.57,6,West,99.45
55,115.38,4,North,176.06
33,53.23,9,East,124.91
49,34.54,3,North,81.59
39,78.85,3,North,109.66
16,45.21,3,West,66.71
37,61.16,8,West,116.97
17,42.85,4,West,90.75
8,91.13,4,North,147.55
16,43.11,1,South,66.34
17,95.5,6,South,150.72
9,35.88,7,South,79.2
2,48.56,2,West,58.77
57,95.58,4,East,125.47
31,58.4,5,West,103.71
25,135.45,6,West,179.87
56,49.03,1,East,69.16
14,60.51,3,East,106.53
25,116.99,7,West,163.03
51,29.8,6,North,82.85
38,28.36,6,South,79.51
24,39.72,3,South,90.05
16,75.59,4,East,99.93
3,28.68,5,North,84.42
6,69.33,7,South,108.63
10,67.4,4,East,98.38
48,122.21,10,West,183.79
39,82.95,7,South,139.08
27,63.16,4,West,97.51
47,94.03,4,South,147.61
10,67.73,3,North,119.9
13,45.42,5,South,101.09
24,34.54,3,South,78.25
56,43.48,6,South,102.23
37,53.73,6,South,115.09
52,58.56,8,North,150.36
15,23.24,8,East,95.78
51,50.01,5,North,117.92
5,55.23,3,East,99.13
14,67.97,6,South,117.93
32,104.66,1,North,146.46
4,58.81,4,North,117.22
52,37.95,6,East,127.2
53,26.38,2,East,60.94
33,71.87,5,East,125.64
19,38.57,1,North,91.22
6,77.23,5,East,124.2
38,95.48,3,West,124.81
33,29.44,3,South,101.32
46,68.14,4,East,129.76
37,91.56,5,North,149.68
8,82.07,10,North,155.56
8,23.6,5,North,85.6
47,38.8,2,East,85.67
10,32.72,5,East,79.82
57,67.32,4,North,129.42
7,64.41,6,East,119.03
44,18.56,5,South,74.56
59,48.41,6,North,123.87
27,75.21,5,East,119.68
4,57.93,8,East,133.02
53,57.89,6,South,106.21
12,47.18,6,East,119.78
32,35.75,4,East,105.03
60,54.23,5,North,118.53
45,55.75,6,East,137.65
3,69.83,7,South,121.17
50,72.14,6,South,122.68
10,56.51,6,North,126.05
45,84.6,5,North,143.77
38,46.99,4,North,105.96
18,30.64,3,North,80.57
26,66.08,3,North,127.16
8,57.43,5,East,106.19
60,66.6,7,East,148.92
15,32.92,2,South,81.76
19,111.76,6,South,167.51
31,72.54,3,West,120.79
41,48.66,6,South,110.94
31,37.56,7,West,92.93
31,84.0,7,West,142.26
35,35.14,3,North,97.82
52,134.9,5,West,193.74
24,42.72,2,North,84.93
50,108.66,7,South,167.69
48,50.71,6,West,108.22
58,102.75,4,South,154.56
55,40.69,5,South,93.2
48,55.01,1,East,84.18
15,75.33,3,East,102.44
47,71.15,5,South,116.43
45,84.8,7,North,188.48
18,44.93,3,West,76.09
41,56.48,2,South,110.77
16,89.96,4,West,126.32
32,41.18,1,East,71.84
48,68.65,6,North,159.69
12,50.02,6,East,117.89
21,59.28,3,South,97.73
48,56.48,2,East,84.08
28,39.83,6,West,100.11
58,49.19,4,South,112.31
1,57.86,6,West,106.77
44,52.4,3,North,111.98
49,102.42,4,West,152.19
56,81.78,5,South,126.21
10,61.31,3,North,115.84
60,40.24,4,West,88.97
24,39.27,6,South,102.09
22,120.24,8,East,215.47
22,36.45,4,South,88.63
39,57.14,7,South,104.42
40,63.08,3,South,114.19
29,48.21,4,East,133.97
5,36.57,3,North,67.93
60,39.89,5,South,98.59
14,43.88,3,South,78.24
6,41.11,11,West,120.11
36,92.86,4,West,126.91
25,54.4,6,South,118.49
37,44.28,1,South,60.34
53,56.98,7,East,141.31
6,71.32,7,North,132.8
18,47.57,6,North,143.85
31,78.32,7,South,156.34
48,32.84,3,North,86.74
37,87.23,4,North,159.62
23,54.4,3,East,114.82
37,53.56,8,West,108.33
59,41.38,2,North,83.9
29,33.41,6,East,94.49
54,28.03,6,North,80.45
47,40.24,2,East,86.79
19,69.07,4,North,140.6
15,37.17,5,East,95.15
47,29.39,5,North,110.29
13,37.95,3,West,71.37
21,46.81,8,East,126.78
15,47.55,5,North,85.31
37,51.85,4,North,124.83
18,82.52,5,North,146.33
40,89.99,5,East,145.04
57,121.78,3,North,164.39
50,28.5,2,West,51.07
57,38.77,6,South,100.28
2,72.2,4,South,104.51
28,45.53,2,East,76.45
14,77.04,4,West,124.02
56,59.31,5,South,104.05
43,102.69,3,East,145.31
20,82.85,7,West,147.14
34,83.46,6,East,134.2
37,46.31,6,North,97.35
30,52.51,5,North,117.62
29,48.32,4,North,113.63
4,29.89,5,East,87.1
28,98.37,4,North,154.24
21,73.56,2,North,124.66
50,47.56,3,North,123.01
52,92.0,11,South,168.64
46,42.43,5,East,108.16
2,26.17,4,North,88.28
51,81.69,5,South,123.35
24,32.74,4,East,80.08
25,50.49,4,East,106.44
57,59.29,2,North,96.51
53,63.7,6,West,102.92
4,76.66,3,South,95.51
22,68.88,6,West,109.34
45,68.03,9,West,133.98
33,39.79,2,East,82.02
16,61.42,2,South,107.22
32,29.9,2,West,69.41
52,101.99,5,East,158.08
14,31.15,6,East,74.02
45,47.53,5,South,80.1
45,32.22,4,East,82.01
54,40.77,3,West,87.32
18,54.89,5,East,130.53
13,44.19,4,East,92.21
33,86.29,4,East,154.57
32,59.79,2,East,89.41
25,45.37,3,East,95.5
47,51.76,3,South,76.37
48,88.93,6,South,137.98
15,78.54,5,North,152.15
48,34.62,2,East,71.35
14,41.58,5,West,73.65
25,66.02,6,North,127.47
2,62.89,5,East,113.25
21,35.87,2,South,79.27
58,73.67,5,South,125.67
27,38.23,4,North,103.13
43,91.98,6,West,125.68
7,67.48,10,North,142.1
39,34.72,4,North,108.79
23,44.18,8,West,113.15
45,43.88,6,East,111.05
56,58.2,3,North,122.43
32,50.32,4,North,108.4
7,34.53,6,North,116.47
29,31.26,5,South,70.1
8,68.01,5,East,122.2
27,61.22,6,South,127.7
4,56.95,4,East,97.55
39,60.84,3,East,78.09
19,42.62,8,West,111.75
13,58.77,3,North,99.05
2,150.72,7,West,201.33
54,87.34,5,West,121.63
51,48.65,8,West,124.23
49,44.29,3,South,80.39
4,17.39,5,South,38.94
21,83.72,7,North,157.55
59,74.79,2,West,110.93
35,43.92,7,East,113.04
8,30.79,3,East,67.78
9,34.39,2,North,79.08
16,65.22,7,West,125.76
59,52.68,4,East,94.58
11,72.0,5,West,127.99
55,56.52,7,West,109.28
41,80.38,2,North,133.46
56,63.3,6,West,133.9
50,76.06,3,North,120.47
20,23.67,3,East,75.19
50,33.32,4,East,80.44
11,47.19,7,West,84.99
18,84.08,7,South,158.4
13,115.84,9,North,194.02
8,51.13,7,South,101.89
6,42.75,6,North,99.78
12,24.98,4,East,66.39
8,77.12,4,North,104.49
23,43.81,6,East,123.71
5,178.28,7,North,239.72
4,40.62,5,North,71.34
60,126.74,5,East,179.72
6,73.65,6,South,123.59
5,36.19,4,East,77.75
2,59.91,6,North,124.33
8,74.33,4,South,118.66
32,49.89,5,East,108.14
50,76.34,3,North,133.76
45,75.67,4,West,108.75
35,69.31,3,West,132.33
6,54.24,2,North,113.05
47,34.12,3,North,84.53
3,52.95,5,South,89.85
38,58.58,5,South,102.08
25,25.78,3,South,86.12
53,58.42,5,West,112.21
19,52.52,5,North,116.85
39,32.5,5,South,98.51
27,47.79,4,North,103.13
32,48.2,4,East,96.46
57,118.16,9,East,185.09
43,59.62,9,North,165.66
25,82.63,7,East,141.89
27,52.08,4,East,93.86
43,25.8,5,North,108.44
21,71.45,3,North,95.74
11,41.96,9,East,117.76
29,47.74,3,East,99.55
5,35.83,7,West,89.7
11,56.21,6,South,90.86
26,83.6,6,South,149.47
48,79.29,4,South,98.53
47,102.97,5,West,141.49
16,108.98,3,South,135.7
26,24.09,9,North,138.37
10,33.87,4,North,86.21
46,26.49,8,North,134.08
15,70.3,8,North,155.27
48,41.38,5,North,142.69
51,44.9,8,South,112.33
42,50.07,8,West,114.48
20,63.63,5,South,127.95
58,30.14,3,South,85.83
42,33.0,3,North,101.93
39,54.63,6,South,121.79
52,88.19,3,South,127.18
53,54.05,8,East,113.71
5,39.78,2,East,50.51
53,23.12,6,East,95.91
46,79.92,9,East,144.99
13,40.68,5,North,109.92
19,34.5,6,North,105.08
46,27.49,7,South,111.07
13,30.7,9,East,114.44
28,37.17,5,North,99.0
42,49.62,4,South,108.07
40,33.67,5,East,102.09
55,58.81,5,South,113.98
7,49.47,2,South,82.8
18,132.79,6,South,171.25
60,27.61,8,South,95.48
35,58.24,6,South,106.86
15,58.53,2,West,56.86
18,36.15,11,South,106.64
21,56.72,5,East,108.44
34,74.28,7,South,136.21
18,56.75,5,North,130.86
38,94.99,5,South,126.89
27,22.85,3,South,56.6
37,38.98,4,East,89.34
10,98.5,5,West,130.22
38,78.63,12,South,179.73
56,67.78,4,South,96.19
9,89.41,8,North,180.27
20,25.37,4,West,64.22
42,75.06,4,South,138.98
38,83.58,6,East,154.55
41,41.95,6,East,93.13
34,156.29,5,North,206.18
41,59.06,4,East,83.13
37,22.71,8,West,78.63
5,63.59,8,East,121.25
46,40.94,2,East,75.07
27,87.01,6,West,123.57
4,67.98,7,West,104.6
25,42.98,7,North,115.35
27,99.58,3,South,125.59
6,79.5,2,South,100.26
60,39.21,3,West,56.06
14,51.38,1,West,78.21
20,67.14,8,West,127.78
27,47.2,3,South,93.95
50,47.76,7,North,125.96
45,55.41,6,East,115.21
47,35.65,6,North,91.42
15,22.35,5,South,104.46
51,60.08,6,South,127.41
50,24.64,6,South,85.64
28,36.7,7,South,110.37
33,26.88,9,East,109.77
3,28.24,6,East,65.39
46,64.75,3,East,97.64
58,49.95,5,North,137.71
29,49.24,8,South,118.76
33,32.25,5,East,103.5
30,42.0,3,East,99.55
5,63.47,3,East,91.11
38,53.47,3,South,93.92
44,75.87,3,North,122.37
56,80.32,4,South,126.43
56,49.36,7,North,141.52
30,26.03,4,West,84.15
58,40.34,7,South,90.29
32,52.51,4,East,101.16
39,40.02,5,North,97.17
37,35.81,4,South,101.58
60,56.14,4,North,118.51
45,144.33,4,South,187.62
8,44.91,4,North,95.83
5,54.54,6,South,90.7
25,32.3,4,East,110.03
31,89.78,4,North,163.66
41,77.47,4,West,122.07
29,75.36,4,South,109.37
31,94.06,7,North,166.89
56,46.02,4,North,112.21
21,48.38,11,South,131.69
30,108.2,3,South,133.25
34,70.32,7,North,147.73
29,22.47,3,South,61.62
59,65.49,6,West,98.71
58,43.26,7,North,104.8
31,78.2,7,East,148.36
28,64.28,4,West,106.36
36,27.22,6,West,92.26
11,60.8,4,West,107.48
26,59.4,7,South,104.97
14,63.14,7,South,110.5
9,68.73,5,South,88.53
6,99.32,4,East,153.99
36,64.43,6,South,121.8
1,55.1,7,South,83.63
39,86.42,7,West,145.05
26,133.9,3,North,169.3
22,78.73,7,West,145.54
47,59.29,2,North,100.8
33,64.91,6,North,134.28
45,60.49,7,East,111.75
43,55.0,6,South,107.46
2,129.81,7,South,166.52
13,40.46,5,North,103.39
35,86.66,5,South,159.59
59,51.92,3,South,56.44
10,30.2,7,East,99.46
7,50.64,4,North,92.6
57,43.87,2,South,76.77
59,68.79,4,South,105.06
11,56.63,7,East,108.81
25,36.28,5,South,72.0
38,98.34,5,South,158.81
12,84.44,4,North,129.75
20,102.97,8,South,188.48
24,60.03,2,East,111.32
39,53.82,2,North,113.73
19,72.34,5,West,144.75
25,43.34,2,South,73.76
18,57.51,2,North,112.3
46,50.89,9,West,102.73
10,30.43,1,North,72.37
14,57.45,7,South,122.27
15,45.77,6,West,104.23
55,49.55,4,West,83.22
57,63.15,2,West,97.3
31,90.83,7,South,146.59
10,38.88,2,North,74.51
46,47.72,1,East,79.43
30,40.2,2,West,73.88
51,39.17,6,West,97.64
22,43.04,3,South,98.95
60,50.47,2,South,99.59
49,69.02,5,West,114.68
14,62.06,7,South,126.94
44,35.78,4,West,82.47
18,91.62,2,South,110.63
21,79.66,3,West,110.27
16,38.07,4,North,102.33
41,89.09,4,North,160.6
16,62.23,2,South,94.98
39,51.29,8,East,139.08
35,63.01,5,South,127.95
46,54.04,3,North,118.96
60,67.9,3,North,121.85
1,58.85,3,South,79.97
60,47.7,4,East,92.58
7,24.28,7,West,80.73
32,67.42,7,South,114.55
21,47.02,2,East,106.5
39,74.53,6,East,135.57
44,66.2,5,West,98.83
52,47.51,8,West,125.93
25,82.2,8,West,138.5
56,59.26,5,North,129.96
20,58.29,7,South,108.69
13,51.66,3,West,71.27
23,107.06,1,South,146.6
32,41.05,12,South,135.9
41,47.99,7,South,120.58
50,33.28,1,East,70.48
14,73.02,5,East,120.54
19,43.26,6,North,107.79
57,45.24,8,North,118.32
27,44.4,3,West,87.47
15,55.99,2,East,90.18
60,33.11,5,South,82.87
27,22.26,9,East,103.9
60,65.57,4,East,131.64
56,23.44,4,East,88.36
55,76.83,4,West,120.11
35,101.84,3,South,129.3
48,51.13,3,East,102.95
58,91.82,5,West,128.33
17,54.07,4,North,106.71
3,103.51,4,North,160.59
20,45.49,3,South,72.27
39,21.2,5,North,86.16
33,52.88,4,East,114.44
5,108.11,3,East,147.4
34,67.63,5,South,109.94
11,44.43,4,South,79.36
31,62.28,6,East,144.44
35,80.52,2,North,146.48
39,52.76,4,East,99.58
25,156.11,4,East,197.51
25,44.39,3,North,105.44
41,81.53,7,South,155.67
45,74.05,5,West,115.73
49,41.27,5,South,92.85
21,46.07,8,South,157.48
26,82.04,4,North,154.9
20,57.85,3,East,108.33
32,62.5,5,East,114.06
8,28.38,6,South,80.98
26,70.98,7,South,133.73
12,61.25,4,West,88.79
32,53.22,2,South,81.45
52,63.08,5,East,111.91
60,46.35,3,North,103.37
27,43.09,4,North,92.0
4,49.56,10,West,88.51
14,45.35,6,West,82.82
7,130.61,9,East,192.77
46,78.63,13,East,167.01
60,37.06,5,West,67.59
34,123.29,5,West,152.18
11,45.92,4,North,102.41
2,55.25,4,East,92.5
59,78.18,5,West,113.66
19,24.83,2,South,50.01
7,49.66,2,South,71.87
11,43.41,5,North,104.04
16,59.27,3,East,94.46
40,63.31,6,East,140.8
54,52.94,9,South,127.3
17,51.96,6,East,122.79
42,83.6,4,North,155.39
4,61.6,4,West,67.64
1,55.51,9,North,139.51
4,57.92,4,South,100.3
56,113.79,5,North,185.32
35,58.5,3,South,82.65
49,44.44,9,East,123.22
2,25.44,3,North,61.62
2,30.77,5,South,86.83
51,45.29,5,West,110.37
7,52.28,2,South,67.05
10,43.72,6,South,89.2
32,62.83,7,North,124.46
37,43.49,3,North,100.38
14,37.87,4,North,116.06
27,69.76,6,East,110.14
41,94.42,4,South,118.06
27,35.06,5,North,96.33
23,60.19,5,East,118.01
5,25.48,4,West,56.98
28,30.27,10,North,121.14
49,43.14,7,East,122.28
38,85.97,3,North,141.39
54,39.99,8,North,143.29
8,39.39,8,East,103.71
1,55.39,3,East,78.16
33,55.41,8,East,142.14
11,39.88,5,South,103.63
36,120.84,5,North,164.53
55,49.1,3,South,104.14
21,57.14,6,South,97.72
33,46.49,10,East,153.12
41,65.1,6,North,117.58
10,89.48,5,North,152.09
54,106.22,8,West,175.05
13,40.25,9,East,114.51
49,84.8,5,North,158.96
40,68.02,6,North,150.76
9,80.63,3,East,118.98
44,52.63,6,East,106.53
12,50.66,6,East,95.16
36,79.38,2,North,136.1
58,79.99,8,West,130.14
58,102.13,6,North,146.82
53,59.11,4,South,99.17
30,52.31,5,South,95.69
34,20.41,5,West,81.0
19,28.66,11,East,125.42
56,46.63,8,West,128.68
29,35.15,6,East,116.13
47,75.61,3,East,129.65
22,32.33,8,South,91.02
45,44.68,6,South,115.55
14,45.39,2,North,116.12
45,88.4,2,South,121.27
3,42.81,6,North,111.36
7,65.43,2,South,82.52
22,59.04,6,East,90.89
29,78.36,5,East,126.82
43,76.71,5,West,140.28
22,53.87,2,North,99.71
2,27.7,10,North,123.11
20,49.76,2,North,115.58
27,54.16,7,South,113.64
33,61.22,4,South,101.04
39,40.65,4,West,78.98
15,86.17,3,South,103.37
37,54.9,5,North,122.65
38,37.78,6,East,83.87
47,45.45,4,North,78.86
32,118.09,4,South,164.31
49,71.22,8,East,140.17
14,83.04,6,West,118.46
43,35.99,4,East,101.23
3,41.45,6,North,103.32
7,41.57,6,East,79.94
52,58.78,6,East,126.86
29,50.93,5,East,124.56
38,44.89,5,West,106.94
37,47.2,4,North,123.7
42,39.74,5,North,110.58
15,50.81,7,North,120.13
11,85.22,4,North,146.34
3,29.81,10,South,121.29
52,62.71,4,North,121.75
14,94.83,5,South,130.24
35,50.74,2,North,121.77
28,44.19,3,East,90.01
10,79.02,6,North,135.67
25,36.83,8,North,118.87
5,54.1,3,East,93.12
11,36.02,3,South,68.86
9,25.84,3,East,58.14
50,51.38,4,West,93.56
35,32.94,5,West,80.73
56,54.34,1,South,78.61
27,85.29,6,South,146.52
13,114.63,4,East,154.5
37,56.68,4,North,123.32
56,82.08,3,West,128.26
32,64.04,6,North,122.63
2,46.84,2,West,42.04
19,25.28,5,West,62.69
56,104.65,9,North,192.36
32,35.89,5,East,98.1
58,94.93,4,North,145.45
31,67.68,8,North,152.23
1,36.95,5,North,80.03
53,61.86,7,East,113.03
46,128.15,4,South,152.19
43,100.91,6,East,167.66
59,44.47,4,West,68.09
12,41.07,6,South,104.99
55,56.83,8,East,133.98
14,51.1,2,West,62.9
59,88.23,2,South,118.49
12,73.39,4,North,112.74
34,27.75,1,South,79.3
48,65.59,3,South,101.11
5,50.82,4,East,75.18
5,55.41,3,North,128.88
51,60.31,5,South,112.59
4,88.19,7,East,147.89
37,80.73,5,East,138.55
57,40.45,6,East,109.8
37,53.33,5,East,120.89
29,45.63,4,South,104.37
26,27.86,6,South,80.81
39,52.26,5,South,105.06
35,114.19,8,South,180.29
31,27.53,7,South,92.36
10,54.08,9,West,131.65
40,53.39,4,East,121.17
45,61.26,8,North,118.56
43,37.15,4,South,95.36
5,30.88,3,North,80.82
43,31.46,2,East,81.29
44,92.98,5,South,148.31
12,36.85,4,West,66.73
51,44.71,4,North,127.66
32,126.7,2,North,138.08
29,40.7,3,North,75.32
44,62.61,3,North,104.01
31,83.56,6,West,138.91
33,81.96,4,South,117.4
19,32.05,6,South,90.85
56,41.04,6,East,97.64
59,61.62,4,North,111.66
8,118.11,7,South,169.45
44,40.26,4,South,95.48
2,44.82,5,South,108.43
23,64.58,5,South,119.71
59,69.96,8,North,149.71
11,71.67,6,North,128.95
23,38.92,7,West,76.12
14,44.13,6,East,108.95
44,59.51,8,North,147.65
28,90.46,6,North,159.62
36,49.63,2,North,101.57
57,54.11,3,North,99.18
32,36.22,4,North,73.8
45,115.04,3,West,143.17
6,58.07,6,East,104.06
13,84.02,5,East,133.83
57,55.26,3,North,113.13
52,56.49,5,West,106.03
40,29.96,6,East,89.33
23,23.1,7,South,115.16
12,90.09,4,East,143.4
52,56.33,5,West,93.52
48,59.3,4,North,138.0
15,33.13,6,North,107.77
36,38.05,7,North,101.94
38,83.51,3,West,131.6
29,109.51,4,East,151.17
56,42.58,5,North,107.49
8,71.42,4,East,107.3
16,58.91,5,North,122.45
6,52.03,5,North,103.54
42,114.52,8,South,191.86
39,45.55,7,North,147.21
60,89.68,6,South,141.81
33,63.6,5,South,98.25
10,54.23,7,West,98.39
28,94.52,7,North,160.44
6,61.32,5,North,108.39
41,52.53,2,North,86.89
41,94.8,5,West,144.9
52,89.99,3,East,116.14
21,88.3,1,North,113.55
19,11.53,5,West,79.81
5,65.11,9,North,123.8
25,59.43,5,East,102.59
29,53.84,4,South,119.99
46,69.68,5,North,135.58
46,60.6,6,South,105.94
9,71.6,7,South,111.18
18,49.05,5,North,146.12
31,99.41,8,East,181.41
21,74.56,1,East,108.36
2,67.83,3,East,105.67
51,66.52,8,South,132.95
44,86.74,6,West,139.95
32,82.16,7,East,155.87
20,52.19,7,West,103.13
51,81.14,3,West,116.43
3,58.53,2,West,90.54
27,117.54,4,South,145.23
49,84.7,4,North,138.41
58,42.51,3,West,73.1
16,138.7,4,East,185.66
40,23.55,8,South,111.64
12,70.45,5,South,95.09
7,41.33,6,East,89.82
22,115.92,5,North,168.02
54,60.41,6,South,125.4
42,39.74,3,South,83.03
30,49.08,2,South,96.0
17,41.04,2,West,90.33
9,48.31,5,South,65.3
17,47.87,8,North,104.37
10,40.43,3,South,72.46
12,60.83,4,South,103.41
42,63.85,2,East,93.23
8,36.65,4,North,89.23
3,28.13,4,West,60.08
33,61.83,5,West,93.67
18,67.54,5,North,133.91
28,73.12,3,East,125.81
9,68.07,3,North,111.79
13,102.42,6,South,130.54
27,81.36,4,North,129.83
42,159.48,5,North,223.16
25,188.72,3,East,243.32
33,27.02,3,North,91.62
32,22.67,6,North,97.31
17,54.44,1,West,75.86
17,66.8,8,West,123.42
26,52.97,4,North,120.05
2,72.34,5,East,117.28
42,49.0,9,East,113.27
37,41.36,6,North,132.35
19,43.94,5,South,115.53
23,50.4,4,West,78.28
20,76.51,7,South,128.62
40,44.94,6,West,109.38
46,48.64,6,South,105.2
7,68.59,8,West,106.49
25,50.42,8,South,103.62
1,85.34,5,North,130.77
28,37.8,2,South,59.89
15,34.66,9,West,108.9
21,61.67,8,West,125.45
28,64.18,6,South,143.98
20,38.63,1,South,81.0
24,93.45,5,West,137.8
46,117.92,5,North,194.37
49,42.47,8,South,107.83
1,98.98,6,North,141.65
23,21.06,5,East,97.57
51,83.97,5,South,157.88
32,38.74,5,West,102.35
13,80.68,7,East,125.57
36,37.17,5,North,92.42
9,53.12,2,South,85.51
2,39.49,4,North,75.36
38,50.12,5,East,99.2
31,113.52,2,North,156.45
46,52.29,9,North,137.27
21,126.99,4,North,202.7
52,46.79,4,West,110.45
26,99.16,3,East,161.07
45,28.49,8,East,104.31
7,48.69,3,West,93.37
6,44.06,4,West,71.9
47,101.0,2,North,155.99
51,58.8,7,East,138.98
57,23.68,4,East,71.73
20,32.33,7,North,121.98
2,36.41,8,North,104.33
59,79.33,5,North,152.54
37,75.34,6,South,123.96
15,48.42,8,East,124.95
46,43.84,6,East,117.78
55,72.72,5,North,148.59
18,34.75,4,West,100.05
47,65.57,6,West,136.11
48,63.37,6,East,118.99
31,48.92,2,West,70.4
38,64.01,5,North,145.59
17,56.87,7,South,134.87
56,66.62,3,North,96.01
59,32.02,4,North,102.12
59,69.81,4,South,93.59
45,82.32,3,South,127.49
3,62.08,2,West,86.85
22,69.44,9,East,150.13
27,52.25,4,South,100.02
58,77.99,2,South,108.44
33,56.04,4,West,106.25
33,34.5,6,South,103.45
9,75.8,4,South,121.59
48,28.4,6,East,101.1
21,61.14,6,North,118.99
6,46.82,7,West,72.06
60,45.64,1,West,60.77
12,58.49,4,North,109.25
1,41.11,4,North,105.46
5,67.01,3,East,107.43
28,55.85,4,West,121.04
7,42.65,3,West,75.28
51,93.25,4,West,146.5
31,59.26,3,North,93.32
20,70.27,7,North,128.74
1,96.22,7,South,156.52
29,95.59,6,West,148.52
10,68.85,7,North,135.62
59,48.37,5,South,80.63
18,30.82,3,South,78.2
29,59.3,4,North,119.5
2,84.59,3,West,75.84
8,62.91,7,North,138.22
13,13.77,4,West,50.07
4,77.33,3,East,103.03
44,79.25,2,South,121.62
57,48.4,7,North,121.18
60,81.07,7,West,123.94
16,70.19,3,South,96.43
48,41.5,5,West,102.07
31,90.79,4,North,137.22
3,32.88,4,South,67.64
6,53.36,5,South,105.44
33,51.27,7,North,133.07
26,39.25,7,North,114.74
1,61.65,7,South,115.57
56,92.22,7,East,158.85
44,89.94,6,South,142.99
31,72.93,3,East,110.04
60,27.71,9,North,123.98
59,32.0,5,North,112.55
59,58.35,3,West,88.66
16,53.86,10,North,144.15
53,44.74,4,East,109.25
31,116.99,6,North,184.72
44,56.96,4,South,102.98
52,67.83,5,West,99.23
10,81.06,5,North,136.67
27,55.81,6,South,121.58
8,153.92,4,West,170.16
17,37.48,4,South,83.64
25,42.84,4,West,81.42
52,37.44,5,East,79.86
52,102.01,9,North,165.87
24,75.25,5,West,133.22
20,43.92,6,South,124.26
32,38.65,6,North,131.17
55,95.01,6,South,141.54
59,63.1,9,North,165.63
14,95.98,8,North,163.83
12,53.3,4,South,82.23
43,66.99,2,North,132.07
19,61.56,8,East,124.8
12,42.54,7,South,96.72
2,51.54,6,West,85.57
25,34.0,3,South,69.86
24,66.53,5,North,152.32
34,74.03,5,West,137.66
13,81.13,6,North,125.96
43,71.28,6,South,134.77
41,51.87,3,West,87.14
28,101.57,5,East,147.05
11,78.02,6,North,135.54
31,95.15,6,West,148.26
41,97.56,3,South,136.14
23,51.92,7,East,129.34
16,63.76,4,South,112.32
31,74.43,5,South,108.69
22,34.48,3,West,70.06
25,34.79,5,North,102.83
21,32.47,3,East,89.3
19,52.29,3,North,77.89
44,47.78,5,South,123.46
28,30.75,6,South,92.74
28,57.96,7,South,127.47
40,52.55,7,North,111.02
22,87.61,4,South,126.6
7,122.14,2,East,129.4
52,65.53,1,West,101.35
4,41.32,7,East,91.48
35,70.72,6,North,142.13
16,54.8,11,North,144.75
13,49.6,2,East,70.07
3,38.68,4,North,94.91
55,45.35,7,North,115.28
26,50.85,4,South,101.18
21,75.31,9,West,137.22
45,66.98,5,East,129.34
3,113.32,4,South,148.7
34,71.5,2,East,111.76
30,64.7,3,West,111.72
34,48.3,3,West,96.57
8,36.05,3,West,65.96
58,43.47,4,West,89.75
15,41.27,5,East,84.43
41,19.6,9,South,92.4
45,36.47,3,West,78.22
21,103.64,6,South,146.67
8,63.27,2,East,84.5
18,46.96,6,North,125.63
49,64.03,4,West,117.2
55,24.99,5,North,62.78
57,61.12,5,South,113.05
14,91.01,3,South,130.64
37,52.02,5,North,116.06
10,26.88,5,East,84.61
43,46.27,5,East,112.12
25,91.08,7,West,147.09
43,60.55,3,North,110.48
42,30.96,4,North,82.46
60,140.76,3,East,160.36
30,33.07,4,East,89.74
21,49.54,3,East,75.68
32,36.06,3,East,92.62
10,36.07,3,North,94.52
7,45.56,3,West,80.05
32,70.42,4,West,104.62
50,91.49,5,East,159.48
32,46.78,5,North,83.99
47,36.45,8,North,117.64
11,66.12,5,East,89.74
27,66.9,1,North,113.79
37,60.11,6,East,115.73
21,60.96,6,North,120.24
1,52.19,5,South,67.33
5,56.78,5,South,97.67
56,50.77,3,North,105.84
37,83.77,9,West,143.98
16,133.14,3,North,181.41
16,58.67,9,South,121.35
3,54.45,2,North,94.73
57,60.48,5,East,100.92
7,41.96,3,South,90.42
46,74.14,8,East,169.79
15,65.14,3,South,91.15
21,46.15,8,North,147.44
17,78.32,5,East,121.81
50,55.01,2,North,110.48
2,37.04,5,East,54.89
22,62.84,2,East,92.55
17,60.03,7,East,133.64
17,80.17,3,West,129.94
12,76.14,7,North,143.39
55,52.26,4,South,84.55
23,45.2,4,West,91.77
26,54.64,9,West,110.37
24,63.14,3,West,87.12
59,66.25,4,West,102.05
21,61.59,4,East,116.16
21,52.65,5,North,107.34
20,81.35,3,North,126.48
20,41.69,3,East,88.2
6,147.2,6,East,195.8
37,74.09,8,North,141.99
2,34.78,4,East,65.67
14,58.8,8,East,128.11
13,74.37,8,North,152.68
18,47.48,10,East,135.59
46,30.02,7,North,115.81
36,36.03,5,North,103.28
60,67.82,4,West,120.62
22,27.06,5,North,104.97
56,30.58,7,East,117.86
3,67.68,6,North,116.52
31,49.95,6,East,100.61
48,41.33,6,East,104.06
32,44.8,2,North,97.06
56,30.32,4,North,98.76
19,66.27,9,North,131.1
2,39.54,9,North,104.89
47,44.07,4,East,88.3
5,62.72,3,South,91.46
46,49.27,2,West,64.59
45,41.19,7,North,129.13
51,24.64,3,North,68.53
29,63.24,7,South,118.34
54,56.35,3,North,99.08
11,44.39,6,West,91.28
27,36.05,10,East,134.35
8,54.88,11,East,159.73
47,66.17,4,South,115.85
43,56.78,5,South,106.99
49,105.13,4,North,156.11
46,72.38,6,East,136.99
19,52.3,6,North,149.52
5,73.36,5,North,114.68
56,55.67,6,East,140.16
30,55.59,10,North,162.25
6,91.7,8,West,131.52
56,38.12,7,North,120.54
60,55.11,6,South,93.74
27,87.87,4,East,142.67
47,61.78,7,East,117.7
3,47.1,7,South,97.27
6,27.59,8,East,90.82
17,22.02,6,West,78.27
40,125.27,7,East,182.99
9,61.77,3,West,89.94
3,43.22,6,East,87.2
41,62.79,4,North,120.53
47,37.37,3,West,80.78
45,47.82,5,West,79.67
48,37.47,7,North,121.82
49,31.02,6,North,98.74
37,23.52,6,South,78.45
32,28.82,5,North,82.31
52,82.15,6,North,135.17
21,36.79,4,North,92.8
6,67.62,9,East,133.08
46,80.05,5,West,128.99
17,54.96,4,West,90.41
59,48.45,3,South,95.32
25,57.58,5,North,119.91
52,46.22,1,East,76.4
3,88.37,6,North,160.77
40,115.66,1,North,162.21
27,97.51,1,East,119.88
28,23.09,7,West,82.79
16,45.84,2,East,69.13
59,54.69,2,East,109.91
24,65.71,2,West,94.91
52,27.36,5,East,72.48
26,27.18,10,East,116.14
3,92.09,8,East,131.53
53,43.66,4,North,102.16
12,30.12,4,West,63.82
17,35.11,4,West,68.09
52,63.83,1,North,109.29
54,39.29,5,East,101.73
56,60.14,7,North,144.97
26,36.91,5,North,113.88
46,27.18,6,North,116.65
20,96.52,6,North,167.62
45,64.03,6,East,115.65
31,47.77,7,South,129.75
4,44.32,4,North,116.76
26,98.1,5,South,135.44
29,69.17,4,South,104.83
16,86.38,3,West,125.59
23,43.23,9,East,137.68
31,55.72,9,South,127.16
3,64.13,2,East,68.86
10,43.81,5,North,81.0
47,52.55,5,North,112.95
22,43.23,4,South,105.23
37,64.05,3,North,120.81
34,32.18,5,South,82.36
34,68.63,7,West,145.35
25,61.82,3,East,111.49
29,50.33,4,North,107.54
50,65.35,5,South,102.42
58,47.18,3,South,78.24
16,41.76,2,North,104.87
41,67.86,2,South,99.37
59,69.05,2,North,98.58
1,44.57,5,East,80.96
48,43.07,3,South,89.32
30,50.74,3,West,87.27
59,43.78,4,North,123.6
35,100.49,9,East,189.6
51,61.97,3,North,105.5
10,54.92,7,North,116.42
9,37.6,12,South,124.34
56,73.38,6,South,136.11
32,42.75,8,West,100.35
34,42.05,3,West,88.32
11,74.37,5,East,114.65
14,63.75,4,West,104.11
50,20.06,3,North,79.67
19,51.26,9,East,129.77
36,57.41,6,East,124.18
19,47.66,4,East,99.81
16,58.22,5,North,121.3
10,26.47,7,South,82.98
56,17.59,4,South,78.81
57,36.96,3,West,101.28
7,61.12,3,West,94.95
22,15.03,1,North,56.0
34,38.96,6,South,111.11
23,25.3,5,North,102.76
44,49.55,6,North,135.94
16,119.48,4,South,159.81
4,50.06,8,East,113.96
21,52.3,6,North,98.0
36,76.38,8,North,154.45
11,55.07,5,East,113.0
49,50.1,3,East,111.43
1,79.1,6,East,107.73
5,65.94,5,South,90.08
31,61.28,4,North,132.56
31,51.65,5,North,116.02
18,47.54,6,West,101.6
16,78.8,7,East,145.34
5,47.72,6,East,109.33
40,89.34,9,West,175.6
23,35.91,6,North,100.5
8,96.88,4,West,114.13
24,65.94,4,West,120.33
57,37.06,7,West,98.58
16,66.93,4,North,126.33
54,42.09,4,South,76.6
16,55.33,6,South,105.98
12,44.94,5,East,105.43
16,51.77,9,North,142.48
20,79.56,6,North,148.02
8,67.18,6,North,105.1
36,34.81,3,South,61.41
21,35.61,5,East,105.42
44,60.84,3,South,107.45
30,62.63,6,East,130.7
27,41.69,2,North,106.01
29,103.19,4,East,156.08
10,75.6,3,South,93.67
43,42.51,3,South,88.79
7,40.9,6,West,87.5
44,49.84,7,South,117.72
60,47.81,5,North,122.38
46,90.24,5,North,153.52
28,80.95,9,East,157.06
19,55.37,8,West,116.83
53,71.6,6,South,140.55
16,75.88,9,East,170.45
29,55.89,5,West,104.82
47,64.14,5,North,141.11
56,69.25,6,North,148.93
56,66.36,5,North,158.64
6,39.98,5,West,96.73
54,41.63,5,North,112.88
7,48.65,6,West,85.71
36,41.15,4,East,70.8
56,30.29,4,North,97.83
40,71.55,5,West,121.9
57,62.71,5,South,117.62
21,31.95,3,South,76.73
19,49.58,5,East,112.05
20,50.72,7,East,118.07
22,58.72,4,West,87.29
41,35.42,4,East,96.31
28,31.77,4,West,76.73
45,67.21,6,South,119.77
25,29.56,7,West,117.21
19,49.75,3,West,85.26
12,47.92,7,North,113.35
34,51.97,6,East,122.92
54,60.41,7,North,167.59
52,103.49,8,South,177.32
16,28.8,2,East,60.31
29,77.53,4,South,153.2
43,19.99,9,North,123.1
37,95.34,2,South,132.92
5,24.12,5,North,72.19
36,144.68,6,West,190.21
3,46.72,8,West,107.81
7,91.48,6,West,138.48
40,84.24,7,South,121.51
7,45.85,3,East,76.13
21,47.28,6,West,103.81
36,39.06,4,North,86.78
40,74.81,2,East,93.92
27,46.09,6,East,123.88
6,39.35,3,North,83.23
48,67.69,8,South,134.16
57,38.13,5,West,85.47
54,47.87,4,West,98.24
45,56.99,2,North,113.57
25,42.23,6,West,108.28
53,44.85,4,West,93.16
30,100.89,6,South,164.42
9,50.32,3,North,107.23
52,47.28,7,South,130.36
20,50.9,2,South,87.22
57,65.48,4,East,117.35
23,36.11,3,North,110.44
53,64.77,5,South,106.93
33,60.48,5,North,120.92
29,26.7,6,North,112.29
18,111.91,7,South,177.58
51,97.94,4,South,132.89
4,39.64,5,West,79.74
29,34.85,4,North,97.61
23,59.81,5,South,108.58
33,30.87,2,West,65.53
16,94.23,2,West,124.89
40,45.27,3,South,101.49
24,104.45,2,East,155.6
12,39.26,3,North,92.61
12,52.2,2,West,68.18
42,90.64,8,West,152.12
16,47.98,3,South,82.71
19,60.88,4,North,104.87
38,84.53,6,North,143.8
20,43.71,5,North,82.34
24,32.96,8,North,116.42
15,30.46,7,South,80.6
21,68.95,3,South,109.74
42,63.78,5,North,126.85
33,83.48,7,East,168.98
60,48.93,4,South,104.82
47,30.81,7,North,75.94
2,21.3,4,South,42.37
23,171.95,4,North,218.11
18,67.41,3,West,92.19
36,57.67,6,South,112.13
16,61.04,6,East,99.59
58,30.8,6,East,101.91
18,39.73,5,North,100.1
32,109.65,3,East,138.52
8,71.05,6,North,118.15
55,40.23,4,East,92.18
55,33.42,6,North,137.27
48,44.42,3,South,81.7
22,48.13,3,South,98.16
4,123.92,6,North,188.37
43,50.64,7,North,124.9
26,33.93,4,South,85.64
60,53.33,9,South,117.27
42,60.69,8,East,108.69
33,32.71,5,West,84.2
60,64.13,6,North,137.65
49,88.55,8,South,148.2
28,57.71,4,North,134.32
2,39.69,11,East,122.78
6,44.19,4,West,48.99
27,28.12,6,North,98.57
34,51.75,4,East,106.12
2,61.83,7,East,121.31
8,38.14,4,South,79.15
43,118.61,6,East,180.4
46,74.96,2,West,112.92
2,26.65,4,East,45.94
31,26.87,7,West,88.04
5,36.83,5,North,81.98
44,102.44,4,South,164.45
51,77.97,4,North,143.52
53,104.53,2,North,155.6
36,54.82,9,West,134.97
38,50.21,7,West,109.31
56,33.15,5,South,77.82
37,62.79,6,South,121.43
27,50.48,2,East,97.02
46,49.71,7,East,145.44
36,104.29,5,South,168.87
51,51.91,6,South,101.33
32,92.98,6,North,171.41
53,28.93,5,South,95.41
3,160.01,2,North,168.83
3,47.03,4,North,88.63
6,72.45,5,East,111.47
34,77.21,2,East,100.23
43,44.75,4,North,103.48
13,75.76,5,West,111.24
10,77.35,4,South,121.25
52,41.05,2,North,89.21
46,41.24,5,East,93.57
39,55.6,5,West,98.25
30,52.13,7,East,138.39
26,95.32,4,East,152.78
2,72.32,3,South,77.69
12,53.08,10,South,128.56
54,69.58,1,North,103.79
21,24.08,4,South,53.71
43,42.69,4,West,84.42
43,61.26,3,North,135.96
19,85.3,7,North,164.35
13,59.14,4,North,107.58
42,97.84,5,East,163.29
6,77.26,5,West,117.16
30,44.91,5,North,110.05
54,51.62,1,North,111.21
43,64.29,2,West,80.66
46,45.63,3,West,99.41
5,100.74,3,East,134.56
12,35.04,3,East,76.09
17,61.96,2,South,87.09
18,73.27,5,North,111.44
12,48.16,2,East,69.77
59,44.01,4,East,97.59
10,52.96,2,West,64.46
43,75.55,4,South,110.34
36,44.7,9,East,132.04
37,35.6,10,West,100.45
13,86.51,3,North,130.43
19,64.05,2,North,96.82
37,81.71,6,South,124.88
18,73.98,5,East,141.04
42,130.58,6,South,169.02
3,85.28,5,East,97.84
5,40.87,6,South,108.81
44,65.9,1,East,91.8
38,43.68,3,West,69.33
3,45.53,4,West,81.79
54,31.03,4,North,88.07
1,48.69,2,East,66.51
58,67.9,4,East,117.29
44,53.18,6,West,113.12
60,35.17,10,East,130.98
57,29.69,6,South,108.59
19,127.07,1,South,160.67
46,62.18,6,West,117.0
13,39.27,4,North,111.0
29,65.67,6,East,142.11
15,131.06,6,East,174.41
30,69.98,8,West,146.54
53,17.91,2,North,105.18
27,157.74,3,South,183.42
6,26.06,4,East,68.14
20,50.28,8,South,89.66
48,34.7,6,South,101.08
32,40.61,6,South,110.09
34,61.18,5,East,122.43
26,23.85,7,South,98.17
18,52.66,11,North,164.09
36,86.4,2,South,109.7
38,38.97,6,South,89.33
54,31.31,4,South,89.69
38,51.64,9,East,141.46
60,47.69,6,North,117.22
50,43.03,3,South,89.74
5,33.94,3,East,64.96
24,67.2,7,East,148.03
24,69.28,8,South,147.64
1,35.65,7,West,84.51
11,37.68,4,East,74.7
46,57.66,8,South,116.58
22,37.11,5,South,99.43
9,58.64,6,South,137.99
18,98.22,4,East,143.7
17,53.31,3,West,70.75
11,33.6,5,North,115.11
7,63.87,7,South,133.33
46,50.85,5,East,127.14
50,51.42,6,South,107.97
30,66.03,3,South,102.21
37,71.98,5,North,133.0
56,55.38,4,South,97.37
51,53.29,1,West,80.4
2,124.64,5,East,156.54
58,88.25,4,South,133.5
5,76.2,4,South,111.18
2,57.54,3,South,77.71
25,36.51,5,East,80.89
45,85.71,7,North,150.76
5,57.84,8,North,128.26
18,43.34,1,North,86.15
16,49.54,3,East,72.25
24,37.1,3,East,82.99
60,83.34,6,East,150.9
20,71.75,7,North,157.67
13,58.71,5,North,123.46
8,53.67,2,East,92.76
12,41.58,6,West,95.48
8,23.29,4,South,41.29
35,31.03,3,South,72.47
26,40.57,3,North,106.44
30,38.2,2,North,78.63
50,61.3,5,East,127.47
35,75.54,6,North,128.08
10,51.86,1,East,92.06
23,95.93,2,South,128.38
19,39.92,2,West,53.94
50,51.72,8,South,112.11
19,53.5,2,North,103.79
9,84.51,9,North,157.68
45,56.96,4,East,131.08
26,57.59,4,South,100.9
6,28.16,6,East,83.77
42,38.09,4,East,111.56
13,84.64,10,South,161.66
53,23.8,5,South,75.18
50,93.43,4,North,146.55
23,66.68,7,North,158.33
34,40.49,5,South,114.87
35,39.14,3,West,68.98
40,116.56,5,East,161.41
5,96.02,4,East,122.89
20,52.05,10,South,136.1
11,57.62,5,North,137.61
42,42.16,5,South,107.91
5,57.62,5,North,112.99
32,41.7,4,North,108.74
44,52.91,6,East,124.55
57,112.63,4,North,149.71
18,52.55,2,West,82.6
1,35.9,4,North,111.32
44,31.61,4,South,73.69
1,57.45,7,West,71.28
4,40.27,2,South,81.21
60,60.26,5,North,122.37
52,28.57,4,West,75.78
43,71.96,8,North,166.76
51,35.73,3,West,85.18
5,55.62,4,South,107.5
6,47.69,3,North,97.84
19,108.57,6,South,163.97
2,58.47,3,South,95.1
54,118.89,4,North,157.89
4,68.33,9,North,164.04
33,96.56,5,East,110.21
52,50.22,2,East,92.46
45,62.69,3,West,101.82
15,88.9,3,West,122.87
29,78.41,7,East,114.56
33,67.52,7,North,131.21
47,47.89,3,North,113.33
26,51.24,5,East,128.24
18,86.06,5,South,126.73
48,93.54,6,East,148.54
54,43.07,6,East,104.23
30,40.55,10,East,143.81
2,38.03,3,North,97.74
31,76.09,4,North,136.58
54,37.65,3,South,84.91
60,75.72,3,North,124.09
25,67.92,2,East,107.05
10,43.9,5,West,87.72
35,102.06,4,North,171.12
50,30.42,4,North,86.27
57,106.04,6,West,165.36
4,62.03,7,West,93.94
18,23.82,4,North,56.83
29,103.21,4,North,173.5
6,80.55,7,North,149.03
54,46.0,1,North,111.74
7,37.12,6,South,72.21
40,29.15,1,West,67.69
56,143.48,5,South,184.21
42,37.74,2,North,104.59
46,32.94,3,North,94.16
16,60.77,7,East,121.2
50,28.36,4,East,73.56
26,36.87,3,East,90.65
4,81.29,7,South,129.11
22,65.74,5,North,125.7
21,46.78,2,East,99.1
32,55.0,4,East,115.77
16,45.74,7,West,78.65
28,53.26,5,North,114.36
26,40.26,4,South,95.95
20,43.29,4,South,81.55
42,42.77,2,East,71.58
19,40.84,3,East,68.96
46,82.89,4,East,118.85
16,74.3,3,South,113.89
52,37.6,4,East,88.19
22,33.86,2,East,55.07
3,51.27,9,North,117.47
9,129.3,5,South,157.84
49,36.19,3,South,84.77
53,51.19,5,North,105.96
13,56.57,5,South,78.59
37,52.28,6,North,129.17
35,45.45,4,North,112.7
9,86.66,3,West,124.1
28,65.48,5,South,132.03
42,76.58,5,West,114.03
59,69.11,5,West,124.43
51,78.07,2,East,124.66
6,102.9,1,South,102.02
15,92.98,7,West,144.24
27,138.37,4,West,168.92
10,88.85,7,North,153.94
35,41.77,4,North,101.18
1,76.63,4,South,121.05
7,72.54,7,West,130.01
3,117.7,6,North,181.63
18,37.08,6,South,110.09
46,68.25,7,South,124.77
11,41.58,3,East,76.59
60,67.02,5,East,130.95
17,50.1,8,East,110.49
3,66.14,6,North,137.54
21,31.06,4,East,76.52
45,74.99,6,North,123.83
7,59.29,4,South,87.52
5,58.03,5,West,86.09
51,119.12,4,South,165.14
36,46.85,2,South,53.44
21,62.61,3,East,108.36
46,56.83,6,South,118.76
51,59.1,7,East,148.31
22,132.78,3,East,164.95
34,56.01,5,East,117.76
1,43.51,4,South,70.82
19,115.4,6,North,179.95
36,48.28,8,East,117.76
12,28.73,6,North,124.97
60,40.6,4,West,80.71
59,33.16,3,West,71.63
16,26.58,6,South,95.42
24,47.22,8,South,111.95
12,53.09,3,North,120.32
31,87.55,3,West,125.52
8,70.23,3,North,118.49
24,68.96,3,South,111.01
34,38.2,3,South,83.81
37,77.79,3,South,114.9
36,95.25,3,West,139.34
14,63.93,8,North,123.09
48,64.65,7,South,140.86
42,32.92,8,East,117.61
46,83.24,3,North,163.48
29,111.31,4,North,180.52
54,62.13,4,West,91.91
24,43.05,3,North,105.37
49,51.17,6,North,147.49
13,46.15,3,North,94.14
15,47.27,8,East,110.13
32,70.75,8,North,169.04
34,61.06,6,West,115.74
45,81.58,7,South,138.39
18,63.33,7,East,112.19
53,38.64,7,East,118.08
20,44.69,9,East,107.91
33,43.59,5,West,104.98
56,50.67,4,West,99.04
33,111.93,6,East,159.16
41,119.34,5,North,196.58
55,76.3,6,North,147.3
59,57.25,5,East,107.31
30,31.67,4,East,71.39
26,59.62,8,West,113.97
12,39.81,4,North,98.4
33,104.82,8,East,174.15
56,28.72,4,South,78.04
30,63.68,5,North,128.23
21,38.49,4,South,110.79
7,54.39,8,North,142.62
24,71.27,6,North,166.8
15,82.17,6,East,131.91
59,53.29,7,South,129.82
32,74.03,2,East,105.71
9,41.89,4,East,56.41
5,60.23,5,West,80.52
52,81.52,9,North,191.2
56,62.35,6,North,141.43
46,44.18,2,East,101.54
8,48.83,5,East,81.32
6,81.96,6,North,139.93
12,35.28,3,South,67.86
46,37.42,4,South,62.8
46,69.45,5,South,139.61
51,45.8,8,West,122.56
6,30.53,8,West,79.48
10,93.72,7,East,166.48
55,35.17,4,North,82.57
56,50.41,9,South,130.07
44,42.61,4,West,85.33
7,48.47,4,South,78.97
5,38.33,3,South,82.34
4,72.65,4,North,118.49
42,57.07,4,North,106.99
51,80.92,3,South,124.17
38,42.79,6,East,101.24
16,128.15,6,North,186.22
46,25.49,1,North,83.46
4,28.96,3,South,48.24
50,110.08,4,North,171.18
54,66.0,5,West,107.97
44,62.59,2,South,100.55
53,64.88,12,South,165.86
36,68.61,3,West,128.28
29,61.55,4,East,123.17
20,37.1,4,East,106.11
56,75.74,7,South,138.33
42,71.11,8,South,131.77
12,96.68,4,West,116.81
58,110.58,3,South,154.66
4,62.31,5,North,139.26
36,33.41,4,North,98.35
12,110.94,9,West,188.26
40,36.33,6,East,85.16
25,62.5,6,East,131.98
27,49.27,4,East,101.2
41,45.96,2,North,94.06
46,74.12,3,East,118.4
23,60.21,5,West,101.41
60,67.04,7,North,149.12
30,39.4,3,North,100.45
10,50.93,7,West,109.54
1,40.13,4,West,66.56
13,50.42,6,East,108.09
42,52.07,5,North,123.48
33,114.17,5,East,163.28
21,49.22,4,North,102.44
29,23.33,4,East,78.96
51,95.4,5,North,143.2
35,65.35,4,North,118.86
4,51.81,9,West,90.77
3,45.84,4,South,70.72
29,37.38,4,North,104.19
25,118.54,9,South,176.62
52,55.74,4,East,105.58
35,27.25,8,North,120.53
46,62.25,2,North,115.0
36,88.45,7,East,159.69
21,58.12,8,West,106.55
40,38.07,4,South,92.35
38,36.73,4,West,79.61
44,37.83,3,South,100.73
12,100.35,4,West,129.18
39,53.06,8,South,132.94
18,27.9,2,South,58.64
48,63.67,8,North,145.76
48,57.77,3,South,90.12
38,45.62,4,West,53.1
57,36.3,3,South,68.03
33,35.67,2,East,91.07
2,84.32,7,West,123.78
37,60.28,3,East,117.82
47,66.12,7,South,147.62
7,60.21,6,West,92.87
7,62.24,7,North,139.21
17,45.27,3,North,79.6
51,50.28,6,East,103.76
32,87.0,3,North,141.19
59,96.14,4,East,147.57
53,33.49,7,North,119.69
34,50.23,4,North,135.48
41,76.38,6,East,157.2
20,115.91,2,West,141.27
6,111.36,3,South,132.83
24,39.71,4,North,120.1
36,90.92,5,South,134.71
11,55.89,6,North,125.36
14,82.91,3,East,100.42
1,74.84,4,North,119.76
45,32.93,4,North,126.03
54,68.03,5,East,139.87
50,81.64,7,North,163.42
23,54.16,2,North,113.74
36,49.48,7,East,101.21
58,29.12,3,South,81.92
36,71.77,3,South,113.88
18,59.35,6,North,144.3
21,37.76,5,East,101.83
44,47.93,5,East,93.85
27,58.08,4,North,140.22
51,43.66,4,North,105.39
52,54.66,4,South,124.86
3,27.11,6,North,86.04
44,93.67,4,West,121.43
23,54.95,7,West,101.21
32,35.17,3,South,61.13
16,20.41,5,East,85.65
23,82.41,4,South,121.26
20,68.25,1,West,97.94
4,59.4,4,North,95.51
47,77.13,5,West,129.97
9,77.04,4,South,108.17
23,59.01,5,South,111.02
12,49.32,6,East,112.59
10,46.21,2,North,100.0
23,64.61,4,West,112.22
56,95.47,2,South,145.72
57,52.4,5,East,91.91
23,98.55,4,South,129.52
31,63.39,4,West,98.79
60,63.58,5,North,138.64
15,142.89,7,North,189.58
57,105.75,8,West,154.63
7,106.85,5,West,141.06
14,39.68,5,East,85.95
21,131.22,3,North,156.28
3,52.83,7,North,121.76
49,49.85,5,West,96.18
52,23.02,6,South,70.31
24,62.21,4,West,105.79
51,35.4,4,South,49.76
47,64.28,6,South,112.38
49,34.31,8,East,134.47
49,112.07,8,South,189.02
35,68.08,6,West,120.36
7,135.9,3,North,176.64
56,36.26,8,North,108.75
37,101.46,5,North,184.38
55,26.55,4,West,73.73
58,59.34,4,East,111.99
12,42.41,7,North,116.2
25,45.64,7,West,107.63
12,44.41,1,West,60.03
4,37.87,6,South,100.11
58,32.99,4,South,88.11
56,45.74,6,North,114.73
56,57.19,6,West,109.48
54,86.96,4,South,146.1
39,61.44,3,West,113.73
32,87.06,7,East,139.11
60,30.23,5,East,93.64
34,45.92,4,North,91.68
39,72.56,8,East,150.58
13,62.63,4,North,107.77
45,38.69,7,North,104.53
50,79.33,5,West,141.47
41,44.15,4,North,121.54
30,40.01,6,South,91.82
12,66.34,7,North,141.7
3,54.73,5,North,104.9
38,44.29,2,North,93.81
41,43.7,11,East,149.62
47,35.59,2,South,77.65
58,46.6,6,North,122.13
30,84.78,5,South,164.03
50,60.21,4,South,106.93
43,80.11,2,East,116.65
17,67.12,6,North,112.56
51,42.74,8,North,158.4
4,28.23,3,West,37.21
36,37.68,5,South,108.9
57,41.74,6,South,90.73
40,40.47,6,West,95.69
57,80.83,8,East,162.78
4,80.5,4,West,133.4
32,132.26,5,West,162.98
47,40.23,6,South,119.49
39,103.44,3,East,137.14
53,103.18,9,North,195.28
28,49.75,9,South,114.88
41,65.98,4,South,114.92
26,89.68,9,North,186.04
53,53.33,6,South,123.7
8,51.7,5,West,97.8
16,42.48,3,North,93.36
6,21.24,4,East,57.93
43,56.16,9,East,151.74
14,41.1,5,East,111.33
20,35.51,5,North,88.8
51,64.64,3,North,118.94
22,30.55,6,South,84.29
9,75.37,5,North,133.93
2,66.25,6,North,114.92
14,46.52,2,North,92.49
55,53.23,5,South,119.02
33,33.92,6,South,75.22
60,73.71,7,South,130.55
13,58.85,5,North,118.82
22,60.63,3,East,95.15
10,66.74,4,South,107.57
24,42.23,7,South,96.26
34,29.74,6,West,91.61
49,80.07,7,South,142.73
23,71.92,5,North,128.53
47,44.07,6,West,83.98
38,64.31,3,East,114.49
18,90.3,4,North,167.92
55,86.1,6,East,156.79
27,43.56,7,North,134.01
10,30.1,6,West,71.48
58,32.24,5,West,83.42
55,48.2,8,West,103.78
3,98.0,5,West,116.06
55,40.8,4,East,101.48
57,43.01,7,North,111.48
50,42.66,5,North,110.43
16,44.14,7,East,99.59
38,54.35,2,North,102.42
33,32.72,3,South,65.38
38,84.25,8,South,129.39
37,51.53,4,South,104.69
39,147.18,2,South,173.53
31,34.14,7,North,126.54
42,103.13,3,East,163.24
32,95.25,2,West,127.42
1,46.31,4,West,81.34
3,46.62,6,North,115.07
58,37.77,7,West,121.28
55,37.94,5,North,98.51
36,54.58,7,North,131.85
11,55.05,2,North,88.76
47,28.76,3,North,88.76
9,136.65,3,East,154.86
23,49.21,4,North,99.68
20,56.05,5,South,99.8
1,42.5,4,South,62.07
49,49.07,5,East,99.44
31,47.32,6,North,101.94
19,54.53,10,North,173.85
31,54.28,1,North,89.27
1,75.34,7,East,138.13
27,59.79,7,North,152.35
32,72.36,7,West,132.58
21,54.38,8,West,107.33
50,59.89,6,South,132.03
15,49.57,5,South,107.84
9,81.55,7,North,157.97
32,62.12,4,East,124.91
54,51.25,4,West,100.37
23,50.64,2,North,108.65
3,52.26,4,North,109.79
59,55.27,8,North,134.51
27,53.38,7,South,118.33
11,43.66,2,South,53.79
37,74.14,8,North,176.69
20,76.04,3,West,112.84
57,111.45,5,West,139.26
18,42.89,5,South,65.38
34,71.28,2,West,101.77
33,25.44,5,North,94.99
15,76.07,5,North,129.49
30,30.49,5,East,95.35
7,36.83,7,West,97.46
39,62.36,4,South,124.07
46,42.58,3,West,97.74
58,40.31,6,West,97.13
20,44.97,4,East,116.13
18,73.1,4,West,104.01
33,37.59,4,West,85.95
42,53.43,5,North,128.16
60,46.92,4,East,109.68
2,75.79,6,East,107.7
15,76.64,5,South,131.0
16,26.2,9,North,122.89
16,82.93,4,South,104.62
28,42.76,6,North,120.59
53,60.01,3,West,93.85
2,37.5,3,East,91.34
49,63.34,6,East,132.12
38,151.49,2,North,188.27
37,57.45,3,North,107.99
41,45.42,7,East,128.5
7,49.76,4,North,103.21
45,30.34,4,East,87.2
15,97.47,7,North,174.84
31,61.88,5,East,121.21
41,35.89,3,North,110.51
37,36.36,3,East,82.16
20,54.93,4,South,87.73
24,79.27,9,North,165.73
29,34.45,7,South,101.94
3,85.23,3,West,104.85
44,52.63,5,East,114.61
6,37.63,3,West,64.98
28,45.28,3,North,95.94
40,109.88,5,East,145.9
5,31.33,4,East,48.3
60,40.74,8,North,137.58
23,79.92,3,South,90.23
1,59.54,5,East,102.79
40,39.79,4,North,109.76
34,80.31,7,East,155.78
39,81.85,4,South,132.34
46,62.34,5,West,109.43
29,42.74,4,East,80.97
50,45.45,6,North,113.35
23,61.18,4,East,128.88
33,32.31,6,South,100.17
10,92.86,4,North,127.23
38,107.78,4,North,154.02
16,49.68,6,North,142.69
42,62.96,13,West,144.62
49,87.73,4,West,127.05
52,119.37,6,North,189.94
56,101.78,4,North,171.67
8,27.27,3,North,85.5
9,48.12,4,North,106.73
56,66.7,8,West,133.52
23,44.8,4,North,114.15
2,111.4,5,East,184.01
18,104.77,6,North,211.79
51,39.39,5,North,117.11
22,51.16,5,South,98.91
5,40.45,7,West,87.72
44,50.5,4,North,124.03
12,49.89,6,East,94.04
22,79.97,3,South,126.2
1,38.27,7,South,89.49
37,19.17,3,North,60.97
27,28.74,5,South,89.82
53,36.19,3,North,88.55
21,42.0,6,East,118.6
13,58.84,3,East,94.2
10,35.45,3,West,45.38
13,33.63,4,South,69.04
28,37.65,4,West,84.28
6,34.94,4,East,50.93
25,43.74,2,North,103.23
52,43.0,7,North,115.37
47,71.92,2,South,115.11
39,36.75,9,West,133.58
54,47.32,7,East,132.95
47,43.9,7,West,104.05
40,75.46,4,West,128.02
52,51.33,7,South,124.01
8,83.12,2,North,119.02
50,34.43,4,East,126.81
18,53.53,2,South,96.07
44,43.36,3,South,79.9
55,33.43,4,South,86.36
30,53.14,4,West,102.69
6,109.2,4,East,147.71
23,38.82,3,East,86.66
25,51.88,5,West,105.28
57,32.3,4,North,95.17
57,30.46,4,East,89.44
35,39.85,5,North,133.24
58,45.6,5,South,105.54
27,46.42,3,South,91.14
25,49.88,3,South,108.52
51,28.24,11,South,132.03
41,42.5,3,West,77.68
32,66.73,5,East,110.55
28,31.71,5,West,64.88
43,47.37,6,West,112.57
46,61.38,5,East,153.23
30,39.93,3,North,96.57
2,62.59,5,South,67.0
7,29.71,3,West,70.71
9,77.9,4,East,120.58
28,63.2,5,North,128.99
37,55.83,6,North,115.73
49,85.62,3,South,140.66
14,47.86,5,East,100.48
48,42.64,6,North,131.26
40,94.54,2,South,126.9
4,114.01,2,South,150.97
22,41.37,6,East,108.71
19,52.17,6,West,95.07
54,82.93,5,West,135.75
56,52.92,4,South,102.43
50,69.26,5,North,123.06
32,74.6,3,South,103.99
30,43.6,4,South,93.67
19,64.57,4,South,124.38
47,54.46,2,North,99.21
6,33.56,5,North,103.0
17,36.75,6,West,85.86
9,42.06,7,West,109.87
30,79.15,11,East,195.56
18,80.2,6,South,135.56
12,73.7,5,East,114.07
23,65.11,7,West,116.95
52,64.4,6,North,151.38
34,61.01,2,East,90.49
50,64.27,5,West,91.96
55,66.03,3,South,121.95
55,31.13,5,North,92.36
22,39.8,7,West,84.73
53,36.18,4,East,81.76
55,85.02,5,West,128.68
58,105.81,5,North,155.03
22,22.93,6,South,71.04
14,102.1,5,North,161.5
36,56.53,4,East,103.22
56,81.87,8,North,171.79
55,66.86,7,West,134.18
35,97.14,4,South,133.89
9,59.38,3,West,82.14
26,31.65,3,West,81.02
43,52.34,3,North,124.17
34,67.11,14,West,139.95
21,50.08,3,West,67.53
21,71.03,5,North,138.53
4,53.18,6,East,102.81
18,43.03,6,East,101.11
41,35.36,6,South,92.85
15,46.68,5,North,99.78
60,59.25,4,North,140.08
5,24.93,6,East,65.37
36,39.96,6,North,115.38
30,24.57,7,South,92.6
50,42.66,4,East,107.5
54,88.14,6,South,153.95
33,33.97,6,West,91.13
38,72.33,3,West,104.74
42,170.64,3,East,194.67
32,97.65,8,South,180.19
12,57.59,6,North,101.54
26,76.97,7,North,143.74
15,31.57,3,East,84.49
28,29.1,8,West,86.7
37,55.23,4,South,110.98
13,64.04,5,East,129.73
15,84.59,3,East,135.72
50,43.49,9,North,129.67
23,58.99,3,North,110.16
12,58.19,6,East,100.68
43,51.8,3,East,100.98
43,53.04,5,West,122.04
50,38.79,3,North,97.78
46,61.06,10,West,139.48
60,59.03,4,South,108.3
35,45.79,5,East,104.38
18,71.26,3,East,119.29
52,82.36,1,West,86.44
16,71.59,5,North,134.16
18,35.98,5,East,100.29
50,56.82,4,East,121.91
53,37.92,5,South,111.57
21,56.75,5,East,104.17
44,37.98,5,North,97.79
56,91.0,3,North,139.64
48,74.69,8,West,149.13
1,86.59,7,West,109.17
40,83.15,7,West,143.97
11,49.0,6,South,102.26
51,46.05,6,East,105.09
5,109.58,7,North,178.89
60,51.11,10,North,134.44
11,31.76,6,East,105.13
26,81.69,4,North,149.35
15,57.83,2,North,98.54
49,99.72,8,West,146.7
24,60.17,6,West,114.27
45,54.16,5,East,120.26
5,100.53,4,West,117.21
28,29.51,2,North,59.9
55,43.2,5,North,103.3
56,38.28,3,North,127.01
13,22.69,8,South,94.05
24,77.42,5,West,120.63
25,43.69,6,West,130.43
34,78.43,9,North,180.26
33,63.79,3,North,141.22
7,69.61,4,East,111.95
46,45.51,9,South,135.54
14,40.22,6,East,101.3
19,56.59,4,North,105.93
51,78.86,5,West,123.77
42,53.51,5,South,108.99
24,41.23,5,North,110.53
55,33.8,6,East,92.7
24,59.24,9,West,128.49
34,43.74,5,South,93.87
15,53.05,4,North,103.15
11,49.62,3,North,113.27
30,45.71,7,South,115.93
34,61.41,5,West,93.77
49,68.16,5,West,98.93
24,119.83,3,East,155.58
54,73.94,2,South,96.81
37,103.28,5,South,149.38
5,39.35,2,South,84.91
45,28.78,7,East,93.59
35,54.28,7,North,123.18
24,76.95,5,East,138.01
29,72.27,6,North,136.09
19,88.64,6,North,133.58
37,19.79,9,North,112.63
35,90.12,7,South,133.25
27,62.44,3,South,92.76
18,29.44,6,East,96.49
24,72.92,7,North,135.15
30,58.43,9,North,162.64
29,63.59,7,South,126.34
19,81.42,5,West,143.03
35,64.85,4,East,117.65
14,30.29,5,East,82.28
31,51.56,3,South,94.98
8,28.59,5,North,94.34
29,70.78,6,East,151.13
48,95.51,3,North,136.55
50,33.23,4,West,78.97
42,41.74,2,North,93.43
45,38.36,2,East,95.46
4,45.53,6,South,93.55
21,64.39,5,East,109.86
40,45.73,7,North,128.73
49,70.88,7,North,132.41
35,83.61,4,North,162.53
52,84.83,5,North,143.56
17,34.91,5,East,76.16
10,95.05,5,East,148.82
6,98.14,6,North,161.42
35,101.6,6,South,180.51
40,51.26,4,North,117.36
18,40.42,4,West,86.97
48,36.83,5,East,103.79
45,35.14,6,North,107.15
22,54.85,4,South,99.22
15,76.64,7,South,147.19
45,92.08,7,East,150.11
41,44.96,4,East,100.02
11,53.76,1,North,62.26
16,52.37,9,North,147.2
30,42.35,3,East,98.95
31,73.28,2,South,125.78
10,63.13,8,North,141.91
57,57.79,8,South,117.91
24,63.01,3,North,121.47
23,69.84,2,North,151.6
4,69.56,3,West,72.72
53,39.04,10,North,141.22
15,78.14,2,South,84.55
60,60.47,5,West,125.36
30,45.89,4,East,96.51
53,59.96,4,West,112.17
11,62.66,11,North,138.47
10,84.16,3,South,109.21
49,35.93,5,North,81.25
50,92.76,3,North,137.27
33,55.11,4,West,105.14
2,44.59,6,East,79.21
57,44.05,8,South,133.32
24,36.58,4,South,76.86
57,27.21,6,East,89.49
53,71.59,2,North,108.14
52,120.58,9,North,227.72
42,28.59,7,West,67.34
41,37.33,4,South,90.36
32,73.75,5,East,128.46
2,53.61,5,East,114.61
24,76.23,5,North,137.47
44,52.42,7,South,115.81
49,43.28,6,West,92.84
34,49.88,5,East,109.71
43,21.06,3,East,79.51
2,34.56,3,North,74.75
29,79.78,5,North,134.24
31,87.95,4,North,142.42
54,95.82,7,North,178.84
19,65.13,4,East,121.05
14,22.14,5,West,87.9
22,42.35,8,West,103.63
11,92.75,5,South,132.59
34,104.5,7,West,164.54
39,94.17,8,West,165.62
49,49.67,5,North,126.78
59,32.37,6,South,78.22
5,53.72,7,East,89.4
15,54.92,3,North,108.98
19,102.13,6,North,157.07
15,59.81,4,South,89.32
50,54.96,5,East,109.75
9,56.23,2,North,72.98
2,64.07,5,West,90.9
52,70.15,4,West,106.87
58,40.86,5,North,105.52
14,35.76,5,West,63.57
20,94.46,3,West,143.46
31,28.32,6,East,110.89
32,105.12,6,South,179.83
60,25.42,8,South,86.77
25,43.21,5,East,108.37
1,80.54,6,South,145.7
26,54.61,7,West,117.69
34,32.25,5,South,91.76
32,64.75,6,North,136.87
31,56.08,3,West,92.18
56,50.08,9,West,145.93
49,42.54,5,East,83.83
16,53.85,2,East,85.54
22,43.26,3,West,89.74
41,144.58,3,East,174.82
25,49.6,6,South,117.57
26,47.02,2,East,91.79
11,43.96,3,West,84.47
16,111.14,2,South,130.65
45,28.34,7,East,96.93
51,63.04,9,South,142.06
48,49.61,4,South,97.17
19,30.9,8,South,103.38
9,39.35,5,North,105.05
10,61.98,5,West,101.41
24,38.64,9,West,109.41
32,60.57,3,South,89.29
54,109.03,5,North,175.9
54,58.45,6,East,108.24
1,30.53,6,South,80.82
43,38.91,5,North,106.25
18,48.71,4,North,103.19
12,47.42,8,South,103.8
34,58.02,3,South,101.41
3,61.87,5,South,95.77
21,109.09,1,West,121.81
34,54.52,4,South,107.57
17,34.44,2,East,67.69
36,86.62,5,East,146.68
28,90.49,7,West,160.48
48,59.92,5,North,128.35
11,49.47,5,West,88.63
4,70.04,7,East,98.79
32,50.18,6,East,122.2
16,23.99,5,North,68.21
43,68.4,5,East,130.03
6,78.01,2,South,92.24
35,97.17,8,West,156.74
60,40.76,4,North,91.92
6,59.77,4,West,78.03
19,60.29,8,West,95.59
51,56.5,8,North,156.2
33,57.17,5,North,123.96
11,55.42,5,North,108.15
13,59.42,2,North,74.31
46,73.43,2,North,117.02
52,88.95,5,East,129.61
22,40.34,3,East,60.25
29,50.96,6,North,131.16
47,46.11,8,West,106.9
11,43.54,7,West,125.88
13,28.61,2,North,71.12
47,55.13,9,East,132.87
12,66.14,4,North,137.19
47,51.31,7,South,112.85
30,54.4,5,South,108.64
60,64.55,3,North,135.79
2,96.01,2,West,106.72
57,46.16,5,North,111.45
14,34.17,6,North,118.53
3,52.66,5,South,101.05
44,115.98,1,North,180.22
32,34.32,6,East,113.78
51,70.81,3,South,112.04
7,86.76,6,East,135.88
5,21.2,2,East,49.86
35,64.33,2,North,103.34
53,69.5,3,East,117.9
25,49.06,5,North,133.5
48,42.16,10,South,139.98
55,43.11,6,East,100.34
53,47.87,4,West,83.78
31,48.38,6,East,125.38
42,44.87,7,North,118.08
32,47.57,7,South,104.43
41,87.91,5,North,143.63
35,33.59,7,South,99.09
32,27.12,8,West,111.35
27,88.47,9,South,162.95
40,50.56,6,East,110.89
46,46.74,7,South,128.54
56,52.22,4,North,107.95
37,59.37,4,North,110.67
7,44.27,3,East,75.42
36,66.84,6,South,122.13
19,37.15,2,South,74.31
2,48.39,6,North,132.33
5,22.51,7,South,63.16
36,87.26,4,South,128.27
57,50.88,2,West,90.73
31,71.38,3,East,126.69
27,66.06,8,North,176.43
6,68.03,4,West,107.28
41,54.43,4,East,103.29
4,63.77,6,West,99.74
51,37.17,3,South,70.84
49,34.18,6,East,100.0
60,52.43,8,West,127.24
18,41.6,5,East,96.75
10,96.56,2,East,120.44
18,63.44,6,North,140.67
48,40.99,10,South,137.23
14,48.98,4,East,103.73
54,57.58,7,West,131.15
10,53.13,8,West,111.97
3,60.87,1,South,61.34
14,56.12,4,South,90.23
46,31.3,10,North,128.54
37,23.1,6,West,83.08
22,47.02,11,East,153.58
40,68.32,1,East,104.86
39,47.23,4,North,98.79
34,89.53,5,West,143.8
31,53.58,7,North,139.12
7,93.96,6,West,136.63
16,86.55,7,East,174.89
32,83.14,6,West,164.35
9,33.74,5,North,99.54
29,54.97,5,South,106.8
8,89.04,5,North,151.28
48,60.88,3,West,68.42
7,68.15,8,East,113.22
6,31.34,8,North,121.05
39,117.63,9,East,187.67
14,39.78,4,North,89.41
22,24.59,4,North,101.8
19,47.44,3,West,83.75
13,20.51,3,North,72.83
46,35.37,4,East,94.68
42,151.93,4,North,215.24
15,46.9,5,North,128.42
42,30.84,9,North,109.39
43,55.15,7,West,122.36
33,38.13,2,North,107.1
35,77.15,4,South,97.4
57,38.25,6,North,122.53
28,60.84,2,South,95.04
24,34.51,5,South,74.69
33,154.41,6,North,215.92
51,66.78,4,West,130.78
43,51.51,2,East,70.16
5,48.56,3,West,80.24
28,43.75,6,East,96.87
45,40.27,5,South,120.75
14,39.83,4,South,114.71
60,106.84,4,West,134.21
49,43.77,9,East,126.45
51,23.29,3,South,77.68
5,34.25,3,North,93.43
35,79.13,5,East,142.24
32,49.36,4,East,84.92
38,51.75,5,North,109.76
52,87.18,4,West,128.38
22,40.01,5,West,82.33
33,70.31,2,West,100.43
41,41.8,7,South,93.64
46,68.74,8,North,141.9
47,46.69,2,North,83.25
21,49.57,5,West,103.87
60,75.8,5,South,136.84
1,73.64,3,West,90.21
30,51.1,4,North,93.74
37,45.21,2,South,85.21
4,103.51,3,South,123.46
28,69.11,2,South,119.35
36,46.69,11,East,141.49
37,42.05,4,West,73.8
8,82.27,6,West,122.38
17,57.18,4,West,86.65
15,51.14,5,West,86.08
39,57.17,8,West,118.06
20,62.5,6,East,118.98
35,53.37,4,West,92.72
44,88.36,9,South,157.02
48,90.35,4,East,148.71
12,67.54,6,North,116.78
55,94.62,6,North,166.3
10,54.78,4,East,89.26
2,71.96,3,North,101.87
3,81.6,8,South,144.26
13,82.07,8,South,152.16
53,78.76,5,East,138.58
13,70.28,3,East,118.13
42,119.44,5,West,182.44
26,44.0,4,North,117.0
3,51.31,5,West,85.34
27,50.11,6,East,126.56
2,47.12,4,North,79.38
29,24.64,3,North,77.39
34,94.63,10,East,178.83
32,36.22,3,North,97.36
17,58.44,2,East,78.53
46,30.92,4,North,77.23
36,69.99,5,South,118.98
16,39.88,3,South,81.09
27,34.66,6,South,115.1
7,59.01,5,North,113.08
56,41.25,6,South,107.26
46,43.39,6,East,109.26
18,58.48,7,North,163.83
41,75.19,3,West,115.12
41,39.36,4,South,76.5
37,36.73,2,West,75.26
4,55.11,3,North,97.21
53,67.74,4,North,125.63
58,98.01,8,West,152.34
59,35.57,5,East,96.72
59,48.08,5,East,102.89
56,87.38,5,North,148.03
45,120.21,5,South,171.05
4,36.7,8,West,96.03
28,40.63,3,North,96.97
15,63.59,4,North,112.45
14,43.33,6,North,106.21
50,40.3,4,North,112.23
49,60.21,4,South,109.12
32,101.47,7,South,153.2
45,32.34,3,North,66.13
8,99.42,5,South,146.97
14,43.38,4,North,86.78
52,62.7,3,South,88.66
28,103.17,2,East,146.03
33,62.19,4,East,95.24
28,48.47,7,East,111.79
13,72.77,7,West,132.8
50,50.94,6,North,131.47
46,67.26,3,South,102.87
42,50.31,5,South,99.9
22,77.05,8,East,140.27
39,31.26,5,West,77.42
58,36.4,5,East,91.82
39,31.08,3,East,79.27
30,53.38,10,West,142.5
17,29.61,5,East,90.25
32,41.4,4,East,94.23
23,35.06,7,North,110.24
37,98.68,7,West,164.28
3,36.73,8,East,111.33
12,32.63,2,North,76.3
48,60.3,5,East,124.04
23,107.2,6,North,147.29
26,52.12,3,North,101.15
33,53.76,3,North,93.49
27,91.5,3,North,146.47
46,77.58,4,West,103.84
15,64.73,3,West,128.49
46,43.25,10,South,137.21
13,65.52,8,North,146.09
23,31.68,2,West,57.63
36,42.54,5,West,87.18
54,96.79,5,West,144.38
14,91.91,10,South,188.42
36,65.04,4,South,120.94
4,25.24,6,West,73.42
5,33.67,6,North,92.1
47,41.6,3,West,55.9
44,50.97,5,South,99.74
23,33.11,3,South,70.37
38,49.48,3,North,104.07
23,110.71,6,South,163.07
17,64.09,4,West,101.79
26,59.59,3,East,96.18
19,36.34,3,North,101.69
49,28.34,5,North,118.75
25,33.41,10,West,110.18
20,27.89,6,West,83.55
33,56.26,7,West,103.74
46,63.66,5,South,102.26
17,37.11,4,East,101.08
57,57.93,8,North,154.65
28,98.26,3,North,150.89
40,119.47,3,North,174.34
58,74.3,4,South,125.66
26,50.91,8,North,124.56
12,73.35,5,South,98.61
45,93.76,4,North,132.68
1,24.46,7,North,92.85
28,98.77,5,North,177.44
59,43.91,7,North,132.06
25,44.08,10,West,115.45
42,47.37,9,East,106.72
32,62.06,5,North,140.68
13,35.01,8,East,105.59
20,48.72,7,East,115.74
32,67.36,6,North,143.59
7,59.59,7,South,102.65
25,63.58,8,East,133.88
25,47.96,4,East,95.68
51,72.06,5,East,135.21
8,83.31,8,West,125.43
51,81.33,6,West,128.12
25,64.78,2,West,86.69
40,79.48,11,East,162.75
34,77.36,4,East,123.22
18,159.27,6,North,218.95
56,88.87,9,West,164.8
14,52.69,4,South,104.71
3,37.91,4,North,118.65
46,49.18,4,South,109.32
38,47.81,5,East,116.16
54,66.99,5,South,117.06
28,41.26,6,North,129.18
2,87.96,5,North,155.39
2,31.32,4,West,62.93
26,28.42,6,North,106.29
15,51.73,4,South,99.33
56,38.98,5,North,129.37
8,33.01,6,South,73.97
53,42.32,4,North,123.67
14,40.26,7,South,108.22
8,54.82,5,East,93.84
17,42.6,4,North,98.05
9,44.01,8,East,114.01
25,54.49,9,East,129.24
20,81.92,5,South,145.93
32,98.33,7,West,163.99
33,57.92,2,East,82.05
1,59.75,3,West,86.13
8,50.74,4,North,103.15
10,66.19,4,South,106.37
12,63.82,3,North,118.83
6,92.79,3,West,114.13
19,25.65,6,South,89.75
33,49.71,8,East,119.7
19,62.53,4,North,138.75
20,54.03,3,North,115.38
29,37.5,6,North,100.73
33,32.47,2,East,83.59
20,75.38,6,North,124.12
14,40.34,4,West,58.22
25,27.06,5,East,106.99
2,76.91,5,North,143.51
30,65.6,5,West,111.25
57,52.13,4,South,106.3
24,37.87,6,South,103.78
7,52.18,4,East,89.85
43,88.79,4,North,138.12
8,28.62,3,East,49.44
12,29.21,8,West,100.13
9,42.47,9,East,110.83
54,54.02,4,South,81.35
59,44.77,7,North,123.4
35,70.61,5,South,119.64
38,84.4,7,South,177.84
39,61.04,5,East,113.3
37,68.32,2,East,110.73
33,60.88,5,North,132.3
60,54.81,7,East,126.45
44,32.54,6,North,103.78
6,36.19,4,West,68.63
24,31.81,5,East,84.52
59,51.45,9,West,133.33
25,59.91,11,South,149.35
13,30.58,3,East,61.97
53,56.21,5,West,115.76
38,38.47,3,North,101.31
34,35.6,6,East,97.87
26,42.52,6,West,111.88
8,34.88,4,West,69.01
24,69.59,6,North,152.94
27,51.05,1,North,87.75
56,75.65,5,North,140.29
19,45.72,4,East,104.14
9,46.42,6,North,107.75
26,115.51,4,South,152.26
60,28.52,3,South,86.1
29,91.27,6,East,167.49
23,105.83,4,North,164.13
41,74.17,4,East,107.52
39,47.84,9,East,144.89
18,96.62,4,North,126.01
59,48.0,3,West,87.6
36,41.17,5,South,114.1
4,46.74,6,West,78.33
25,43.46,6,East,117.6
56,37.39,2,East,64.28
24,85.11,6,East,142.45
35,40.07,4,East,105.71
37,53.95,5,North,123.0
43,30.65,2,North,54.25
53,55.28,4,West,93.06
9,34.39,7,East,74.87
32,34.05,3,North,90.62
33,52.26,4,South,92.31
10,83.33,3,North,95.4
41,65.12,6,South,114.82
8,66.93,8,North,126.68
28,51.83,6,East,119.04
20,47.74,2,West,66.79
10,74.92,4,East,117.66
50,43.59,7,North,132.8
15,76.23,4,South,132.44
16,89.51,4,East,134.89
52,39.0,5,East,105.33
53,41.36,4,East,92.83
3,43.89,9,North,110.31
17,30.36,4,South,81.71
43,45.25,5,North,116.58
47,91.89,4,South,136.36
60,35.94,7,West,97.85
34,92.77,3,North,142.37
1,45.91,3,South,62.86
53,127.18,6,North,194.21
10,41.57,3,South,63.1
8,51.54,6,East,118.92
41,37.94,4,North,105.23
37,41.47,5,South,62.96
4,93.25,9,East,171.07
11,66.01,9,South,148.58
36,82.4,4,North,140.14
16,32.26,5,West,72.38
42,70.95,8,South,155.65
25,37.02,3,South,95.93
36,31.98,2,North,65.13
29,60.07,7,West,129.84
22,59.82,5,East,130.58
21,55.78,3,North,102.61
42,72.75,3,South,102.06
31,77.43,8,East,159.71
36,98.29,3,South,160.04
35,33.92,5,North,121.66
13,99.56,8,East,172.08
55,115.92,8,East,185.26
34,47.16,8,South,120.29
44,28.01,5,East,89.0
53,31.39,6,East,95.19
56,45.39,3,North,95.41
41,122.2,6,West,178.67
48,54.97,5,East,97.42
29,42.65,6,West,108.73
45,41.51,4,East,89.64
20,32.17,4,West,79.91
43,77.47,7,East,137.0
6,52.62,4,West,61.7
55,126.46,4,South,184.54
15,70.2,6,East,138.09
40,76.09,2,West,100.78
1,49.56,5,South,110.21
10,35.29,4,East,98.54
60,38.5,6,South,106.85
51,31.57,5,West,65.29
14,78.58,3,West,88.83
8,46.81,2,East,77.7
49,79.92,3,West,126.56
60,57.65,3,South,119.66
11,48.56,2,West,72.67
40,34.2,3,East,92.96
18,61.6,3,South,112.3
45,50.03,4,South,78.28
26,78.33,2,South,104.81
8,41.01,4,North,97.53
20,69.86,3,North,128.91
33,105.25,5,East,145.99
48,60.89,7,North,149.43
2,74.75,3,North,121.59
58,68.63,3,West,106.75
39,116.66,11,North,223.21
53,63.35,6,North,141.44
56,72.24,7,North,157.16
10,53.81,4,West,82.79
6,40.05,4,North,80.86
47,33.67,4,West,76.04
12,90.63,4,West,124.17
9,36.48,5,South,54.71
29,73.58,6,South,117.59
55,64.48,7,East,125.19
48,78.82,4,West,101.12
32,44.44,7,North,125.72
12,39.79,5,North,72.06
21,63.52,9,North,157.76
42,48.57,8,North,131.8
10,33.37,2,South,62.34
32,118.56,5,North,194.54
1,39.78,6,West,87.01
20,36.69,3,West,57.43
15,49.56,4,South,79.45
41,90.12,4,East,129.33
55,22.95,2,East,99.72
9,87.18,2,East,91.66
48,37.92,3,East,82.59
40,60.69,7,South,139.05
59,41.66,6,South,101.67
55,121.12,5,North,179.87
7,57.39,3,South,102.08
45,41.13,7,South,87.05
36,48.4,4,East,107.87
7,56.59,3,West,70.5
16,58.62,5,North,123.2
56,65.07,4,East,130.06
33,54.57,7,West,108.21
21,31.47,8,South,101.67
20,47.65,4,South,105.58
51,69.59,6,East,113.61
18,41.76,6,West,101.9
10,71.46,6,North,126.4
35,55.3,7,East,137.24
60,50.04,5,North,117.0
11,88.03,5,West,116.64
16,27.24,5,North,94.27
29,41.67,5,South,111.07
12,89.39,3,North,127.81
40,113.52,5,North,170.35
16,136.24,6,West,190.58
8,55.71,5,North,110.28
16,65.57,7,East,124.55
56,75.71,5,North,138.68
57,90.92,4,South,146.32
31,61.88,6,North,145.33
25,79.08,5,West,113.96
50,65.62,6,North,132.48
12,67.28,3,South,108.92
40,37.81,2,West,76.15
41,47.86,7,South,84.12
43,44.3,4,East,100.72
14,33.93,4,North,88.86
43,28.2,3,East,90.28
37,46.09,5,East,124.79
53,49.13,7,South,111.0
11,56.94,4,South,125.49
37,68.19,4,East,97.98
50,58.87,3,North,113.25
17,49.27,9,North,137.02
45,37.86,5,North,116.53
6,77.54,8,South,143.89
44,52.42,6,West,121.16
37,45.9,6,East,120.65
12,50.67,4,West,88.04
4,40.73,5,North,92.51
45,44.16,5,West,79.93
15,43.6,4,South,81.96
30,48.67,3,North,104.01
4,70.97,9,South,115.22
58,64.25,2,North,123.41
33,101.36,5,East,146.37
56,88.65,4,South,139.88
10,119.41,4,East,158.71
13,68.28,6,South,103.29
37,67.85,4,West,97.62
37,44.93,5,East,96.79
48,75.98,7,North,148.64
56,42.0,6,North,135.35
50,30.32,6,South,95.19
9,100.54,6,North,150.07
19,33.13,5,West,88.41
55,65.08,5,East,141.1
33,38.39,6,South,93.68
53,85.68,2,East,122.49
34,90.48,4,West,122.25
3,67.47,3,South,98.24
29,89.89,8,East,169.06
50,54.76,3,North,114.62
40,133.44,6,South,186.42
8,73.59,4,South,91.81
13,38.08,6,South,72.4
52,56.14,4,North,118.43
59,51.37,4,West,80.69
46,49.39,5,West,101.45
6,28.14,7,South,64.89
38,63.74,5,North,125.2
50,31.37,6,North,102.88
39,19.88,5,East,52.21
36,47.58,4,South,85.4
29,40.35,3,North,101.68
15,38.68,6,North,126.38
17,15.78,5,South,85.88
45,38.85,5,East,101.87
5,50.93,7,North,120.43
6,42.37,2,East,80.74
24,63.75,4,South,98.3
47,95.3,7,West,135.03
40,67.12,6,North,129.85
36,82.32,6,East,139.62
33,85.08,8,North,175.03
7,36.32,4,West,53.0
20,65.08,3,North,122.66
5,81.29,9,West,132.47
46,45.86,4,North,97.1
46,39.8,4,South,101.9
16,67.5,8,North,157.55
18,30.19,9,South,109.92
20,35.33,1,South,79.6
54,41.82,4,South,90.98
30,65.38,7,North,142.49
46,59.59,6,North,130.15
27,82.51,5,South,119.41
42,37.76,2,North,88.61
32,36.96,8,North,122.15
17,67.33,6,East,117.27
53,39.67,3,East,76.18
43,42.89,6,South,112.34
47,25.98,2,South,70.85
57,61.33,7,East,138.84
15,101.14,7,North,159.75
6,36.17,3,West,71.06
35,82.16,10,East,173.42
20,53.32,4,South,90.19
27,26.95,4,South,79.37
15,38.17,5,North,76.67
24,37.24,2,West,88.51
24,48.11,4,South,97.01
22,64.57,5,East,108.54
45,114.38,1,East,153.79
36,30.8,6,North,92.59
29,44.97,5,East,106.62
7,38.15,7,North,111.84
35,32.88,12,North,153.01
11,56.72,4,East,94.26
19,54.63,6,East,112.37
25,26.43,4,North,107.48
9,55.0,4,North,108.9
24,33.71,7,West,103.79
17,54.86,6,East,102.63
51,90.72,4,South,137.54
52,65.71,5,East,120.91
1,58.62,4,West,62.11
37,44.19,6,West,92.95
39,56.08,5,North,122.38
23,68.4,4,South,121.93
29,65.74,4,South,88.42
48,52.47,2,West,96.63
23,59.56,5,North,153.41
4,32.25,4,South,68.81
23,40.7,7,North,114.3
16,72.46,6,South,118.03
23,76.46,6,East,119.92
14,56.68,4,West,85.6
9,98.65,1,North,104.86
60,66.9,4,South,110.83
8,49.74,3,South,119.58
43,33.52,5,North,112.83
44,97.08,6,East,149.72
38,74.3,6,North,124.05
55,112.09,4,East,153.57
1,129.9,8,East,191.15
19,32.63,6,South,90.7
12,32.66,5,North,101.5
35,17.37,6,North,114.86
39,78.83,5,South,139.95
54,70.99,4,North,136.41
23,56.78,4,North,114.64
15,33.43,6,West,70.11
56,52.69,7,East,129.53
41,58.78,2,South,107.22
46,74.67,6,East,116.1
27,60.9,3,South,114.85
27,71.2,5,South,134.43
24,51.95,2,North,85.69
45,87.58,4,East,135.5
13,70.29,6,South,123.57
59,33.96,4,North,94.92
11,95.17,3,North,156.04
28,89.14,8,East,177.99
19,65.77,4,South,102.48
39,61.09,4,North,115.88
41,106.0,7,South,171.24
56,28.41,5,South,89.83
48,89.7,5,West,124.76
15,45.13,6,East,95.41
13,84.61,4,South,104.75
54,57.29,5,North,125.37
30,33.21,5,East,86.88
6,44.76,6,East,83.06
50,82.16,5,West,128.46
39,50.2,4,East,120.7
2,42.58,7,West,67.13
47,42.47,8,East,117.34
37,70.59,5,South,115.84
37,109.98,5,South,152.94
52,23.19,7,South,97.44
30,167.38,5,East,206.83
28,59.23,3,South,96.42
38,68.86,7,North,145.56
12,45.86,5,West,94.83
10,54.52,4,North,95.98
51,58.97,5,North,132.7
13,35.89,4,North,98.46
31,39.56,5,West,95.46
17,87.69,6,East,128.49
14,29.34,5,North,95.27
36,65.13,4,East,121.47
49,47.08,3,South,81.46
27,37.18,8,North,135.79
9,120.15,7,South,170.72
15,37.27,7,West,93.67
10,34.74,10,South,109.89
53,50.66,2,East,97.16
20,40.15,8,East,105.72
23,54.74,6,South,106.82
5,58.1,5,South,100.8
27,59.97,6,East,136.16
55,51.96,7,West,111.6
25,41.23,4,North,95.92
40,70.62,4,North,132.47
11,52.21,8,North,137.21
9,44.78,6,East,103.55
44,98.69,3,West,148.01
4,52.01,4,East,99.64
27,84.5,3,South,134.85
20,89.19,4,North,149.98
1,91.38,5,South,126.14
32,71.99,7,South,115.94
58,54.58,7,South,121.27
5,53.22,8,East,120.17
49,49.52,5,North,109.77
33,22.95,3,East,66.22
44,72.79,5,North,140.25
6,60.21,6,East,91.91
53,75.96,8,West,154.26
1,52.1,7,North,92.69
55,71.23,8,South,125.75
40,31.47,2,East,79.44
21,34.2,5,East,110.98
1,20.28,9,West,87.27
37,51.74,4,South,112.74
6,40.08,8,East,105.41
37,38.04,3,North,93.12
47,62.42,7,North,130.79
17,46.05,2,West,75.13
15,30.78,3,South,85.98
14,151.09,5,North,185.61
14,53.8,6,North,124.59
7,35.4,3,East,72.53
15,41.77,1,South,90.45
40,50.94,3,North,116.32
19,50.9,5,West,97.31
47,91.92,7,East,172.63
50,52.89,6,South,107.83
46,114.67,4,North,188.44
33,45.93,2,West,57.75
19,64.75,10,West,131.81
56,82.17,3,West,115.88
13,88.06,3,East,144.51
28,92.27,4,East,126.56
28,48.97,6,West,112.88
45,54.48,5,South,111.49
33,20.25,3,East,55.92
48,50.48,4,North,109.7
56,84.48,4,West,130.88
24,78.16,4,North,132.01
53,52.74,3,East,103.31
11,107.73,8,North,181.39
55,46.82,4,East,101.44
11,41.0,5,South,96.65
52,45.27,10,North,121.66
24,34.85,7,West,75.31
58,70.03,6,South,111.38
8,61.28,4,South,93.74
28,69.69,4,North,123.88
55,46.26,5,North,120.01
3,53.34,5,South,88.38
16,22.84,4,East,62.46
6,63.47,10,West,135.66
20,56.8,5,North,124.68
24,35.16,9,South,104.36
38,52.36,9,East,131.31
16,49.25,6,East,108.65
10,110.58,4,East,176.91
11,35.71,1,South,61.9
57,62.34,5,West,95.4
58,35.29,3,East,97.1
14,43.68,6,North,121.35
12,60.99,5,East,122.42
4,50.17,5,East,74.32
58,54.47,6,East,113.07
43,62.37,5,South,98.57
46,44.81,7,East,129.65
18,77.76,3,East,108.54
39,48.32,3,North,76.07
4,52.51,4,East,103.99
41,63.09,6,South,131.45
35,59.79,3,West,84.72
20,70.65,5,East,128.54
43,61.98,6,North,141.14
39,65.87,6,North,130.98
27,47.94,5,West,118.06
12,35.61,3,North,94.28
2,30.84,5,South,58.94
57,27.99,4,South,68.21
17,110.51,7,West,158.31
19,22.53,5,North,83.15
41,88.01,4,South,134.07
16,39.32,2,North,75.43
23,87.76,8,East,167.88
43,22.62,7,North,105.88
36,49.7,2,East,82.48
40,97.67,7,North,184.9
1,72.62,2,South,85.63
28,47.71,9,South,139.87
29,25.1,2,South,52.78
38,32.17,4,South,97.86
10,95.17,6,East,144.07
10,47.5,5,North,107.61
46,53.05,4,North,128.54
41,61.16,4,South,84.98
49,32.42,2,South,85.73
17,64.26,5,North,151.52
60,46.16,2,South,61.22
17,61.4,5,South,117.35
40,43.33,4,South,75.78
10,29.1,4,South,68.05
56,46.02,8,North,138.28
20,70.55,3,East,120.48
49,63.92,4,East,110.56
20,55.28,2,East,80.15
48,78.2,6,North,169.57
28,50.33,6,East,88.39
4,55.84,9,North,130.96
12,45.06,7,North,120.06
42,80.05,4,North,144.9
12,61.35,3,East,118.82
17,43.69,8,East,98.76
33,30.1,4,North,92.55
16,84.94,6,East,135.13
8,40.54,5,East,87.53
38,56.19,2,South,99.36
42,139.92,6,East,230.24
44,75.23,5,East,141.86
57,104.01,5,East,172.36
8,44.02,5,West,92.92
26,83.8,5,North,168.17
15,55.18,4,North,92.63
55,63.21,4,South,116.95
33,122.53,3,North,153.44
6,48.84,8,West,126.2
42,55.02,1,East,93.94
3,38.04,5,East,84.45
17,77.9,5,West,124.12
44,43.63,5,East,82.54
31,82.19,4,West,94.56
46,28.22,5,East,85.4
35,68.0,2,East,98.86
51,42.2,3,South,81.76
34,73.13,6,East,130.12
4,54.3,8,South,113.88
5,44.07,3,West,71.82
47,46.78,5,West,101.83
3,38.86,4,North,82.98
23,76.33,8,West,148.94
1,35.89,1,South,37.74
19,49.07,2,South,101.89
36,62.68,4,South,111.81
11,104.1,6,North,155.52
28,54.4,6,South,116.97
60,49.55,5,West,87.3
5,60.91,5,South,86.84
4,23.82,3,West,50.65
17,33.8,4,East,72.63
50,46.99,4,East,118.61
25,41.05,5,North,100.56
39,28.78,5,North,108.43
3,76.95,6,South,107.94
45,60.58,2,South,105.84
5,57.75,7,North,131.74
43,41.36,7,East,87.26
9,56.36,2,East,94.96
52,67.07,3,South,112.73
18,49.11,7,North,130.22
12,65.22,8,South,126.13
21,39.71,6,West,90.1
1,56.77,10,East,101.48
10,86.23,3,South,112.3
36,89.37,6,East,149.5
19,92.85,7,West,142.56
22,61.2,8,South,118.35
49,55.29,6,West,124.38
8,45.63,8,North,123.55
24,26.5,2,South,58.81
12,31.88,11,West,88.78
29,51.05,5,West,89.61
20,52.28,6,West,99.61
3,96.05,6,North,163.75
5,92.38,4,South,121.01
52,41.49,9,North,130.71
4,75.74,4,West,107.79
47,45.11,6,South,113.93
55,71.74,3,North,127.32
28,75.37,7,North,163.31
19,89.73,2,West,120.73
47,44.83,4,South,103.28
59,81.92,2,North,129.65
8,25.81,2,North,56.6
58,91.7,2,South,119.88
57,54.05,7,South,128.72
9,54.52,6,North,134.18
4,24.17,7,South,87.79
43,46.74,4,East,99.68
5,93.9,3,West,122.65
37,46.03,2,South,74.75
4,72.63,5,North,137.78
42,55.36,6,South,135.22
14,83.52,4,North,147.39
6,58.94,3,North,88.48
4,37.61,3,North,68.43
12,55.85,9,West,130.89
33,103.59,5,North,173.75
5,66.62,5,North,109.8
49,52.11,11,South,134.37
37,134.6,3,South,174.52
18,86.81,6,North,142.26
60,75.69,3,East,125.19
40,61.99,7,West,138.45
41,73.12,5,North,142.28
11,74.08,7,West,144.48
43,22.8,5,East,92.16
34,63.94,4,South,111.92
60,51.2,6,West,117.14
29,44.71,7,East,129.53
41,50.49,6,East,106.56
21,29.3,6,East,92.41
3,26.53,5,East,59.8
8,89.89,4,East,107.11
53,65.68,6,West,117.84
45,20.8,8,North,116.15
22,43.36,4,South,87.18
42,77.65,6,East,143.57
1,48.81,5,South,80.97
3,89.84,6,South,118.98
31,83.09,6,North,159.09
38,31.73,8,East,98.52
57,51.56,4,North,113.34
46,45.64,8,North,122.2
16,31.32,3,West,56.66
49,30.52,3,North,80.46
30,39.55,5,West,108.63
50,42.25,5,West,93.69
11,61.15,5,West,90.14
2,82.9,8,North,142.95
4,67.05,6,North,133.86
60,73.71,5,North,142.45
5,49.08,4,South,90.16
57,69.49,5,East,132.7
44,51.45,6,East,128.27
9,45.76,3,North,72.71
52,116.61,7,North,190.63
9,21.49,1,West,19.1
9,25.81,4,South,86.47
35,63.63,7,East,130.86
18,49.11,4,North,122.66
18,30.73,8,West,103.1
12,35.81,5,West,69.1
37,37.72,5,East,114.49
2,78.02,5,West,104.54
15,88.67,5,North,160.52
34,105.2,3,West,128.46
30,28.92,7,North,117.84
42,31.6,8,East,109.24
13,30.75,9,East,109.73
39,91.43,7,East,149.17
46,64.51,4,North,107.79
24,56.38,3,North,96.93
16,59.85,4,North,131.71
34,53.37,6,East,105.22
35,34.87,7,North,112.33
6,67.04,7,North,127.57
34,50.68,7,North,143.13
10,33.78,3,East,89.65
35,68.7,6,East,149.53
56,46.05,2,South,65.83
33,59.8,3,West,78.93
46,51.94,7,East,111.15
19,77.99,4,North,143.27
56,59.62,5,East,123.6
49,38.34,4,North,117.34
56,62.1,2,West,77.88
45,62.92,9,South,130.13
39,66.99,6,West,124.66
32,82.63,5,West,119.75
56,42.67,1,North,101.0
51,71.32,5,West,100.16
26,27.39,3,North,111.7
6,52.04,3,East,82.72
1,48.92,6,East,75.07
15,97.43,6,South,170.32
4,51.29,3,East,68.34
13,69.63,3,North,125.63
7,26.99,7,West,71.25
59,47.43,4,North,93.98
6,38.92,4,East,73.33
38,146.97,7,North,232.42
22,41.82,4,North,109.71
11,56.22,3,East,74.34
43,57.43,3,East,110.39
59,28.91,6,South,87.24
48,44.24,4,North,119.25
59,64.19,3,North,99.19
36,56.5,6,North,107.1
41,21.75,5,East,63.92
9,43.52,7,West,105.85
52,82.13,3,North,139.01
45,69.08,2,West,127.89
16,88.87,9,West,143.83
22,36.81,4,South,73.68
37,91.14,2,North,117.19
1,53.64,5,West,97.37
50,103.22,7,North,184.18
17,54.67,7,West,115.1
5,24.07,7,West,76.39
20,76.68,6,North,165.5
51,45.72,5,West,84.5
17,46.97,2,West,88.74
33,30.53,7,East,109.23
49,104.47,6,South,152.72
3,44.33,3,South,67.74
46,102.52,5,West,138.14
18,45.95,5,East,109.24
42,37.67,6,West,110.35
12,92.56,5,East,149.23
9,53.02,2,South,92.94
48,53.23,3,East,99.3
49,32.7,9,North,117.51
59,45.47,8,East,124.61
41,64.81,3,South,91.64
28,32.47,6,South,96.65
12,44.01,3,West,77.79
18,46.15,4,South,95.52
39,56.07,4,North,100.2
21,98.67,6,North,167.12
30,48.43,8,North,119.8
11,41.42,3,West,59.31
27,163.78,2,South,191.2
15,45.91,8,West,107.02
7,50.59,9,West,84.12
8,47.32,10,North,130.23
32,48.88,6,West,100.81
22,56.32,5,South,104.96
6,78.91,6,East,122.81
31,64.17,5,East,140.86
10,84.0,5,South,87.45
1,82.9,3,North,113.37
8,59.35,5,South,73.47
27,63.47,4,North,119.97
58,85.07,3,North,150.7
15,35.01,4,South,112.75
18,148.31,2,North,192.93
15,44.48,6,North,113.67
22,47.45,3,North,113.18
44,33.62,5,East,87.0
20,34.03,5,North,109.27
40,80.61,6,North,156.87
54,135.38,5,West,190.61
57,43.51,3,South,86.08
34,62.74,5,West,115.41
43,59.62,3,North,111.14
56,81.46,5,South,133.01
48,132.62,5,East,184.92
18,100.32,4,South,145.14
8,49.63,6,North,113.75
7,67.46,3,North,106.94
53,70.19,3,South,102.35
34,54.16,6,North,126.87
18,35.22,9,West,99.95
21,39.67,6,North,113.25
17,86.42,4,North,126.12
49,90.06,3,North,162.29
37,50.25,7,East,113.43
53,60.61,3,South,120.67
19,88.14,5,North,136.17
29,27.61,6,North,126.86
8,45.67,4,East,95.74
59,122.38,5,South,156.13
31,61.54,4,South,112.26
34,34.75,4,North,105.09
25,57.22,7,North,156.16
17,82.15,4,North,135.34
57,19.72,6,North,109.96
30,58.59,5,East,116.55
41,47.04,5,North,99.71
3,28.31,6,East,84.94
17,56.42,4,North,109.79
49,51.7,3,North,110.15
6,54.07,3,East,96.62
7,47.5,7,East,123.74
49,36.29,9,North,121.02
19,30.51,5,North,92.31
17,41.42,4,West,75.1
34,76.99,6,South,138.72
12,59.93,7,North,130.62
3,53.11,5,South,88.52
1,36.02,8,West,79.72
5,47.01,4,South,68.13
10,73.32,3,North,107.45
42,66.81,4,South,106.69
18,45.11,7,West,109.73
5,19.21,2,East,38.4
1,41.68,6,South,106.39
29,45.01,2,West,53.06
51,37.98,4,South,82.04
21,46.28,6,East,109.86
4,75.69,4,South,108.74
14,53.79,8,East,125.73
30,81.12,5,North,145.8
12,29.86,5,West,79.64
59,48.33,3,North,90.62
46,25.14,5,South,95.72
21,46.03,2,North,80.93
58,35.94,3,North,86.15
20,91.15,6,East,147.3
9,64.32,4,East,113.94
57,81.94,6,South,144.62
58,45.98,4,West,105.18
19,36.31,7,West,90.68
36,35.85,6,South,104.75
11,60.71,5,West,86.74
39,112.63,8,East,191.84
42,64.39,5,East,127.13
43,47.0,5,West,91.58
35,50.63,6,West,98.94
43,53.92,7,West,128.98
34,122.81,3,West,156.34
50,89.43,2,West,132.49
11,60.58,3,South,90.28
30,57.05,6,East,131.61
25,61.54,4,South,129.8
33,66.53,2,South,109.65
9,46.28,5,North,120.27
20,38.95,6,East,117.88
58,82.51,4,East,144.6
7,55.08,7,East,114.89
39,79.8,3,North,150.99
40,105.47,4,East,157.72
29,67.24,3,West,102.28
3,63.02,3,West,81.38
3,196.39,8,North,258.39
17,59.31,4,North,119.67
7,35.3,2,West,39.38
6,48.79,8,North,146.7
10,101.56,5,East,144.39
12,32.54,3,South,73.15
51,40.41,4,North,122.98
39,84.99,6,East,133.37
2,48.98,7,South,107.99
38,52.24,9,West,115.69
9,83.88,2,West,100.97
26,40.99,5,West,106.66
3,30.34,9,North,121.23
6,31.33,7,West,74.05
8,68.9,6,South,97.02
27,60.56,5,South,87.33
28,41.39,5,West,111.02
22,34.35,5,South,62.82
38,49.0,6,North,123.62
44,85.34,6,North,147.04
44,39.08,9,South,97.27
35,41.88,7,East,104.46
33,33.91,8,East,108.27
30,47.14,9,North,150.25
15,62.5,6,East,122.61
30,127.24,5,South,164.34
1,59.57,6,West,78.67
58,53.44,3,North,124.13
23,77.11,2,West,99.68
46,72.13,4,South,109.67
58,43.33,2,South,93.55
30,137.12,6,East,187.0
52,54.07,4,East,105.81
29,60.01,5,South,121.52
8,68.07,5,North,128.45
2,62.7,6,West,89.07
9,100.5,3,East,119.97
57,43.12,4,West,92.61
29,74.69,3,East,110.19
20,58.31,8,South,129.43
27,80.89,3,West,102.84
16,50.1,5,North,121.4
53,47.46,2,South,101.07
60,73.17,1,East,111.75
6,63.0,2,West,84.73
44,39.33,2,East,65.59
21,93.53,8,South,136.51
3,73.19,4,East,100.71
56,53.0,3,South,82.2
4,45.27,6,South,91.28
13,63.16,6,South,127.64
2,71.11,5,North,90.75
29,28.86,6,South,96.33
36,63.45,1,North,107.94
20,70.88,3,East,117.88
5,21.31,5,South,80.97
7,59.06,4,North,101.72
57,72.08,8,North,160.97
49,68.88,5,North,132.32
57,75.26,4,South,139.61
32,47.89,5,West,94.78
33,36.02,8,West,109.54
48,26.58,6,East,88.76
37,84.51,3,West,118.87
27,72.33,8,West,143.32
18,87.13,6,East,141.83
30,40.85,3,North,88.75
4,75.3,5,North,115.58
12,29.93,4,South,92.35
45,38.56,5,North,105.98
53,57.42,3,North,134.15
7,71.19,3,East,108.0
6,106.87,5,North,165.36
6,49.6,2,North,80.4
48,38.62,6,South,113.11
19,37.83,5,East,103.68
20,41.47,5,North,129.33
1,132.74,4,North,160.59
59,73.9,2,West,107.35
27,85.2,6,North,177.29
48,49.62,6,East,106.18
43,54.56,3,West,82.38
9,72.22,3,East,112.66
49,44.6,5,North,112.95
34,48.59,6,North,127.16
37,41.68,3,West,70.09
13,45.65,3,North,95.64
51,55.68,7,North,147.82
56,39.3,4,North,103.72
25,61.21,4,West,117.66
6,61.18,9,West,97.85
51,50.82,7,North,138.15
54,39.21,10,West,124.41
31,56.94,4,North,119.25
35,44.61,8,South,139.16
14,55.63,4,East,102.27
5,84.71,2,South,96.45
57,33.08,5,South,93.62
29,130.24,9,West,176.97
17,53.04,3,South,84.27
42,64.38,8,North,140.33
2,40.4,6,West,54.16
5,86.22,7,West,120.38
15,51.92,3,North,108.31
28,46.64,2,North,98.34
23,43.37,4,West,101.1
12,49.04,4,North,97.01
22,64.54,7,East,122.18
21,58.51,3,West,95.5
32,53.73,3,East,110.75
34,41.08,6,North,120.46
53,40.14,6,North,114.76
49,45.41,12,South,150.53
18,65.64,5,North,125.36
55,71.16,5,North,147.62
32,75.1,5,North,132.27
12,54.57,6,East,107.16
21,63.65,5,East,116.17
45,51.04,3,East,117.07
50,27.2,5,West,84.81
23,50.08,4,North,84.43
10,46.99,4,South,105.28
12,36.03,3,East,85.62
7,43.51,3,South,90.43
42,57.63,8,West,137.25
31,34.7,9,North,118.94
28,41.09,3,West,70.97
41,101.41,3,East,131.03
50,28.76,3,North,89.77
48,50.74,3,North,86.44
9,34.24,4,North,91.28
36,40.42,8,West,110.07
53,50.45,9,South,119.67
47,36.78,5,North,129.65
20,68.69,4,West,116.75
24,93.73,4,South,100.54
54,76.45,4,South,130.63
2,82.26,1,North,102.55
32,31.44,7,West,92.55
7,49.54,4,North,110.72
54,65.82,7,South,130.54
3,77.36,5,West,103.14
2,110.09,5,East,131.9
20,83.73,4,East,131.44
13,78.15,5,South,115.06
30,156.56,7,South,218.78
18,56.74,4,West,99.16
22,48.64,3,South,116.3
34,58.61,6,South,108.43
34,37.86,9,East,113.74
57,56.1,3,North,119.36
29,27.36,4,East,73.33
34,44.18,6,East,98.87
41,52.14,8,South,109.97
11,79.83,6,East,151.23
41,85.15,5,East,135.03
52,37.13,5,South,92.36
20,125.26,5,South,157.42
11,57.94,4,West,98.02
21,60.1,4,North,124.56
17,28.59,9,North,123.57
36,42.61,4,North,99.88
52,83.09,4,West,125.52
36,58.43,8,North,146.09
8,57.0,4,North,107.21
19,59.79,3,South,108.61
42,30.65,6,East,95.6
20,52.53,7,North,137.21
36,95.9,6,East,147.46
42,84.33,3,North,144.23
20,51.93,7,North,119.13
39,102.05,3,South,182.83
24,33.0,2,West,74.96
9,37.01,4,North,77.87
23,115.06,4,North,171.16
27,68.8,6,South,126.41
1,48.64,9,East,115.26
54,53.4,5,North,112.61
32,39.54,5,North,84.9
3,60.99,3,West,99.29
53,59.08,4,East,110.71
52,55.03,4,North,127.34
1,34.33,6,East,68.41
10,60.7,5,North,127.33
22,44.18,5,East,102.04
31,36.8,5,South,91.35
44,90.62,7,East,142.53
26,130.05,5,East,181.06
37,118.75,5,South,176.37
1,70.81,5,East,108.97
40,49.1,8,East,148.89
55,53.08,4,East,112.28
32,64.22,5,North,153.74
28,46.15,7,West,99.13
18,92.53,4,East,122.72
58,24.18,4,North,83.78
2,48.51,5,North,91.13
18,75.22,9,North,155.2
9,38.94,4,North,94.25
52,49.6,5,East,113.13
29,69.23,4,North,123.46
56,100.21,8,East,174.99
40,32.54,3,East,69.06
34,31.59,3,North,88.22
32,37.4,3,North,89.08
13,29.52,5,East,73.25
34,30.37,4,South,90.07
42,37.0,5,South,87.84
58,89.42,8,East,166.97
33,48.19,6,North,114.46
57,55.29,7,South,122.04
57,37.26,9,North,137.29
32,70.35,8,East,158.16
27,115.62,3,North,160.65
9,38.28,8,South,86.08
17,108.84,2,West,127.88
53,63.17,7,East,114.62
9,54.97,4,South,99.06
24,64.07,5,North,129.89
42,63.83,1,East,81.94
15,114.76,7,North,176.11
59,67.23,5,West,124.83
39,67.79,4,West,96.51
2,46.13,2,East,77.62
15,76.37,1,North,130.97
45,37.24,4,West,94.35
52,57.03,4,East,114.25
56,173.0,4,West,203.44
52,20.05,6,East,78.66
5,59.93,5,North,124.06
44,60.86,4,North,130.63
7,49.84,8,North,143.65
5,50.31,6,East,104.2
42,56.63,5,North,126.86
29,49.36,7,North,144.47
39,59.67,3,West,109.33
52,44.92,5,East,81.13
5,122.6,8,South,187.52
32,49.36,6,North,134.31
51,68.57,5,West,111.02
27,41.78,7,East,116.47
32,79.3,6,West,143.28
30,73.21,6,South,146.2
55,64.57,6,East,136.61
3,36.2,8,North,112.28
53,40.41,6,East,114.45
49,107.18,5,North,178.81
49,40.23,6,West,125.31
25,70.55,6,South,145.47
31,37.42,3,West,83.72
23,81.72,4,South,115.9
16,41.49,4,East,98.24
53,37.14,7,South,101.75
31,41.06,3,East,86.89
44,43.75,5,East,92.98
7,64.19,6,West,106.37
48,56.13,5,North,126.72
40,35.23,7,East,126.7
60,53.99,6,East,115.64
9,34.56,5,South,82.89
33,70.63,6,South,140.18
31,76.0,6,North,155.54
33,54.08,5,South,109.03
4,60.87,5,South,115.29
29,110.04,6,South,129.77
18,51.26,7,East,137.17
38,37.42,7,North,94.98
14,68.83,6,North,148.72
27,34.71,5,North,114.91
38,50.19,6,West,108.85
4,42.97,5,West,93.62
48,41.23,1,East,77.96
43,49.4,4,South,102.71
4,78.25,6,West,105.86
4,84.97,8,East,143.62
52,79.08,4,West,136.52
17,62.46,5,South,117.58
52,49.25,4,West,102.87
30,21.26,9,West,98.32
21,63.25,4,East,112.81
17,21.94,3,West,47.87
40,25.3,2,North,81.5
7,51.18,7,East,93.51
25,60.69,5,North,121.73
21,45.58,4,East,86.81
10,100.91,4,North,161.1
22,65.68,6,South,133.66
32,49.41,7,North,143.63
41,95.06,3,East,140.43
6,102.11,4,North,158.16
53,67.02,8,West,141.11
53,40.04,10,South,114.14
42,43.81,9,North,112.56
56,30.61,7,South,92.65
26,53.68,4,East,113.18
50,35.87,9,East,142.19
44,47.86,11,East,152.55
34,60.6,3,East,95.51
11,24.69,3,East,67.28
34,32.93,7,South,109.84
55,44.58,6,South,115.72
60,53.46,5,West,101.3
27,44.81,7,West,95.43
15,49.0,2,West,85.9
45,41.16,4,North,90.26
5,30.58,7,West,85.92
10,44.08,4,South,72.24
34,50.14,9,South,97.71
60,48.22,4,West,91.07
20,57.1,4,East,105.17
27,64.56,4,West,97.25
20,71.71,5,North,150.32
27,42.38,4,South,71.18
1,29.07,5,South,73.38
36,90.8,8,South,166.88
36,63.7,8,East,142.55
19,37.27,5,East,91.64
16,61.01,3,North,98.64
46,83.7,4,East,131.59
12,109.04,2,East,143.55
3,60.36,6,North,104.48
3,83.42,5,North,106.34
53,33.65,5,North,98.14
22,53.82,4,East,99.03
7,47.75,8,West,78.76
53,62.62,6,East,118.5
9,104.01,6,North,182.32
21,60.34,1,West,94.79
2,37.52,4,West,71.69
41,32.94,4,East,91.32
42,105.46,3,West,108.93
46,67.06,5,South,133.8
16,65.32,9,North,133.48
20,47.58,5,East,94.92
57,60.77,3,West,92.22
50,36.79,6,North,114.86
3,63.74,4,South,80.85
42,34.13,7,West,85.2
49,47.29,6,North,134.11
34,42.22,6,South,126.59
39,14.84,3,West,52.5
1,47.53,6,East,103.74
2,38.11,5,North,88.54
3,50.19,7,East,115.62
10,54.64,9,South,127.55
60,110.74,6,West,166.65
39,61.68,6,South,109.8
47,62.4,11,East,150.36
18,66.57,4,South,108.6
57,77.38,7,North,152.0
12,65.48,5,South,115.53
55,61.11,2,West,70.57
2,72.57,4,North,135.01
2,20.68,2,South,60.37
5,125.92,8,South,181.4
48,103.12,4,North,157.79
16,59.55,5,South,102.66
28,31.03,3,North,84.91
29,88.6,8,East,166.84
48,41.37,5,West,85.38
21,67.6,5,West,107.17
1,32.68,4,North,59.46
24,133.03,7,East,196.87
18,30.66,8,North,111.23
44,56.13,4,East,129.36
46,23.36,8,East,103.85
6,53.71,5,South,64.35
48,46.06,5,East,110.66
5,86.05,3,North,127.53
38,46.06,5,North,107.36
24,86.09,3,West,144.03
19,36.25,8,North,124.33
29,48.77,4,East,92.15
19,49.17,8,East,138.91
48,66.57,4,South,115.2
59,63.27,6,South,120.59
49,72.89,6,East,128.27
27,60.75,4,North,119.75
31,71.13,8,East,128.27
27,38.12,7,South,101.76
48,63.79,4,West,93.77
34,103.88,8,South,184.33
29,27.88,3,North,87.8
25,66.39,5,East,141.97
23,71.57,2,East,126.59
34,97.95,4,East,135.12
42,73.0,4,South,120.3
26,56.83,6,West,111.74
49,64.85,4,South,113.38
50,40.69,3,North,112.46
26,46.75,7,South,112.32
55,32.0,8,North,122.35
11,98.97,4,South,132.47
56,65.37,6,North,139.43
18,37.85,6,North,97.94
34,60.86,8,North,140.18
18,86.81,4,North,114.21
27,81.22,6,East,147.98
21,37.67,5,East,97.68
43,15.59,4,South,70.14
5,63.95,4,North,128.26
51,38.29,6,West,102.39
55,70.03,4,West,125.57
34,79.85,5,West,139.01
33,85.24,7,West,163.39
42,109.72,2,East,160.45
12,89.53,5,South,120.11
45,109.93,4,West,154.89
14,94.79,8,East,167.96
41,98.15,3,West,135.86
19,53.71,6,East,138.91
45,32.6,4,North,100.82
48,147.36,1,South,174.91
13,55.99,4,West,89.29
38,89.25,8,West,150.59
30,43.81,10,South,124.73
18,80.28,5,South,116.06
36,20.53,4,North,92.06
60,46.33,3,East,114.54
1,52.49,5,North,101.18
58,65.7,9,South,146.33
52,83.83,5,East,129.79
32,35.25,6,North,90.73
37,71.09,5,South,123.37
23,89.18,9,East,159.98
8,139.54,6,East,171.31
35,72.43,6,North,125.28
49,45.43,3,North,84.79
14,32.83,2,East,69.65
44,113.49,7,South,196.06
45,73.33,3,North,121.7
46,54.12,5,South,114.35
21,28.56,2,East,58.15
24,37.62,1,North,75.64
25,70.28,6,East,115.53
52,62.9,8,South,129.76
55,25.06,10,North,99.47
25,70.32,7,North,137.33
59,29.15,6,East,91.36
35,93.84,2,South,119.12
24,59.35,8,East,140.63
1,45.36,5,North,104.98
37,81.13,5,East,135.31
39,62.89,5,North,143.72
59,92.76,9,West,140.08
44,56.38,5,East,123.67
2,57.72,2,East,78.67
35,48.71,4,South,78.07
45,60.65,4,East,122.44
30,107.68,6,North,180.59
26,44.65,5,North,107.92
49,70.75,3,North,138.38
37,38.39,8,East,117.21
41,23.89,6,North,111.92
28,59.32,8,South,134.88
17,63.32,6,South,103.29
32,52.25,4,West,75.37
58,30.01,8,West,86.03
37,61.67,3,West,101.23
43,60.74,8,South,125.28
8,38.26,8,West,98.01
60,31.77,5,South,80.98
15,49.36,8,South,93.42
59,70.89,5,North,143.18
27,64.5,7,North,155.08
56,38.38,6,West,92.71
54,57.67,4,West,96.94
46,77.86,5,North,155.64
55,34.16,6,East,107.83
37,55.99,7,North,151.73
51,93.3,3,North,157.75
11,32.79,6,East,81.52
5,86.68,5,North,132.47
33,104.34,3,West,136.42
49,49.95,6,North,122.37
46,47.6,5,South,96.22
32,82.54,3,East,132.42
32,50.68,6,South,113.02
37,21.3,8,West,85.15
53,52.48,8,North,126.38
51,65.9,6,North,141.77
7,73.41,7,North,131.24
36,38.39,5,West,82.18
23,49.01,5,South,92.55
48,80.7,5,West,122.2
31,53.3,4,North,109.24
60,29.62,3,South,86.75
26,89.57,6,South,142.73
41,50.12,6,East,98.0
7,84.48,8,West,135.66
56,31.24,2,East,88.71
10,52.02,3,West,76.81
23,66.95,7,North,143.41
51,52.73,8,East,110.05
59,34.01,5,North,102.63
30,21.02,6,North,90.9
30,100.41,5,South,127.92
3,60.29,6,North,105.16
59,87.07,3,South,140.12
1,79.16,4,North,132.24
2,69.32,5,South,119.08
29,48.01,2,South,84.9
1,66.41,4,North,84.59
10,96.84,2,South,120.62
38,56.44,4,West,127.31
43,116.83,5,South,149.67
18,29.97,4,North,70.05
48,28.71,4,North,81.59
37,81.06,1,West,110.46
14,39.35,4,North,69.83
43,123.64,6,North,197.68
36,93.22,3,North,140.84
49,103.03,3,South,138.84
10,77.77,4,East,122.48
14,37.76,9,East,109.59
19,28.11,5,West,73.85
21,99.3,8,East,169.68
54,29.97,5,North,113.45
44,102.92,8,North,183.46
33,71.37,3,North,106.85
33,52.96,4,North,119.15
54,65.16,8,West,137.78
27,65.77,5,South,147.37
14,50.35,7,North,125.5
9,96.57,6,South,150.89
20,95.26,6,South,148.63
40,58.11,3,West,96.72
29,42.95,4,West,102.1
26,92.05,3,East,159.37
29,24.31,2,West,64.61
59,65.21,3,North,136.45
60,73.39,2,South,76.15
10,39.2,3,South,57.85
7,80.6,6,West,111.69
15,54.02,4,North,114.2
52,43.89,6,West,86.71
28,80.26,5,East,131.0
52,35.37,5,East,97.32
39,77.3,5,North,155.93
34,24.71,6,South,89.14
17,61.21,6,North,137.56
21,55.56,8,South,122.23
9,44.0,1,East,60.65
32,63.81,6,West,135.53
17,52.89,3,South,91.3
18,83.25,4,North,124.16
3,68.31,4,East,100.46
48,65.44,6,South,136.12
57,61.36,3,West,81.5
30,45.2,3,East,81.41
33,48.39,2,South,72.35
56,60.3,8,North,150.39
31,50.94,5,East,103.29
38,85.16,2,North,117.21
26,56.68,11,East,136.33
31,63.46,6,East,140.26
32,31.15,8,East,109.91
43,79.62,4,North,144.26
37,43.27,6,West,96.46
31,35.98,2,East,61.58
5,105.48,6,South,153.73
55,72.17,3,North,120.14
54,80.71,6,South,143.22
12,65.48,3,North,106.17
18,52.6,4,East,91.42
59,48.82,5,South,107.9
20,74.56,4,West,106.37
49,85.88,5,West,154.07
48,53.13,7,North,148.01
52,125.09,2,North,152.65
1,50.45,7,North,114.25
29,31.26,3,West,67.31
34,27.42,4,South,69.32
51,27.8,5,South,73.33
14,46.27,6,West,88.41
19,49.76,6,North,138.5
11,71.74,5,East,123.69
46,53.98,3,West,91.8
60,76.5,7,South,123.88
9,55.59,4,North,62.87
14,54.89,3,West,70.86
19,43.34,2,North,108.08
54,96.45,4,South,134.78
27,29.59,5,South,78.88
17,61.59,3,West,100.72
20,50.77,3,East,95.06
36,74.64,8,West,130.34
24,54.15,3,East,106.35
9,54.79,4,East,101.94
50,49.07,4,South,124.74
26,95.33,7,South,172.69
16,54.65,2,East,84.78
44,120.04,8,West,180.1
45,60.88,6,West,99.23
10,55.08,9,West,114.08
5,51.51,4,East,95.15
3,68.42,4,North,112.55
46,43.15,4,West,72.99
38,57.88,4,South,97.54
48,54.78,4,West,88.97
38,62.18,5,North,137.36
25,62.8,2,West,99.44
36,64.12,4,West,106.91
44,56.71,3,East,109.0
24,102.27,4,North,156.58
55,64.65,8,South,124.9
54,154.84,8,West,208.57
49,55.7,6,North,131.41
60,80.12,7,West,141.28
24,40.84,7,South,100.83
7,95.61,6,East,121.96
30,41.19,6,South,104.52
45,65.52,6,North,116.77
47,49.12,9,North,137.77
24,65.42,6,West,99.63
18,49.7,9,West,131.09
27,39.82,6,West,105.13
49,48.98,3,West,96.3
4,101.15,7,West,126.21
20,65.82,9,South,121.39
14,32.6,7,West,112.74
49,84.62,3,West,119.47
29,38.22,2,North,67.58
6,73.5,9,East,134.65
16,68.12,2,West,80.15
3,69.86,6,East,124.72
29,114.58,3,East,141.55
60,39.19,3,South,76.18
35,69.71,2,North,126.68
53,90.36,6,East,154.03
45,42.21,4,West,80.41
53,40.52,7,East,99.42
19,48.67,8,West,114.8
58,62.17,1,South,68.24
15,31.06,5,South,83.65
27,68.07,4,East,119.48
41,31.08,9,South,106.87
18,91.59,3,West,107.39
16,67.05,6,East,128.02
8,117.36,3,South,142.6
1,71.34,5,South,94.23
31,48.33,7,North,100.51
60,39.67,2,North,92.19
14,60.07,3,East,111.59
27,53.94,1,North,94.62
57,87.75,3,East,126.74
47,37.66,3,North,98.58
1,122.53,7,South,152.74
31,90.91,5,East,142.55
9,50.33,6,East,115.38
15,112.07,8,North,188.11
15,39.91,7,East,125.04
37,59.28,5,West,109.51
12,32.77,2,West,63.18
16,114.28,2,East,136.23
14,28.25,4,West,62.33
22,30.69,9,East,116.21
40,42.36,6,North,132.8
24,92.66,6,West,141.6
20,79.99,7,West,145.62
32,57.33,3,East,118.64
37,82.07,4,South,150.53
1,52.13,5,East,94.75
54,64.65,1,East,103.08
55,105.71,8,North,180.9
37,49.47,9,West,126.78
35,40.18,10,East,136.38
42,65.9,5,North,131.79
27,73.41,7,South,121.46
22,57.06,4,West,93.65
22,81.56,6,East,111.8
10,50.38,5,North,106.99
51,57.46,4,South,91.85
20,63.42,8,South,135.89
18,61.25,6,North,157.71
58,104.1,8,East,187.13
31,63.3,11,West,138.56
38,48.35,6,West,117.05
15,67.44,4,South,110.39
17,81.74,5,South,134.69
44,74.42,5,East,128.94
28,72.79,3,North,139.84
9,29.99,7,North,91.38
51,20.15,5,East,60.36
25,90.93,2,South,115.72
41,65.08,4,North,130.79
21,54.13,7,South,110.72
34,72.08,5,East,138.97
47,118.03,6,South,173.82
54,96.1,6,North,160.58
13,80.23,8,East,146.26
41,38.29,4,North,65.02
55,40.34,9,East,131.9
39,21.02,6,North,101.97
9,70.34,2,East,87.77
12,85.07,4,South,131.69
13,87.89,4,North,132.73
7,71.53,6,East,122.88
46,51.34,6,East,112.13
58,43.57,5,North,92.47
32,39.25,2,West,67.52
36,51.14,4,East,82.71
47,36.92,4,South,86.91
25,110.21,7,North,186.32
29,32.43,3,North,96.33
36,50.46,2,North,92.6
19,25.17,6,East,76.35
4,61.47,4,North,111.73
35,54.55,4,North,90.22
50,47.34,6,North,124.86
5,37.6,5,East,96.52
13,54.65,3,East,87.22
16,43.91,4,South,99.55
49,51.69,5,South,109.67
31,119.46,4,North,190.9
33,58.49,2,West,95.37
39,67.57,6,South,122.19
17,45.34,5,South,93.54
43,39.89,2,North,84.68
2,54.1,6,South,86.39
7,148.65,3,West,167.79
49,48.67,3,East,94.85
40,63.09,6,North,127.97
11,39.2,3,North,100.96
27,18.14,6,West,82.04
4,39.81,5,West,42.14
41,141.5,8,North,226.43
46,69.28,5,West,107.54
17,105.25,5,West,155.5
22,47.51,3,West,93.49
15,21.27,5,East,89.95
24,35.04,5,North,113.71
17,64.0,4,North,134.66
15,60.04,3,South,67.47
26,54.37,3,South,76.47
52,44.16,3,South,97.88
46,79.51,3,North,117.34
18,44.68,8,North,123.25
57,61.75,10,North,170.31
13,59.04,4,East,132.99
55,47.12,4,East,104.27
19,38.38,10,West,115.97
33,46.02,6,South,82.06
13,115.52,6,East,170.05
46,85.2,2,North,132.54
20,82.12,3,West,123.84
53,39.86,9,North,140.78
5,30.72,2,West,60.18
31,84.66,4,North,131.4
10,78.41,5,North,143.13
54,57.68,7,West,110.95
26,47.08,4,West,77.22
41,30.4,4,North,91.47
53,77.24,6,North,149.88
33,87.75,9,West,159.51
4,41.61,4,South,59.33
14,40.24,2,East,88.84
13,89.7,2,East,127.8
55,42.24,3,North,113.62
55,111.23,3,South,167.02
29,52.27,5,North,114.91
54,46.78,4,East,117.02
15,55.59,8,North,129.0
41,46.77,7,East,121.95
24,85.67,9,East,175.33
15,77.81,3,North,124.73
16,84.37,7,West,145.26
26,58.78,6,North,123.5
21,45.49,7,South,110.51
13,54.4,5,South,107.0
21,46.05,5,West,97.08
8,98.16,7,North,145.46
59,81.52,2,North,122.87
23,52.64,6,West,101.61
7,37.69,5,West,78.85
35,101.12,5,East,176.14
53,57.67,5,West,89.67
22,51.83,5,North,107.79
51,101.48,6,North,190.41
37,44.52,9,North,149.53
45,48.06,5,South,104.72
18,49.78,5,East,109.36
3,32.25,4,South,73.05
21,61.95,4,North,123.95
56,40.25,5,West,91.61
48,43.45,3,South,102.52
48,41.19,5,North,91.77
53,43.17,7,North,139.98
23,39.03,4,South,72.31
20,60.27,5,South,127.85
56,51.3,4,East,102.79
35,55.66,4,South,100.38
18,139.98,6,West,166.7
17,51.3,9,East,139.55
53,69.55,6,East,137.84
4,72.78,5,West,102.79
4,53.24,6,West,81.52
45,60.92,6,East,137.27
1,55.05,11,North,138.68
11,59.21,2,North,94.06
60,43.18,7,North,139.73
26,44.8,2,North,103.42
44,54.97,6,West,138.77
30,24.81,5,East,87.96
6,99.33,5,South,160.16
12,129.59,4,East,171.86
46,58.45,6,South,127.18
6,71.25,5,East,115.36
36,84.14,4,South,136.27
21,32.14,3,East,91.12
23,79.15,5,West,125.23
58,46.04,5,West,88.38
37,136.5,3,West,158.91
37,50.64,8,South,126.77
22,78.51,5,West,120.13
23,50.84,3,East,99.38
42,131.46,3,West,169.04
3,44.48,4,South,81.97
15,87.01,3,East,135.65
37,70.15,7,West,131.63
38,64.18,3,North,110.0
6,59.84,8,South,112.09
48,41.81,4,East,102.42
33,19.41,3,South,79.39
15,83.91,6,West,130.62
46,44.9,2,East,78.69
60,87.17,4,West,133.01
26,62.85,4,West,123.07
18,88.24,4,East,136.35
18,75.25,3,East,104.02
36,20.37,6,West,60.81
3,69.82,6,West,126.98
30,47.59,3,East,96.7
2,87.01,4,East,106.56
3,69.16,2,East,87.94
26,69.49,4,East,145.26
45,48.96,4,North,130.9
54,37.9,3,North,94.84
6,45.92,5,West,69.68
15,26.58,5,West,88.85
26,43.11,6,South,115.6
35,30.4,4,East,87.05
60,30.72,8,South,73.96
42,57.2,6,North,133.73
33,67.6,4,West,118.25
4,53.91,2,South,71.28
5,44.72,3,East,68.95
10,37.38,6,West,69.0
40,48.09,6,East,115.45
20,39.3,5,North,90.32
15,53.24,5,North,120.57
41,29.71,4,East,68.84
49,72.28,2,South,99.32
27,43.52,6,West,88.44
53,63.47,3,West,86.42
45,77.86,5,East,119.43
43,62.25,3,West,114.03
53,75.16,4,West,114.32
12,23.89,4,West,44.77
46,44.83,4,East,106.76
58,84.88,6,North,147.58
60,66.93,6,South,142.15
35,114.36,3,South,144.07
46,107.96,5,South,151.48
54,61.55,4,East,96.93
52,49.36,11,North,171.32
54,37.21,4,West,70.55
50,45.14,2,East,80.62
23,46.37,7,North,114.34
44,43.06,5,South,84.45
25,37.81,4,North,107.63
49,64.11,8,North,173.88
49,107.63,5,South,164.55
57,79.31,5,South,109.33
36,47.99,3,East,106.55
29,81.91,2,North,128.82
10,62.72,3,East,86.64
39,53.72,4,East,110.4
34,52.39,5,South,97.51
31,50.4,7,West,130.9
41,70.84,2,West,106.73
52,57.74,5,East,102.83
9,40.8,4,North,94.05
26,40.02,5,West,59.54
44,61.7,4,South,102.01
50,64.81,3,West,114.46
47,48.17,1,East,101.26
48,34.72,4,North,93.1
52,90.05,4,West,130.1
58,82.72,3,South,123.89
37,24.66,8,West,106.64
15,93.3,6,East,135.86
34,50.22,4,South,112.78
43,58.91,5,North,130.98
7,86.08,4,West,115.39
46,105.74,7,West,165.24
33,81.54,4,West,121.86
57,60.12,4,West,115.86
13,31.49,1,South,44.25
55,24.28,2,West,45.71
27,77.58,2,East,110.72
35,93.39,3,East,160.63
40,39.41,2,North,109.14
35,49.01,2,East,82.63
55,43.69,2,North,92.85
11,43.23,5,North,95.94
44,83.93,4,North,147.57
59,59.58,6,North,129.53
14,49.82,3,North,92.56
16,158.07,6,South,198.12
29,30.76,1,East,70.45
44,67.98,3,East,129.6
58,35.89,5,North,101.44
48,51.27,6,South,113.76
48,57.94,2,East,109.96
27,76.54,4,East,117.22
39,49.18,3,North,108.6
13,47.14,2,North,98.35
28,48.83,5,East,115.79
12,35.45,5,North,114.51
2,70.31,2,West,88.18
52,61.1,3,North,117.86
49,64.98,4,South,116.77
31,53.1,2,East,91.63
1,50.54,7,South,112.39
6,87.38,3,South,110.48
7,82.16,5,North,132.53
44,96.15,6,North,157.8
13,63.37,3,North,105.11
16,93.79,6,North,164.91
52,46.23,4,West,74.31
53,50.38,5,West,94.75
46,88.06,4,West,122.77
19,76.51,2,West,108.55
35,48.61,5,West,108.38
13,35.93,8,East,123.49
52,50.32,6,East,107.05
6,41.51,2,South,73.59
45,108.83,4,North,169.32
31,74.0,3,South,113.04
46,40.19,9,East,133.13
28,35.95,7,East,92.61
10,39.99,7,East,94.65
46,43.66,9,West,104.47
38,51.08,7,North,147.82
28,85.27,3,North,149.48
23,37.09,9,East,107.91
21,136.43,3,South,151.48
29,37.44,4,West,89.08
16,31.07,5,South,70.39
17,107.27,2,South,140.12
17,92.62,2,East,145.44
1,50.76,4,North,85.15
56,63.59,5,East,128.67
15,64.24,4,South,101.02
10,57.67,6,East,129.97
10,32.51,7,West,65.68
60,20.23,4,North,70.51
29,38.94,9,East,125.37
20,112.9,1,East,155.73
25,114.68,5,East,164.24
6,49.17,5,South,79.76
19,37.22,8,North,101.11
15,61.02,4,West,101.23
49,65.08,5,East,106.28
4,69.43,7,North,158.51
26,19.87,4,East,77.66
48,193.08,5,East,238.71
51,85.88,2,East,119.86
31,50.44,7,West,101.3
14,40.96,5,South,85.52
21,81.04,6,North,156.58
14,66.56,5,East,127.52
40,56.65,5,South,109.98
18,65.58,1,South,87.46
38,52.19,5,North,122.65
40,64.12,3,West,90.8
57,73.01,2,North,142.25
23,62.64,4,East,106.56
58,61.34,5,North,120.8
25,95.31,2,North,148.85
41,28.82,5,North,95.28
40,39.68,7,East,130.36
50,55.18,4,West,103.4
29,40.77,2,South,66.46
48,46.6,6,West,114.01
22,91.39,9,East,168.43
30,51.44,5,South,122.73
30,26.27,7,South,86.1
43,46.09,4,East,103.26
38,55.88,5,West,114.44
5,55.47,6,East,93.04
49,68.2,5,West,134.55
46,66.01,5,South,119.18
7,51.65,3,East,89.01
58,33.88,6,West,62.9
40,45.77,4,East,86.34
6,42.56,9,North,110.74
30,48.71,5,East,123.39
51,71.99,5,East,106.61
17,64.18,8,North,134.19
56,75.91,4,West,117.7
26,46.82,5,South,107.26
14,99.82,7,North,178.03
22,71.46,5,South,126.79
32,57.11,4,South,98.58
42,69.5,4,West,98.39
56,41.67,7,South,127.66
12,23.49,2,North,77.01
58,42.83,3,South,84.75
32,73.62,11,North,168.47
8,56.38,4,South,90.17
56,51.69,3,West,85.46
21,38.89,6,North,108.44
38,24.97,8,North,105.58
42,96.54,5,East,162.7
1,50.24,3,South,67.42
14,45.98,8,North,120.83
42,41.74,4,South,102.19
20,90.18,6,West,142.0
1,77.68,5,South,128.75
2,37.08,3,North,56.76
50,86.99,2,East,123.82
10,51.52,2,South,76.75
7,42.77,4,East,89.11
34,48.55,4,North,109.92
8,39.91,7,West,92.37
40,32.19,3,North,101.26
33,74.47,1,West,88.62
39,49.98,2,North,111.33
30,69.89,4,South,108.26
47,61.25,5,South,116.04
39,67.99,4,West,89.51
25,24.09,8,East,87.67
1,38.6,6,North,88.29
17,68.56,5,North,113.64
8,32.79,3,North,75.91
1,63.38,3,East,104.1
17,31.3,4,South,73.56
13,54.96,5,West,97.29
5,103.96,6,East,172.46
19,74.43,5,North,140.05
31,26.04,4,North,92.25
11,76.66,2,South,88.23
17,113.17,6,East,169.91
2,167.14,7,South,214.29
4,66.02,3,North,97.77
10,31.63,5,North,94.47
28,64.97,7,North,129.73
40,103.38,6,East,167.52
48,50.66,5,North,115.83
38,82.87,5,South,139.35
38,39.02,3,South,59.16
57,63.37,4,East,114.82
16,20.17,2,North,77.5
48,37.33,4,North,107.65
57,54.46,2,East,92.69
35,47.21,4,South,65.44
51,32.45,5,North,119.43
9,44.71,3,West,58.02
53,62.29,3,North,130.22
34,52.75,3,South,84.98
14,55.95,2,West,66.02
4,73.17,5,South,106.96
44,47.6,7,East,100.27
26,94.04,4,West,117.9
19,36.76,7,North,128.76
24,118.06,4,South,169.85
60,85.22,7,South,136.57
26,47.35,5,North,109.73
5,48.63,3,South,51.52
17,59.31,5,South,101.84
9,69.37,2,West,79.56
42,84.59,5,North,168.07
49,31.94,6,West,90.13
51,65.04,7,South,130.93
38,23.42,6,North,106.25
47,50.86,4,South,92.57
26,97.67,2,North,151.75
38,30.97,4,South,86.95
7,28.8,4,East,73.2
33,59.64,5,West,113.06
34,95.1,7,North,196.34
2,62.19,4,West,58.16
33,25.49,6,East,78.8
44,27.85,7,North,105.68
23,56.78,5,South,119.88
33,34.07,6,East,101.31
18,57.67,8,East,137.65
17,59.05,4,North,114.08
8,44.88,7,East,95.15
20,112.83,3,North,168.58
49,69.14,5,West,112.19
57,88.64,6,West,152.75
39,78.9,3,North,118.55
38,51.42,3,West,105.1
37,50.51,4,East,113.59
29,48.47,5,East,104.98
26,71.7,5,West,103.35
38,42.09,3,North,93.11
48,108.85,4,North,163.49
25,40.51,5,East,113.49
34,59.49,6,North,131.44
29,49.82,4,East,112.66
18,45.59,7,South,99.8
18,130.18,3,North,172.19
5,45.8,4,North,92.73
27,48.33,6,South,139.85
43,41.86,4,North,119.93
42,55.5,6,South,122.23
60,52.43,4,East,110.95
3,34.89,2,West,66.83
46,46.07,6,West,82.98
48,69.68,4,North,102.23
27,82.33,4,North,146.13
17,55.12,6,North,119.83
22,55.9,4,West,87.54
41,47.26,6,North,131.2
52,44.66,3,South,61.28
39,37.79,5,North,120.5
31,29.29,7,South,115.45
40,41.22,3,North,85.42
5,78.38,6,West,136.4
37,46.07,5,South,112.34
3,47.54,2,South,63.52
58,47.17,7,North,126.25
54,89.83,5,East,145.32
31,37.66,5,West,90.52
23,61.0,2,North,115.35
44,53.12,10,West,154.36
39,56.1,9,North,141.55
43,60.2,7,South,125.36
31,55.86,5,East,116.97
15,74.98,8,East,124.47
5,53.96,5,North,113.81
17,109.7,3,East,139.98
32,55.58,7,East,132.04
26,27.62,11,West,112.66
31,70.48,5,East,139.98
17,63.87,6,North,112.86
57,55.31,4,North,95.06
23,49.21,6,North,137.04
51,23.43,3,West,59.54
24,25.06,10,South,122.7
27,105.53,6,East,205.93
37,43.2,6,East,104.89
16,80.34,3,South,108.22
14,28.75,2,North,77.12
23,35.92,3,West,55.72
49,71.63,10,East,153.78
9,52.4,5,West,98.29
27,67.7,5,South,115.57
41,54.3,4,East,106.26
43,50.25,4,East,81.85
27,41.6,6,East,116.89
5,33.87,5,South,91.4
1,95.69,5,North,116.85
29,102.2,8,North,190.17
49,36.04,3,West,86.52
2,35.11,8,North,108.01
54,47.51,4,North,114.87
41,62.56,7,East,149.3
1,50.77,10,North,153.62
21,66.67,6,North,140.99
14,53.53,4,North,94.3
57,52.15,4,East,101.91
34,143.34,3,North,193.05
20,44.25,5,North,96.1
17,105.21,4,North,164.81
34,97.39,7,East,153.0
1,66.8,6,North,144.28
16,25.27,6,West,60.79
10,55.28,6,South,133.43
38,44.44,5,South,85.52
41,55.04,2,South,66.99
29,35.69,4,South,99.81
9,73.88,9,South,126.63
23,80.96,7,North,162.59
51,87.18,5,South,140.03
13,46.86,6,South,83.78
10,35.74,6,North,72.12
7,62.85,7,West,104.33
50,110.21,5,North,180.63
8,56.13,4,North,101.41
35,65.43,7,North,143.89
60,49.7,7,South,122.95
39,44.64,4,North,87.29
25,71.04,2,West,93.93
13,52.33,10,West,138.78
1,64.16,5,East,96.83
10,66.89,3,East,103.05
58,62.74,3,West,91.67
9,68.25,6,North,125.85
2,38.81,6,West,77.48
49,37.88,7,East,94.6
26,53.68,5,East,130.72
22,54.19,4,East,114.5
44,44.3,9,North,153.82
32,60.12,7,North,138.51
55,78.51,3,East,103.2
29,87.8,5,North,147.85
43,96.05,6,East,162.52
53,32.27,3,West,80.41
28,34.29,6,North,110.28
18,48.63,5,East,88.62
59,56.38,7,South,133.92
14,49.63,11,East,134.94
3,43.77,6,East,88.3
35,48.34,5,East,109.58
60,66.24,1,East,103.47
6,32.08,4,East,71.47
51,139.4,5,South,194.59
50,55.06,5,South,118.48
56,83.12,6,West,142.37
26,43.29,5,West,85.87
16,68.7,6,South,113.2
31,56.83,5,North,122.79
9,76.92,5,North,139.81
51,50.43,8,North,124.12
40,101.56,3,West,137.36
29,30.06,6,North,109.54
31,79.82,4,West,126.14
43,57.25,6,West,115.65
32,36.33,4,North,105.72
51,119.2,9,South,185.1
56,114.37,7,West,149.31
57,23.82,9,North,113.91
38,58.6,5,West,114.4
45,72.4,4,East,139.24
19,65.15,4,West,103.01
3,100.1,5,South,152.6
25,92.12,5,North,159.71
53,60.71,6,East,120.7
9,135.75,5,East,176.32
33,79.42,6,North,150.12
12,47.44,6,North,137.01
26,43.77,4,South,90.74
9,89.78,4,East,125.06
45,39.76,4,South,79.03
49,46.34,5,East,118.42
46,49.61,5,East,93.03
43,62.95,3,North,102.04
15,50.53,6,South,85.58
32,32.24,5,South,72.09
7,86.91,4,South,121.79
23,46.44,7,West,107.85
31,122.48,2,East,139.68
41,61.66,4,West,103.18
6,90.64,6,East,140.22
49,70.27,7,East,139.04
28,92.39,6,West,111.77
53,68.59,5,North,146.29
32,59.98,6,North,141.51
33,84.55,2,North,131.78
42,147.58,8,West,220.3
50,49.01,5,West,111.5
10,75.04,4,East,96.34
31,54.48,7,North,146.29
2,66.85,3,North,95.35
29,55.53,1,East,75.18
49,23.03,2,East,70.91
52,50.4,3,East,87.5
18,81.44,6,East,150.62
24,40.2,3,North,101.89
34,78.92,3,South,134.9
24,58.76,5,North,124.53
11,50.57,5,South,106.58
19,78.44,7,West,127.69
25,71.69,8,South,155.68
32,64.6,4,West,111.45
56,81.97,7,North,157.15
33,59.22,3,North,136.98
24,28.28,7,East,90.4
40,46.93,2,North,96.67
47,26.53,7,North,117.47
26,71.02,3,East,123.57
30,78.14,1,North,107.22
14,79.57,3,West,89.47
52,66.4,6,East,123.79
53,80.41,2,South,114.96
11,29.06,4,South,62.25
21,52.3,2,East,92.11
17,31.0,3,East,91.05
56,47.31,5,North,120.73
4,104.22,4,North,145.15
13,84.55,3,West,117.07
19,71.16,4,North,121.99
34,50.77,2,North,94.21
15,36.69,5,South,78.69
33,58.84,4,East,111.83
45,85.14,8,North,185.59
50,64.33,10,South,158.37
6,28.95,2,North,80.25
9,56.93,8,North,116.14
6,25.4,6,West,61.32
55,75.31,5,South,141.55
40,41.38,6,West,98.25
32,33.47,1,West,49.21
48,75.73,4,West,128.9
36,68.29,8,North,134.32
15,59.92,10,South,141.86
31,131.19,12,South,204.5
43,70.39,4,South,125.95
3,42.18,8,North,112.24
37,67.2,4,East,128.38
30,48.69,7,East,111.79
5,90.62,7,West,112.63
16,61.09,4,East,100.37
27,63.56,4,South,94.79
21,30.66,8,North,115.72
18,55.95,5,East,105.13
39,53.38,3,West,105.66
25,36.25,4,North,90.6
30,49.97,5,South,96.18
48,64.99,5,East,113.22
6,54.5,11,North,153.32
22,31.04,3,East,80.94
5,48.95,4,East,65.36
56,45.28,8,East,149.9
12,58.99,4,North,122.13
50,56.5,7,West,111.9
12,46.31,5,North,81.74
20,45.59,6,West,99.31
37,56.09,4,South,99.16
50,80.25,4,South,119.79
11,61.04,5,South,110.25
13,96.47,5,South,144.76
53,85.91,4,West,150.81
20,99.35,5,South,130.39
13,94.39,7,South,160.9
45,102.02,4,West,126.63
6,34.42,4,North,93.38
53,70.74,6,South,128.7
53,88.88,3,North,149.59
52,95.55,8,North,188.54
18,40.11,7,North,101.78
7,71.02,5,West,87.08
26,56.27,8,West,126.07
21,114.3,5,North,152.04
58,31.35,9,South,118.26
38,40.14,3,North,101.75
57,26.46,1,East,44.68
46,57.85,9,South,143.11
43,135.04,5,South,188.72
7,53.64,7,West,87.6
5,56.85,6,East,114.2
3,68.04,3,South,88.6
36,52.12,3,North,88.78
13,63.21,6,South,127.73
60,63.87,4,North,126.69
8,38.93,5,North,114.8
57,52.58,6,West,97.36
41,73.46,4,South,117.55
7,79.16,2,East,107.66
4,91.78,5,East,143.63
24,62.44,3,South,96.35
21,62.95,2,North,117.72
19,73.71,5,North,126.77
32,43.04,3,South,101.96
8,42.34,7,North,82.43
8,51.94,3,North,111.2
42,32.79,5,West,74.16
60,64.25,3,East,92.06
17,83.07,1,North,143.56
56,41.1,4,North,99.21
21,64.98,4,West,103.06
21,42.45,7,South,117.0
6,36.36,6,North,104.51
26,124.24,5,North,193.9
30,36.57,7,East,112.29
40,32.73,5,East,84.67
10,59.49,8,South,124.88
12,60.79,8,South,148.74
26,71.3,5,East,136.98
5,121.57,8,North,182.77
9,40.01,10,South,109.01
38,43.32,3,West,81.16
58,103.91,7,North,167.16
35,79.49,9,South,168.87
9,75.19,5,North,121.89
60,43.12,5,North,118.55
32,85.66,3,South,157.73
44,75.28,6,North,139.85
12,58.9,7,East,114.13
35,43.21,5,North,117.55
5,56.98,3,West,90.22
38,105.57,5,East,147.77
13,35.25,5,North,103.88
55,39.65,4,South,93.23
4,42.47,4,North,75.66
40,46.32,5,West,89.53
9,54.26,5,South,110.56
42,80.11,7,North,151.35
30,65.66,8,East,120.22
59,55.94,2,North,101.83
40,61.0,3,North,135.32
23,70.08,6,North,115.73
6,27.86,7,West,77.15
36,83.82,4,South,133.8
27,39.23,1,West,65.06
4,45.72,7,South,76.32
35,62.56,7,North,137.19
13,52.98,5,North,103.89
15,66.34,4,North,143.01
1,57.79,1,South,53.82
23,48.63,5,East,113.74
14,100.64,3,West,110.47
5,72.47,3,East,109.78
27,61.61,6,East,119.88
14,72.02,3,South,96.73
9,41.18,5,North,114.6
29,130.31,6,South,174.84
4,35.34,6,East,66.0
60,57.13,7,West,107.44
29,48.69,6,North,122.76
60,47.95,5,East,116.42
53,45.53,5,West,71.61
59,40.1,2,North,88.04
33,87.82,6,North,142.98
26,33.72,3,South,53.68
44,80.92,5,North,166.48
5,70.77,6,East,117.27
51,46.88,2,East,71.34
20,67.56,6,West,111.87
1,51.26,4,North,85.61
15,35.15,4,West,61.2
15,35.3,4,North,99.39
1,70.96,4,East,123.57
41,69.51,6,South,139.05
6,60.15,4,West,73.74
51,46.68,4,East,91.59
28,50.59,3,West,79.29
44,47.93,5,West,103.14
21,27.15,4,East,85.77
8,55.95,4,West,73.99
11,67.29,5,East,118.52
39,56.09,5,North,132.74
43,110.79,9,East,191.3
17,36.53,8,North,109.48
22,41.91,6,South,111.03
57,57.58,2,West,95.84
52,60.19,2,East,99.62
25,25.52,2,West,69.62
15,69.48,5,West,121.38
19,60.3,5,North,153.59
33,23.39,3,South,70.32
35,52.11,3,South,96.23
12,39.51,4,East,66.69
4,45.54,5,South,92.19
30,31.97,8,East,108.31
48,64.49,4,West,105.98
10,110.47,4,East,127.91
25,60.7,5,South,102.01
10,23.02,3,North,68.45
15,61.21,9,East,118.81
37,50.51,6,North,134.83
18,35.15,3,East,84.2
16,62.89,7,South,130.19
60,77.63,5,West,122.63
11,41.79,3,North,107.78
12,28.29,3,North,108.26
56,24.42,3,South,67.17
34,41.83,5,South,97.48
3,51.31,5,North,102.83
26,44.42,7,South,102.23
34,41.54,2,West,53.54
16,68.52,6,West,111.03
33,65.7,6,North,148.33
39,59.14,8,North,146.26
16,75.69,2,North,110.19
49,41.99,10,North,156.53
28,35.24,3,North,99.25
58,44.3,2,North,131.91
6,43.1,4,East,91.53
20,24.03,6,West,85.21
44,43.89,6,East,105.72
54,84.94,4,South,139.6
14,75.21,7,East,122.48
59,67.36,4,West,110.41
12,57.55,6,South,106.21
25,97.47,6,North,175.41
19,35.73,6,North,113.36
26,37.12,6,South,100.88
55,85.6,6,North,172.74
44,55.2,6,North,149.16
48,41.74,8,West,128.0
16,68.09,4,East,124.22
57,45.82,3,South,94.33
27,39.06,3,North,108.24
40,38.62,6,South,105.83
42,62.09,6,West,128.01
40,59.28,7,West,118.67
37,100.15,4,South,146.69
29,48.62,6,East,132.39
39,48.29,8,North,146.72
55,97.11,4,East,155.28
24,80.98,2,North,129.89
31,57.86,5,North,127.95
11,29.24,2,East,51.61
22,39.46,7,South,105.93
47,35.81,6,East,105.16
39,55.4,3,South,101.32
13,44.55,4,North,85.74
33,103.66,6,South,178.69
49,29.12,6,West,82.54
8,34.31,7,East,77.6
4,60.21,3,South,76.22
24,67.26,4,North,116.64
40,19.4,3,East,61.65
19,27.27,7,North,112.25
50,49.13,2,East,103.77
51,93.92,3,North,143.47
32,116.18,7,West,141.08
23,46.26,9,North,122.71
3,51.0,5,South,93.74
50,39.07,7,East,97.97
54,70.34,7,East,138.52
27,100.63,5,South,134.84
31,90.23,9,South,163.0
46,53.97,6,South,110.39
42,39.04,6,West,92.95
9,54.78,3,North,94.21
41,94.85,3,East,120.03
56,46.52,7,South,125.27
46,26.41,2,East,67.15
29,47.28,10,West,137.05
32,48.83,5,West,99.48
16,26.35,4,North,92.25
40,59.91,3,North,112.47
15,66.85,1,North,102.41
21,114.89,2,East,138.41
16,32.04,6,South,88.09
21,73.13,6,East,136.65
23,80.38,3,West,99.26
5,67.21,5,North,122.78
44,36.5,5,North,115.93
27,35.66,8,West,124.81
57,56.76,3,West,93.01
11,56.6,7,South,108.05
41,43.65,2,North,75.5
11,91.53,6,North,147.25
33,46.51,3,South,97.02
30,25.6,5,East,84.49
27,49.92,4,East,75.54
40,66.16,3,South,103.08
50,62.6,3,North,117.66
20,62.41,8,South,131.01
51,99.25,4,South,159.41
12,34.96,4,East,86.93
18,46.09,2,West,63.07
19,101.29,5,East,150.04
58,24.86,3,South,59.38
8,53.44,8,South,118.42
24,89.26,4,North,147.31
26,88.73,7,North,168.83
49,71.1,7,North,144.44
30,71.82,4,East,102.06
59,36.0,7,West,99.73
45,94.56,7,North,175.88
43,33.78,6,South,111.17
46,34.6,7,West,99.13
10,63.76,5,West,96.46
27,44.83,6,South,125.54
36,59.3,7,South,122.19
13,64.86,6,North,123.55
8,111.19,5,West,141.62
9,64.94,4,North,113.71
48,42.63,6,East,100.56
40,71.56,5,East,115.3
17,39.15,4,East,88.33
45,78.67,7,South,122.96
42,56.03,2,North,101.77
49,64.09,7,North,139.29
55,26.78,6,North,103.93
53,22.19,5,South,80.97
11,29.95,2,South,52.48
47,109.76,7,East,172.6
24,34.49,3,South,80.5
25,73.18,10,East,158.63
39,42.23,7,South,100.88
37,49.6,6,South,110.31
26,53.63,4,East,128.14
60,105.37,2,East,142.35
11,68.98,8,East,136.8
6,63.69,4,East,94.44
2,91.71,4,West,108.28
49,42.38,5,North,104.08
25,83.71,10,North,177.87
27,78.3,5,East,143.45
39,77.94,8,North,160.58
27,51.32,3,West,100.65
35,45.84,5,East,105.98
4,38.55,4,South,61.58
10,39.53,8,South,101.82
56,37.83,8,North,115.83
28,63.23,2,South,88.8
11,49.83,4,North,98.49
23,64.88,6,South,144.34
21,66.36,6,North,148.01
17,35.73,4,West,61.27
18,35.31,11,East,126.01
44,49.83,6,East,128.5
7,40.04,6,North,108.49
19,38.39,4,East,87.85
29,107.58,6,East,145.51
33,29.57,7,South,84.55
53,122.64,3,East,160.28
56,61.29,7,North,153.92
18,81.0,3,West,126.85
33,77.27,4,South,116.27
2,69.88,5,South,114.94
38,106.14,10,East,179.97
10,35.41,5,South,86.8
5,51.29,4,South,56.06
41,38.82,5,West,76.43
11,27.7,3,South,48.27
29,41.91,7,South,89.93
7,115.47,7,North,178.98
45,50.94,6,West,94.47
46,120.71,5,East,160.61
35,125.75,3,South,158.93
51,180.92,5,East,211.5
27,117.0,5,East,154.0
12,140.23,3,South,169.13
10,62.18,7,West,116.28
14,59.82,7,North,145.15
13,61.43,7,West,125.26
20,54.6,6,North,112.03
13,57.97,6,North,123.64
36,73.76,4,East,142.45
9,45.32,7,North,123.92
38,31.47,9,South,98.47
21,63.15,4,West,108.59
42,41.38,2,East,74.53
31,43.13,8,South,112.16
55,51.57,6,South,116.81
27,47.05,4,North,115.95
18,85.12,10,North,172.19
36,51.08,7,South,97.48
40,86.85,4,South,127.44
27,59.29,4,North,121.92
34,52.7,4,South,74.65
29,58.17,5,East,111.58
19,32.57,8,South,92.72
19,62.5,2,West,82.93
55,76.68,5,North,136.26
41,81.15,7,South,121.08
6,31.79,6,South,72.24
58,29.74,5,East,83.41
43,44.05,5,West,97.74
4,95.0,3,South,99.08
44,59.64,5,West,107.59
36,40.05,5,West,76.61
55,30.53,5,East,96.99
30,41.53,4,East,106.54
32,40.42,6,North,130.43
19,79.38,1,West,120.53
20,81.86,3,West,77.45
38,35.87,1,West,52.91
50,73.79,6,North,158.66
54,70.83,4,North,119.35
47,34.06,6,South,112.37
37,52.8,3,North,110.5
31,62.57,3,East,110.73
21,58.28,5,North,117.0
47,27.54,4,South,90.37
20,57.54,4,West,106.17
17,70.42,3,South,107.25
53,102.7,5,North,140.26
36,41.78,2,South,65.96
22,43.9,9,East,96.06
52,50.22,6,South,120.97
58,61.34,5,West,122.48
20,56.76,4,West,90.59
32,69.53,5,East,126.5
30,34.81,7,East,104.11
43,63.99,3,South,122.48
58,40.57,4,South,90.54
33,51.56,6,South,104.82
48,108.12,3,East,148.64
36,31.21,2,North,84.52
54,48.82,6,North,128.32
25,32.79,5,West,72.88
24,58.05,4,North,108.66
26,83.04,4,East,110.51
60,58.43,4,East,100.72
37,52.11,4,East,110.74
10,92.88,5,East,139.77
3,62.31,4,North,119.0
32,75.78,6,West,93.34
49,72.68,6,South,136.32
29,17.28,5,East,75.12
34,52.95,3,North,108.89
48,35.47,3,South,75.13
31,39.18,5,East,95.41
55,98.48,4,East,146.24
39,47.0,6,South,118.07
44,116.4,7,North,202.44
47,31.09,2,North,67.59
38,35.39,8,West,107.8
4,74.06,5,East,104.13
26,47.63,6,South,108.31
9,61.74,2,West,80.05
31,52.2,6,North,134.94
9,51.57,4,North,85.31
31,48.34,4,West,97.27
21,58.66,10,South,140.85
2,70.57,8,West,129.71
8,104.14,2,South,115.82
31,50.35,7,South,123.23
5,46.64,5,East,77.43
52,44.3,6,South,94.58
46,98.29,2,South,131.64
43,71.96,6,South,118.58
11,25.54,7,North,103.6
48,25.1,7,South,66.4
39,39.17,6,East,104.64
24,59.86,3,South,100.69
1,53.87,4,East,82.47
32,67.08,4,West,117.99
48,50.9,4,East,106.57
3,95.48,5,South,122.67
4,74.35,4,West,90.98
23,56.32,3,West,92.52
31,86.33,5,South,136.5
29,28.23,4,East,81.29
26,52.77,4,South,109.22
16,57.69,5,East,97.23
4,69.46,3,East,96.26
2,27.49,3,South,75.06
6,49.2,6,South,92.43
42,64.08,6,South,115.12
48,66.08,4,North,125.52
27,87.75,5,West,127.01
5,74.04,4,South,100.73
25,53.29,4,South,107.33
60,71.52,5,North,141.04
15,50.37,4,West,61.87
30,57.9,5,West,121.49
33,75.03,1,South,98.73
20,53.62,2,East,82.38
27,63.1,6,West,121.94
29,80.2,4,West,137.32
29,72.59,2,East,120.72
44,89.42,3,South,125.08
35,138.57,4,North,196.13
4,72.33,7,South,118.96
1,45.4,3,West,48.24
25,67.0,8,South,128.13
55,65.86,2,West,77.01
3,69.78,4,North,141.29
5,99.29,5,North,138.79
41,27.84,2,West,63.64
28,100.04,4,West,146.57
14,114.45,4,East,152.78
13,68.53,4,South,110.58
40,69.19,6,South,120.78
32,49.57,7,North,136.38
39,54.74,8,East,120.08
17,72.18,10,North,158.17
32,70.35,14,North,200.5
52,72.84,4,North,126.82
19,70.15,4,West,114.81
24,78.21,4,South,112.17
10,74.79,2,East,121.24
39,36.24,8,South,126.68
2,76.17,5,South,108.27
15,114.83,8,West,180.87
43,54.02,8,West,122.57
2,99.46,10,North,163.22
60,37.83,4,North,117.36
25,53.95,4,East,90.25
24,42.25,2,North,91.36
33,94.79,7,South,147.2
39,105.23,5,East,172.7
28,52.47,7,North,132.71
54,87.22,10,South,165.04
58,105.66,4,West,144.88
13,53.88,7,North,144.24
43,57.51,3,North,125.84
19,73.22,7,North,167.52
60,38.98,3,North,89.82
16,57.06,7,North,143.38
18,128.65,5,West,158.83
43,44.7,3,East,71.14
48,76.83,3,West,103.56
8,67.32,5,North,117.32
34,51.14,9,North,127.29
21,59.66,7,West,140.38
37,110.06,4,North,153.16
34,68.13,5,North,134.5
60,72.52,4,South,105.04
57,103.58,3,South,149.54
40,48.63,7,East,118.42
41,35.92,4,South,86.56
54,110.76,6,North,186.76
12,57.66,3,South,79.49
44,78.06,8,South,159.14
47,40.25,10,South,123.68
8,63.78,6,East,83.98
53,35.21,5,South,79.76
42,56.01,3,South,121.45
21,42.13,8,North,135.71
30,38.43,4,South,80.58
30,48.36,4,South,98.16
56,21.82,6,South,91.57
59,34.33,3,South,84.19
49,74.66,3,East,142.87
40,62.74,3,West,103.35
7,35.53,4,East,89.04
55,67.98,4,East,128.3
9,38.43,5,East,78.49
11,72.88,10,South,153.65
5,52.13,2,West,66.13
57,47.94,8,South,114.15
30,52.65,6,North,134.23
15,151.99,6,West,203.26
5,40.31,4,East,84.87
25,59.78,3,North,138.01
44,74.63,5,South,135.33
60,37.15,7,North,138.08
34,28.86,5,West,77.1
37,42.93,2,North,72.61
51,73.98,4,North,122.01
55,47.62,6,East,116.25
17,49.78,3,East,78.02
60,78.59,7,South,142.85
32,39.55,9,East,127.8
56,52.69,9,North,135.05
8,29.8,4,West,68.75
6,62.07,1,North,96.49
54,59.85,7,West,105.65
41,75.05,4,North,136.6
11,34.53,4,North,111.84
54,50.56,2,North,101.37
7,32.74,3,West,41.67
41,49.48,4,North,95.88
13,98.76,3,South,138.7
5,48.02,6,South,87.48
49,31.62,7,East,111.82
51,41.6,7,East,106.37
7,28.66,4,East,64.73
6,32.51,4,North,89.61
37,71.41,3,South,118.06
2,30.61,4,South,69.87
45,61.86,4,North,124.29
55,55.16,5,West,121.15
46,44.14,4,North,114.3
14,59.8,3,East,87.74
12,37.52,4,South,73.93
41,76.43,3,East,122.23
4,41.29,5,West,60.35
33,46.78,8,North,129.02
27,44.61,6,West,116.64
45,71.94,10,South,141.66
13,67.88,6,North,127.09
46,19.13,5,East,76.78
42,60.44,3,West,99.86
15,27.17,4,East,82.24
22,47.63,8,East,119.77
4,52.29,4,South,94.97
27,47.43,8,North,123.06
16,66.71,4,North,111.09
7,72.82,6,East,144.73
34,40.07,3,West,81.77
35,39.49,6,West,100.29
6,53.82,2,South,61.39
12,29.44,5,North,96.47
5,45.11,3,North,72.45
41,93.62,6,South,146.4
21,29.89,5,East,77.8
5,47.65,2,North,80.18
12,43.08,6,South,89.0
59,121.77,4,West,166.12
16,44.03,7,East,105.16
42,45.06,2,West,73.18
29,36.15,5,East,96.35
11,54.8,7,North,142.5
19,60.83,2,South,113.77
1,38.31,4,South,59.04
45,81.08,5,South,124.25
21,60.85,5,North,128.46
30,76.77,3,East,126.92
10,47.88,5,North,127.15
50,60.18,1,East,89.53
14,50.14,7,North,128.92
34,97.81,6,North,170.68
53,57.2,7,South,117.84
43,54.79,3,North,109.84
37,45.45,4,East,95.27
54,44.42,7,East,100.51
11,60.04,7,North,158.5
58,75.78,5,North,159.35
34,41.52,9,North,154.75
25,57.43,8,East,127.55
16,58.77,6,North,116.64
45,63.01,4,North,140.58
59,27.58,7,East,90.9
42,37.72,4,South,111.69
2,31.62,5,East,76.56
29,55.32,4,West,120.62
44,38.08,7,South,83.12
24,44.77,6,South,100.38
47,33.86,6,West,107.74
43,46.47,3,East,90.71
5,34.83,3,North,79.72
34,73.93,3,East,118.26
11,66.13,4,North,102.52
30,57.98,7,South,116.71
24,48.39,8,North,152.09
49,24.17,5,West,56.45
53,45.45,6,East,107.02
28,40.26,4,East,96.98
33,60.27,6,North,125.22
38,69.96,4,East,126.79
40,62.17,6,South,135.66
39,90.49,7,West,154.82
47,43.5,4,North,116.14
59,42.78,3,West,73.28
50,82.69,4,South,125.65
9,58.35,8,North,127.74
29,49.46,11,South,148.12
28,114.28,2,West,156.48
31,68.79,7,West,133.09
32,50.59,7,East,111.6
44,41.5,5,West,65.4
26,92.81,8,North,177.98
16,59.31,4,East,114.33
28,55.14,6,North,119.78
52,71.56,5,North,138.87
19,77.64,3,South,98.44
2,68.03,5,East,111.11
59,77.76,2,South,92.04
12,65.4,4,West,104.89
37,68.17,2,South,95.36
49,40.75,6,East,110.53
17,112.63,6,West,154.59
21,33.33,6,West,98.07
17,61.79,2,East,107.06
9,31.99,5,West,68.3
10,52.5,3,East,110.24
12,43.44,6,North,113.44
28,57.64,6,West,89.44
32,62.6,5,North,122.46
1,37.24,4,North,68.08
51,53.96,3,East,87.49
41,95.34,5,East,146.23
5,32.3,8,West,76.76
51,38.8,5,South,95.52
2,77.04,7,East,120.33
34,56.32,6,North,152.78
28,58.0,8,North,149.35
31,82.18,4,North,119.77
58,39.74,7,West,108.04
56,44.36,7,East,116.28
17,42.22,3,West,55.23
35,47.5,10,South,125.07
58,93.3,8,East,164.25
44,27.65,8,West,95.52
54,33.86,7,South,85.25
27,31.62,7,North,126.98
17,95.65,11,West,175.05
31,42.7,4,South,101.04
50,47.91,8,East,125.36
56,28.62,8,North,114.4
42,49.16,2,West,90.25
43,77.22,3,West,112.24
31,60.41,5,East,127.03
20,52.29,8,West,121.46
26,29.2,7,East,102.29
30,47.89,6,West,121.1
49,57.9,2,North,121.81
34,36.72,3,North,107.9
48,70.95,5,South,116.16
2,77.79,1,East,74.3
46,44.19,4,North,103.61
31,72.99,3,East,112.44
60,52.25,7,North,153.41
29,86.39,4,North,117.31
29,123.18,9,East,222.77
8,35.25,4,South,78.52
49,74.28,5,South,133.63
43,92.02,5,South,163.75
52,37.03,4,South,107.7
6,43.38,3,North,93.31
13,43.18,6,North,113.78
53,51.77,7,South,123.81
3,47.34,7,East,107.37
31,50.44,5,North,122.89
25,76.34,2,North,133.18
57,25.58,5,West,69.88
52,36.98,6,South,107.15
54,71.38,6,South,116.38
18,68.11,3,West,98.76
36,35.75,4,North,107.38
43,68.3,4,South,90.83
59,92.83,7,South,130.53
1,53.54,4,West,81.26
59,36.48,5,North,86.32
22,77.48,5,West,123.3
8,108.77,4,West,127.36
37,38.3,5,South,98.86
47,55.46,6,North,141.97
8,84.44,7,West,113.07
3,57.18,4,North,118.84
54,27.14,5,West,77.99
57,65.19,5,West,121.23
10,36.91,4,South,94.07
55,32.84,6,North,114.91
55,27.36,8,East,104.21
60,87.9,9,South,161.14
13,39.1,9,South,112.37
35,62.39,3,South,112.32
60,68.83,4,East,138.03
55,58.25,4,North,128.19
37,61.47,4,West,77.52
12,63.59,8,North,157.78
6,57.7,4,West,88.51
16,40.28,3,South,88.76
4,38.87,5,East,87.84
12,52.35,6,North,97.64
5,51.91,3,South,54.8
46,64.83,6,West,108.55
36,84.83,10,North,182.42
32,62.65,4,South,95.74
49,39.47,5,East,112.99
25,22.82,4,South,66.45
25,40.14,4,North,109.07
13,31.89,3,South,74.13
27,40.77,5,East,100.14
11,60.15,4,East,92.29
36,56.47,6,West,107.45
60,114.81,5,West,150.74
32,66.24,4,South,103.71
18,117.17,5,East,152.39
42,72.68,10,West,158.59
50,84.29,5,West,151.17
29,47.3,7,North,130.22
16,35.52,8,South,106.77
43,45.62,2,North,94.93
12,54.34,7,South,107.05
60,42.47,5,West,80.63
20,36.58,4,South,94.65
22,64.5,2,East,104.89
44,36.52,4,North,106.55
1,29.57,4,North,73.94
13,34.85,1,North,52.05
8,49.71,5,South,81.43
24,36.73,5,East,102.27
34,49.84,5,South,107.32
11,69.42,4,East,110.9
21,68.7,6,North,147.18
47,41.92,4,South,77.31
57,32.41,5,North,114.25
1,43.37,6,South,107.64
38,70.97,7,North,163.09
2,77.92,8,North,141.22
32,62.88,2,North,128.51
53,88.29,6,East,154.64
48,109.04,5,South,156.07
14,45.0,7,West,105.97
16,98.95,5,North,173.12
48,49.19,3,East,67.4
50,82.1,7,South,121.15
17,72.49,3,South,88.76
1,24.76,5,South,57.93
27,37.1,7,South,110.27
38,33.5,7,West,113.78
27,26.77,7,South,80.75
57,77.61,4,North,155.18
49,124.9,3,East,159.27
48,49.25,5,East,117.24
2,76.84,6,East,118.81
52,98.87,5,North,147.12
46,59.34,5,South,126.15
24,54.05,6,West,98.26
36,49.49,8,East,109.45
50,67.7,7,South,145.91
55,77.47,7,West,142.94
34,65.68,4,East,133.38
3,64.78,3,West,102.24
38,53.49,9,South,138.12
41,28.87,7,North,97.69
4,78.19,3,South,84.18
50,32.66,4,East,76.53
13,69.95,7,West,140.42
54,73.87,3,North,133.25
34,34.6,6,South,92.45
20,42.81,8,East,127.86
4,127.56,6,East,177.06
2,52.89,4,East,88.88
45,33.51,4,South,92.74
23,75.22,3,North,115.07
51,40.08,8,North,158.03
14,25.32,7,South,58.08
56,67.22,4,North,117.35
57,37.84,4,East,83.61
7,62.08,6,North,116.84
39,39.45,5,North,106.64
57,72.45,3,East,129.96
20,58.76,2,East,100.42
5,19.38,6,North,78.15
53,63.61,5,West,124.42
29,48.62,3,North,99.77
2,96.22,7,North,154.37
51,63.95,5,South,107.4
41,73.88,5,North,121.61
5,41.09,6,East,88.46
16,39.8,8,North,124.44
2,54.04,6,North,134.06
58,47.26,4,East,96.27
2,93.24,5,West,118.79
48,51.35,7,West,103.84
31,33.45,3,North,71.47
35,39.21,8,North,117.85
49,80.32,3,West,106.38
54,51.06,4,East,115.85
8,49.98,1,West,59.08
2,83.44,5,South,114.35
8,37.87,6,North,115.09
41,22.33,7,North,115.05
35,38.82,9,West,120.65
6,60.15,6,East,124.21
15,49.41,5,West,76.72
33,29.25,4,East,59.32
44,81.98,3,South,121.79
21,58.29,5,East,107.95
57,63.79,4,West,119.26
60,64.58,6,West,116.56
46,32.48,6,North,134.7
28,61.63,4,East,129.92
53,78.49,3,West,122.19
44,86.15,5,East,155.94
32,72.86,5,East,117.79
27,67.04,6,North,130.36
50,27.25,8,West,82.65
34,54.27,2,North,101.11
11,37.24,4,South,56.51
60,91.18,8,East,149.2
5,85.81,7,North,141.32
42,37.33,5,East,72.79
40,53.6,5,West,99.67
36,60.3,3,South,81.89
4,78.28,8,South,125.0
30,27.93,8,West,74.31
54,22.56,5,East,98.5
15,55.44,9,East,144.21
42,19.83,6,North,85.79
52,58.17,4,South,104.19
58,69.19,4,North,148.91
31,89.52,6,South,164.72
19,42.56,5,North,103.74
42,58.23,6,South,106.26
30,70.85,2,South,128.66
38,34.11,6,North,96.51
45,78.74,3,North,142.14
43,60.93,5,South,109.58
15,42.85,9,North,124.71
46,57.77,6,East,113.74
33,51.64,10,North,154.9
56,74.59,6,East,137.31
40,47.27,7,North,111.89
54,59.79,4,North,121.51
59,42.59,2,South,70.72
60,37.52,5,North,106.39
45,58.48,4,North,126.8
36,38.14,5,South,87.48
8,75.21,3,South,98.41
24,69.19,4,South,106.92
29,40.2,6,West,101.28
47,59.47,4,East,110.51
36,40.13,4,East,99.11
27,28.74,5,East,91.07
9,43.0,5,East,113.12
43,53.51,7,West,119.26
26,67.26,2,East,107.81
3,57.96,6,West,97.63
18,78.5,5,East,150.49
53,36.87,6,North,128.98
8,46.96,4,North,114.19
25,105.4,3,West,136.95
31,25.22,4,West,79.8
6,45.57,6,South,90.61
10,35.57,8,North,121.17
57,50.49,6,North,125.13
36,45.89,5,West,94.02
13,69.47,3,East,101.67
11,60.47,5,East,111.16
26,32.39,3,East,92.56
44,43.15,2,North,106.55
44,54.6,5,North,116.23
12,73.39,8,West,128.06
44,144.49,5,East,181.65
54,72.32,3,North,122.32
14,36.42,8,East,99.26
2,52.59,4,North,82.57
58,58.7,8,West,121.71
32,44.36,5,East,124.83
47,65.9,4,South,111.95
20,22.01,6,South,93.34
18,68.12,3,West,99.08
14,45.13,8,East,111.2
14,52.25,5,East,117.99
29,98.13,11,South,202.82
7,32.96,3,East,54.76
51,60.89,3,West,112.38
31,75.01,11,West,160.73
55,58.45,3,North,100.78
31,28.63,1,South,56.88
19,93.71,7,South,150.81
31,50.17,9,East,142.09
10,44.21,7,North,120.51
50,48.22,7,North,125.74
44,46.86,2,South,92.2
9,33.92,8,North,103.91
35,58.32,5,East,112.07
33,43.0,3,South,109.05
13,71.4,8,West,108.88
8,67.16,5,South,116.96
46,104.61,6,South,146.47
16,50.17,2,East,89.95
32,39.59,9,West,115.32
15,30.33,9,South,95.98
40,131.28,10,South,206.79
3,71.15,11,West,126.34
22,41.39,6,South,107.45
33,107.48,5,South,164.98
27,93.92,2,South,140.75
37,31.8,4,East,107.3
11,40.39,5,North,96.75
27,51.78,4,North,107.86
46,35.59,6,North,105.79
21,52.53,6,North,141.21
10,72.59,4,North,117.23
51,31.52,5,South,94.07
47,61.39,6,North,120.35
41,87.13,4,West,126.08
48,64.08,5,West,115.72
47,52.97,4,North,113.45
45,41.79,3,East,84.59
31,76.12,4,East,108.32
2,34.1,4,South,87.73
36,60.17,8,West,129.59
17,55.16,8,South,144.67
47,85.65,5,East,149.02
29,43.25,4,North,119.61
55,44.74,1,East,77.48
36,33.22,2,North,87.48
34,65.03,4,South,113.58
56,46.08,8,North,135.21
29,38.67,7,South,127.66
23,40.18,4,South,87.04
23,67.68,2,East,108.13
53,35.12,11,West,115.36
46,36.39,5,East,100.81
10,78.14,6,East,122.1
30,51.09,2,South,83.76
23,80.01,6,South,157.37
39,47.29,2,West,77.71
4,54.57,7,North,107.86
43,58.12,2,South,111.48
45,95.1,4,South,137.91
14,92.05,8,East,170.07
10,86.6,3,South,127.23
38,42.46,7,East,119.84
16,36.79,4,West,80.28
57,74.02,10,West,144.03
47,94.7,2,West,122.72
58,86.93,2,North,150.68
33,54.88,6,South,112.21
57,73.05,6,East,126.16
1,73.56,4,East,86.93
18,57.95,4,North,117.89
1,58.97,9,North,124.86
41,56.79,4,South,121.53
31,39.84,3,East,93.72
18,41.5,5,North,109.58
19,41.24,5,East,99.82
39,28.8,7,South,97.05
11,57.81,6,West,104.62
31,53.72,4,North,103.39
37,74.05,7,East,151.29
15,90.4,10,East,166.57
14,92.73,6,North,159.59
22,96.29,4,North,140.62
36,40.33,8,West,93.88
16,30.79,3,South,61.1
23,79.23,5,North,144.67
33,94.9,3,West,144.66
12,101.74,4,South,97.24
35,66.29,3,South,130.31
9,24.56,4,South,51.09
9,63.2,5,West,106.55
15,68.18,5,East,128.41
18,90.09,3,West,111.75
2,96.72,5,West,128.31
58,78.56,5,West,118.32
19,43.17,6,South,98.02
49,36.17,4,East,75.16
55,67.6,4,West,103.9
49,39.77,5,South,109.59
50,98.5,5,North,180.25
7,27.61,6,South,70.16
23,68.49,7,West,120.79
45,62.04,5,West,96.56
35,50.26,6,East,123.96
1,37.71,13,South,124.49
35,23.93,3,South,65.1
49,44.14,4,North,100.77
50,44.45,5,East,110.89
24,85.17,5,South,133.85
15,39.92,5,North,109.74
19,65.44,6,East,123.99
18,32.56,7,West,101.62
21,66.16,4,South,117.95
19,22.31,5,East,71.94
28,126.23,4,North,178.91
3,51.6,5,North,83.06
17,17.85,1,South,49.87
19,40.97,1,East,60.92
10,38.46,6,North,108.53
53,42.0,3,West,67.32
41,47.19,6,East,105.72
55,41.89,5,South,81.67
34,39.39,1,West,81.03
7,34.35,5,South,81.84
55,75.85,6,South,139.09
28,88.27,2,North,117.02
42,49.31,3,East,93.37
23,54.21,8,East,136.89
30,34.79,4,South,95.06
30,56.17,4,North,113.44
18,59.86,6,East,111.95
34,50.01,9,North,132.44
45,63.97,4,North,136.99
2,61.77,2,North,71.81
8,35.81,3,East,73.37
51,87.99,4,South,102.69
35,50.25,3,West,97.66
59,106.72,9,West,164.49
37,64.6,2,West,107.22
40,120.11,5,North,169.17
54,87.37,3,South,128.88
40,59.79,3,South,106.89
20,40.88,9,North,126.93
32,41.24,4,North,84.93
15,67.57,9,South,126.91
21,57.82,3,East,92.01
41,43.14,6,West,107.81
9,76.19,5,North,127.93
41,55.45,7,South,130.52
36,76.37,6,East,158.05
19,36.96,8,West,76.9
3,81.43,5,West,113.13
43,66.71,6,West,115.37
50,88.15,5,East,150.95
44,80.72,4,East,127.15
26,52.77,6,East,118.48
40,51.1,4,West,79.2
25,111.41,4,South,142.57
22,48.61,4,North,111.75
20,73.65,7,South,116.21
13,46.87,5,West,73.74
59,25.93,3,East,77.58
40,33.42,6,East,100.81
11,64.22,4,South,94.27
52,72.27,4,North,130.46
10,64.31,2,North,96.9
36,86.35,1,North,123.59
10,63.85,3,South,84.28
22,40.04,4,South,69.22
40,69.25,4,North,141.08
60,58.43,5,East,123.29
60,43.37,7,South,90.75
54,65.96,5,West,98.9
15,56.36,4,East,123.16
6,42.86,8,North,122.46
55,50.85,7,West,126.18
56,96.1,8,South,152.16
17,94.86,5,West,143.36
2,58.87,6,West,87.32
39,55.86,5,West,91.2
5,30.78,5,South,74.0
3,108.61,5,East,131.53
57,82.64,4,West,117.56
30,73.76,7,West,126.01
7,21.98,6,East,48.34
40,55.5,7,West,94.55
23,51.89,6,East,118.01
33,71.75,5,South,115.66
54,45.59,3,South,97.17
15,49.77,4,South,92.67
39,69.95,3,North,123.34
50,40.07,3,East,107.45
26,43.4,3,East,97.03
59,58.99,5,North,129.33
27,93.26,3,East,143.06
28,75.44,6,East,142.73
54,83.94,10,North,178.57
39,56.0,7,East,129.27
53,99.29,2,East,128.17
48,27.21,6,South,98.62
43,122.6,3,South,153.73
15,129.12,5,East,179.51
24,65.54,2,South,94.73
52,76.17,6,South,107.63
37,53.77,6,East,122.3
17,50.21,6,West,124.91
20,42.76,5,North,98.67
47,53.54,3,West,88.46
11,68.2,4,East,112.18
7,64.58,5,North,123.08
46,120.86,5,North,192.82
18,56.83,3,North,103.38
46,30.1,5,West,74.14
33,105.4,2,North,138.73
60,33.5,5,West,89.59
32,43.65,4,East,107.08
53,60.87,9,East,146.84
52,64.51,5,North,133.8
13,30.63,6,East,86.84
60,40.5,7,North,136.84
45,30.2,11,East,146.76
7,70.01,5,West,101.74
1,87.65,3,North,112.32
17,33.49,4,East,68.0
1,81.31,8,West,136.53
22,79.23,7,East,132.3
60,41.95,2,West,68.14
29,24.7,3,South,61.38
2,35.57,4,North,101.58
30,43.03,6,South,113.98
14,101.16,6,East,170.01
52,52.07,4,East,100.8
6,36.5,4,East,88.94
47,57.92,7,North,148.2
27,32.52,6,East,104.23
2,67.07,3,South,82.4
41,36.93,5,South,92.54
28,39.13,4,East,98.92
47,63.45,4,South,108.2
38,109.96,9,North,189.67
48,131.51,4,East,197.62
28,36.02,6,South,102.87
1,43.01,7,East,95.69
8,67.1,5,West,110.92
28,87.14,4,East,149.97
24,22.97,3,South,56.58
48,56.54,5,East,91.88
25,44.93,4,South,97.53
52,25.29,5,East,98.35
12,31.98,4,South,86.83
24,43.51,4,East,103.99
46,55.9,10,East,130.42
8,81.72,4,South,118.2
20,62.91,3,West,103.21
46,79.76,5,West,122.41
36,55.18,8,South,135.63
47,41.18,2,North,77.55
31,50.73,5,West,118.61
52,72.11,6,North,137.83
53,82.52,1,North,105.63
59,51.46,7,West,103.4
8,37.65,5,South,89.01
36,62.44,5,West,119.54
7,66.1,11,East,147.72
14,89.4,6,East,118.34
19,41.62,2,North,77.55
39,41.8,5,North,107.36
26,73.88,6,North,142.78
52,46.39,4,East,85.9
18,45.61,4,West,82.11
38,90.17,6,West,152.92
46,31.55,4,North,97.22
59,124.27,4,South,182.4
15,42.73,4,East,88.6
45,77.22,5,South,146.02
6,52.27,5,North,127.39
33,60.86,3,East,111.48
25,49.15,4,West,94.09
58,76.91,4,South,137.5
47,47.52,7,East,132.24
56,43.42,4,East,93.82
52,112.77,6,South,163.03
25,55.24,9,East,143.28
45,41.67,4,West,70.83
2,30.08,6,North,95.29
34,115.15,3,South,151.28
3,43.78,5,North,83.89
44,124.55,11,East,207.58
59,64.04,5,North,137.88
41,57.81,6,East,119.86
51,58.44,5,South,115.39
15,132.47,4,East,178.78
60,22.72,9,North,137.23
34,59.49,7,West,115.42
41,49.1,7,East,118.95
47,50.14,4,East,105.36
39,57.96,6,South,140.23
20,49.08,5,North,128.02
37,58.87,6,North,122.71
40,54.09,5,North,105.46
52,32.28,6,North,124.67
29,63.6,4,East,117.9
31,72.71,5,North,156.97
31,43.96,3,South,105.09
7,115.26,9,West,163.03
6,93.15,4,North,137.02
2,76.52,5,West,114.67
40,76.15,5,South,118.25
26,55.26,1,East,91.47
52,86.19,6,East,145.7
43,102.34,7,South,158.03
9,75.43,7,South,135.48
7,43.46,9,North,122.98
22,53.74,3,West,79.55
56,68.68,8,North,165.43
3,76.33,5,South,125.16
12,52.93,7,North,136.06
2,43.52,4,North,83.25
25,102.89,6,North,178.0
60,35.55,4,South,87.14
42,37.47,5,North,109.33
30,32.11,5,South,94.72
9,37.43,6,East,99.78
22,89.92,8,North,190.59
32,91.13,4,North,156.58
17,53.0,3,East,99.21
43,66.59,4,East,123.46
59,54.37,4,East,127.61
13,33.89,1,North,55.95
16,132.59,4,West,174.48
8,94.62,8,South,156.67
44,62.91,3,North,119.82
28,38.77,6,West,99.75
18,49.9,7,West,123.84
14,41.39,6,East,106.17
5,56.77,3,West,85.4
29,61.8,4,South,109.07
41,47.63,6,West,114.08
15,30.52,8,North,123.89
1,128.1,8,East,155.66
29,60.04,4,South,111.73
41,65.54,5,North,164.16
21,46.11,2,South,100.99
16,29.23,1,South,69.23
10,52.81,5,North,111.8
45,47.98,6,West,118.58
52,72.52,5,East,133.85
47,78.45,3,North,113.35
32,74.14,7,North,152.42
44,81.07,2,North,112.25
24,112.33,8,North,193.57
2,63.81,5,North,142.37
23,84.75,6,North,148.58
43,66.52,7,North,157.47
39,25.53,6,South,72.16
60,51.33,4,South,102.71
60,38.59,4,West,64.24
15,59.89,6,North,111.35
1,39.79,7,East,102.32
17,69.57,5,East,119.6
53,80.84,6,East,142.11
49,88.36,4,West,127.92
6,104.35,5,West,108.34
10,27.93,7,West,75.02
34,33.8,4,East,88.58
40,176.11,8,North,255.43
59,81.76,4,West,90.19
46,59.73,5,North,140.46
13,55.3,8,South,105.61
3,53.37,5,West,92.1
39,25.19,8,North,115.82
34,40.09,4,North,115.89
56,52.21,4,North,133.94
35,41.0,4,West,86.17
31,43.2,5,East,106.42
19,151.94,7,East,181.04
6,49.37,3,West,63.09
53,61.02,3,West,85.63
50,60.16,3,South,100.64
10,69.12,7,South,121.53
43,45.11,4,North,107.55
22,89.91,8,North,175.37
27,65.2,4,North,152.88
51,32.63,6,West,99.18
51,52.3,3,North,116.99
12,50.97,4,West,85.01
19,50.04,3,South,88.96
50,66.93,6,South,130.92
56,70.38,7,North,149.95
5,67.13,7,West,132.65
51,62.52,4,South,99.81
30,56.5,3,North,121.73
36,23.09,8,North,104.65
5,74.53,7,East,133.22
41,66.38,9,East,154.42
41,36.82,8,North,130.56
40,61.08,4,East,110.98
48,70.75,2,East,95.45
57,87.23,10,East,168.62
51,66.96,4,South,119.24
45,62.09,3,East,82.02
59,79.74,6,North,156.5
41,48.3,4,North,108.66
41,64.38,4,South,96.17
33,42.59,3,East,92.54
47,85.12,4,North,163.7
5,28.68,6,East,94.65
31,75.69,1,East,98.22
26,54.99,7,North,161.6
55,80.33,5,West,133.56
5,39.96,5,North,104.98
39,56.6,3,South,99.2
12,55.94,4,South,90.32
54,64.95,8,South,116.33
52,35.91,12,West,147.56
15,70.42,4,North,129.19
53,26.09,8,North,113.37
30,41.8,5,West,105.7
59,29.22,3,East,81.52
44,76.04,8,South,130.74
3,64.07,6,East,111.2
13,65.52,1,East,84.68
25,98.42,5,North,157.7
13,48.12,6,South,118.25
8,69.67,6,South,121.61
59,56.06,9,South,143.13
53,52.75,5,East,126.51
27,92.08,4,North,159.85
13,125.56,5,North,187.1
11,45.94,3,North,100.86
55,76.21,8,North,162.98
20,62.03,5,East,119.15
1,62.33,4,South,82.6
24,60.27,7,North,136.83
28,47.79,5,South,106.66
38,13.01,5,East,79.0
21,100.88,6,South,145.91
56,41.35,4,South,88.81
39,49.57,5,West,94.95
60,49.99,3,West,101.93
23,39.9,7,East,110.91
40,60.11,2,East,95.24
22,53.64,7,South,105.3
42,40.99,7,West,89.72
45,57.96,5,West,88.92
20,53.88,3,East,104.36
57,79.13,4,South,110.83
52,31.94,3,North,78.63
54,39.56,1,North,59.53
14,72.98,4,North,118.18
44,42.27,6,North,97.8
7,38.04,4,North,69.64
7,43.12,11,North,144.19
59,52.44,6,North,127.29
10,52.52,8,North,121.47
52,50.2,7,East,132.33
26,36.18,3,East,81.13
19,74.39,8,East,129.82
5,92.8,6,East,147.58
41,25.43,1,North,81.29
44,29.33,5,North,90.22
29,81.54,5,North,140.5
49,102.3,2,East,132.07
20,23.3,3,North,99.33
34,75.65,5,East,125.83
18,105.13,6,East,155.15
35,38.67,6,South,90.77
9,102.71,7,North,156.82
29,50.85,5,North,125.51
33,61.92,5,West,126.08
34,40.95,4,East,84.84
27,81.48,6,East,113.89
39,76.23,8,North,161.79
31,108.84,4,East,124.05
17,97.15,5,South,137.52
13,54.4,9,South,122.91
39,189.3,3,South,199.81
57,93.72,5,South,145.5
46,67.78,6,North,138.95
39,36.64,3,North,73.1
56,29.61,3,North,77.72
54,30.63,4,South,79.8
31,37.58,2,West,80.61
7,94.72,4,South,117.26
39,66.34,3,East,107.06
38,42.72,3,North,87.83
17,51.71,4,West,91.09
51,49.25,5,South,101.53
53,75.19,3,South,120.43
20,38.42,3,North,85.25
29,62.79,5,North,119.55
12,61.56,5,North,115.02
11,38.88,6,West,82.13
16,103.05,3,South,136.62
22,48.51,5,East,112.35
17,36.7,4,East,89.95
10,76.8,5,North,126.75
27,55.8,6,North,142.25
38,64.29,9,North,158.36
20,33.99,6,West,105.7
33,75.56,4,East,133.1
17,130.19,8,East,170.06
43,32.95,6,North,91.73
39,62.91,5,North,148.94
58,39.88,4,East,101.03
4,160.11,5,South,187.84
52,89.64,6,East,175.64
21,61.12,9,South,109.39
4,33.41,4,West,51.03
42,36.8,5,East,100.12
11,73.59,7,East,128.53
11,31.66,6,East,99.58
59,32.06,6,East,123.12
14,54.79,5,North,125.22
33,57.59,9,West,106.14
13,63.56,4,North,136.67
8,45.8,7,East,104.01
1,78.89,3,South,91.77
1,38.68,3,East,46.74
29,70.15,3,East,115.72
27,59.48,7,North,120.12
3,69.43,5,West,90.41
21,87.6,2,West,95.32
17,45.51,7,West,97.12
35,41.91,4,South,86.32
60,27.79,3,West,52.85
42,24.35,5,East,82.88
56,50.89,5,North,126.09
12,52.3,5,East,99.83
13,35.36,7,East,128.24
46,38.53,4,South,81.81
19,100.42,5,South,143.59
51,77.5,7,East,159.49
28,32.96,6,East,88.67
13,45.74,7,North,126.12
51,64.23,6,West,105.1
34,42.5,4,South,83.04
49,39.51,4,South,91.92
28,47.69,5,North,107.49
8,84.46,5,South,116.41
41,87.58,6,West,114.73
8,40.68,3,North,105.52
40,65.64,4,South,120.41
26,54.46,6,South,118.38
48,36.48,5,West,79.49
53,48.48,3,West,63.12
25,32.93,3,South,81.23
53,86.94,8,East,164.6
7,101.59,3,North,116.71
7,46.33,7,West,76.33
60,42.11,6,East,107.05
35,83.25,5,East,142.5
28,88.81,4,South,131.08
10,34.96,6,West,47.31
18,51.46,5,South,102.3
42,53.33,3,East,98.16
50,40.11,5,North,92.69
55,63.71,3,East,109.36
25,41.27,8,North,121.21
28,43.99,6,West,73.87
10,52.43,6,North,116.21
5,30.1,3,North,84.98
27,23.98,7,West,101.6
35,78.83,3,West,122.61
7,40.6,9,East,107.16
25,128.25,4,West,155.06
39,120.15,6,East,163.4
49,44.59,3,South,60.18
57,139.16,3,West,168.38
21,79.44,4,West,118.59
24,42.18,4,North,100.49
53,19.44,1,North,81.83
42,71.9,3,South,124.07
17,55.29,2,East,96.69
42,64.88,4,East,107.52
10,49.82,3,North,117.08
27,34.55,4,North,115.36
19,46.03,5,West,74.72
60,72.43,3,North,130.11
3,47.38,5,North,106.77
52,47.27,4,South,82.6
17,29.73,4,North,98.4
3,56.63,5,West,102.37
40,35.0,7,East,98.77
41,78.84,3,East,119.17
9,40.71,6,North,111.36
3,48.51,5,South,105.89
7,129.75,6,East,179.98
25,48.3,6,South,101.9
8,45.78,4,East,81.3
43,69.01,8,North,158.28
5,26.73,3,East,61.93
48,90.05,4,East,139.08
53,81.25,7,South,128.82
44,67.34,6,South,128.29
57,14.14,4,North,86.99
57,49.22,8,South,114.3
3,32.81,6,East,89.22
21,85.6,6,North,166.65
46,83.18,4,East,142.18
21,63.76,5,North,145.48
45,33.74,3,North,78.91
47,99.26,11,South,190.97
60,49.16,3,West,106.05
20,112.41,8,North,206.74
21,60.71,5,South,85.13
2,66.87,5,West,90.82
18,45.42,6,North,118.9
17,95.85,5,North,127.94
28,69.64,6,East,137.02
26,97.24,3,South,114.24
52,58.62,3,East,99.87
47,53.58,4,South,93.61
44,69.27,5,South,114.27
1,97.22,4,West,113.29
29,82.0,6,West,108.91
44,57.7,2,North,113.62
15,25.97,1,West,48.9
26,75.5,5,North,146.98
44,30.71,4,East,99.11
48,55.37,2,South,102.88
52,52.13,3,East,98.95
26,30.97,7,East,108.45
24,63.37,5,East,133.75
23,129.25,4,East,160.84
41,48.18,3,West,90.14
26,74.17,7,South,124.87
25,140.09,6,East,181.42
11,77.1,3,West,92.99
29,42.18,4,East,95.24
15,60.03,3,East,103.92
32,66.18,11,West,138.69
54,96.89,8,West,174.99
47,88.73,3,East,134.11
29,18.03,5,West,66.73
59,38.77,3,West,71.75
59,53.09,3,North,104.38
27,36.38,5,East,83.56
46,12.43,7,South,68.52
21,40.84,7,North,116.67
53,54.52,6,South,110.99
23,44.25,7,South,118.07
16,36.64,7,North,137.99
9,55.51,2,North,98.37
51,62.63,6,East,113.77
18,45.27,6,North,110.91
49,94.51,5,South,167.17
6,55.87,7,South,132.17
31,38.53,8,North,128.12
26,34.82,6,North,131.4
27,50.14,5,North,132.29
11,85.23,3,South,118.64
5,39.27,10,West,107.56
21,69.29,7,South,144.72
29,56.7,7,West,129.62
48,121.18,4,North,162.71
28,63.82,4,North,116.19
15,41.29,7,South,102.79
16,73.3,2,North,111.54
37,74.29,5,West,106.52
27,46.58,2,West,57.5
55,34.27,6,South,89.83
27,67.65,4,South,104.68
35,56.0,8,North,153.27
4,29.77,2,North,79.27
12,60.45,8,North,134.98
52,42.32,3,South,93.0
21,29.78,8,South,96.14
26,47.43,7,West,132.07
36,91.21,2,South,129.02
4,88.52,2,West,110.91
31,79.73,3,East,125.94
21,60.81,7,East,139.92
9,69.29,7,South,136.79
26,56.8,7,North,121.28
27,35.09,3,North,100.91
12,38.01,5,South,85.92
33,42.83,4,West,71.6
45,95.64,2,North,140.84
17,83.99,4,South,113.48
58,35.45,6,South,107.82
37,55.78,7,East,117.76
47,46.48,8,West,125.57
5,51.31,5,East,88.96
47,44.06,2,North,84.19
21,95.8,4,North,139.66
43,54.19,5,East,130.72
49,59.53,5,South,116.37
16,59.72,7,East,120.2
16,36.19,4,North,109.79
4,57.02,7,North,145.85
37,83.51,5,West,121.72
47,98.4,3,North,167.11
25,34.5,4,South,81.77
10,29.74,3,South,65.28
19,55.97,1,North,89.64
25,85.09,3,West,123.49
55,63.04,10,North,169.83
8,71.67,4,North,129.14
21,31.69,3,North,78.42
39,43.43,5,East,121.37
15,22.68,8,North,131.05
54,51.57,2,North,111.54
55,22.97,8,West,106.66
23,93.04,6,North,144.95
45,101.69,5,East,146.4
46,57.76,7,North,157.01
41,29.81,3,North,104.3
12,63.45,5,North,124.98
3,114.85,5,West,136.48
21,66.04,3,North,120.81
8,87.71,7,East,149.07
18,44.97,2,South,90.22
39,38.53,5,North,106.99
36,53.07,3,North,91.87
13,25.26,6,East,88.18
2,135.05,7,South,158.77
14,57.73,5,North,138.0
28,77.22,7,West,144.66
47,45.39,6,North,138.09
22,29.45,5,South,95.35
18,96.58,1,West,120.51
34,34.83,8,South,96.75
5,62.77,3,North,98.1
14,65.19,3,West,84.02
3,56.24,5,North,103.18
32,39.89,6,North,116.4
27,51.43,2,West,73.88
35,37.34,5,South,78.55
38,75.47,10,East,140.97
24,68.62,6,South,114.2
53,54.13,7,East,131.15
56,43.5,7,South,111.16
7,126.84,4,South,160.68
56,32.43,2,South,66.8
12,29.43,8,East,94.9
15,52.84,4,South,98.92
32,49.24,8,North,139.59
2,84.69,6,North,142.28
22,70.7,3,North,123.35
12,55.25,4,East,103.36
29,66.7,8,South,120.48
49,66.21,2,North,119.68
56,126.65,1,South,142.75
13,60.42,5,East,111.4
33,41.58,6,East,98.91
29,59.11,4,North,102.79
25,19.15,4,South,58.21
38,53.89,4,West,104.73
60,84.54,4,West,120.0
25,69.47,9,North,160.9
4,61.52,3,South,89.28
55,70.79,3,East,102.63
56,84.89,5,North,128.84
20,96.55,3,North,145.59
31,65.3,10,South,142.6
52,48.11,3,East,102.23
31,21.64,6,East,85.54
29,80.74,8,South,115.27
56,67.09,2,West,105.79
50,58.04,7,North,146.16
31,41.46,2,West,64.41
10,80.32,10,East,153.92
27,49.26,8,East,118.36
41,53.85,6,East,117.41
17,53.39,2,West,85.29
33,65.36,6,South,123.45
40,34.49,9,East,124.65
6,68.38,7,East,107.58
35,40.92,3,North,82.44
45,41.5,3,North,110.61
13,77.8,5,North,136.14
33,36.67,4,East,90.02
43,77.74,4,North,158.82
3,56.86,7,South,123.47
39,28.24,6,East,99.03
16,94.23,2,East,117.12
24,61.81,1,West,86.19
39,63.92,5,East,112.23
1,81.69,8,South,133.24
2,99.45,9,West,153.78
27,59.17,4,West,118.23
57,69.89,8,South,137.77
1,63.34,2,South,81.51
48,47.6,3,South,90.88
5,28.98,5,North,95.94
30,59.5,7,West,97.91
26,94.78,5,South,160.47
29,68.95,5,West,123.36
5,35.62,4,North,73.82
46,84.69,4,South,117.77
17,48.24,4,East,80.28
47,23.65,6,North,110.02
40,82.04,4,North,154.72
34,37.41,4,North,106.3
19,111.31,9,East,196.43
40,86.41,4,North,154.67
60,49.84,6,East,98.69
56,65.61,7,South,115.52
55,143.96,4,North,200.32
14,81.45,5,East,111.36
36,60.06,4,South,94.86
24,173.41,9,South,256.48
59,57.23,3,South,107.98
58,68.9,6,West,88.43
53,37.54,3,North,81.98
10,27.94,7,North,94.46
20,48.66,5,North,98.71
43,55.44,4,South,112.12
45,62.28,6,East,106.0
22,30.94,4,East,84.25
9,71.11,4,East,108.5
9,39.17,4,North,108.55
42,69.65,7,East,128.05
28,79.36,5,East,114.25
30,46.61,6,North,121.29
49,37.13,6,West,79.5
2,101.24,5,North,155.47
46,77.41,5,North,132.55
17,58.02,7,North,139.8
56,98.24,3,South,138.38
58,56.45,3,West,95.76
31,42.6,4,North,79.24
19,36.57,5,North,113.77
14,52.29,6,East,111.33
11,74.34,4,South,117.05
60,95.19,4,West,127.19
12,55.11,5,East,99.4
27,88.7,6,East,143.78
29,50.11,7,South,113.7
41,39.94,4,East,81.36
51,32.38,4,North,91.36
34,44.59,7,East,117.22
46,32.87,5,North,93.53
35,121.97,4,South,163.8
27,65.09,8,South,170.79
10,52.55,9,West,113.88
13,108.72,3,East,154.22
26,32.43,3,South,104.36
3,51.68,2,East,93.8
19,121.49,7,East,198.36
28,51.54,7,North,138.9
29,145.29,2,South,164.11
49,74.76,7,West,146.19
59,92.05,3,South,121.63
44,93.13,4,East,170.27
5,54.63,5,East,107.3
25,44.91,6,North,99.33
44,52.13,7,North,134.13
36,36.79,4,West,88.56
28,53.18,1,East,79.24
27,54.5,8,North,146.95
25,107.31,3,East,139.97
35,69.22,4,East,127.67
11,140.48,6,North,183.62
32,23.02,2,East,75.8
13,33.55,4,West,67.82
41,47.36,4,East,95.27
52,99.19,6,North,148.17
31,52.26,3,West,88.77
24,30.35,3,East,69.19
57,49.5,6,South,101.41
40,33.82,5,South,73.35
26,31.27,4,West,78.74
2,121.45,4,South,148.73
1,47.43,6,North,110.37
14,58.51,7,South,106.34
15,52.61,4,South,90.39
44,49.37,7,North,127.28
31,39.01,2,South,83.14
60,48.22,7,North,122.03
33,62.48,4,South,95.65
55,96.3,6,North,166.93
34,79.76,3,East,110.87
22,33.53,4,North,86.4
43,81.08,3,West,132.38
27,66.03,4,West,94.42
17,42.53,1,North,81.17
29,58.72,4,East,111.6
40,68.64,4,West,102.51
23,55.64,6,East,124.27
43,66.16,5,South,109.15
59,38.66,4,North,102.43
25,121.16,8,East,185.53
18,25.24,3,North,94.91
25,68.8,2,North,129.24
51,63.23,2,North,105.34
11,70.61,7,North,141.99
59,41.13,4,East,86.7
25,87.15,5,West,122.77
51,52.29,6,West,115.32
48,33.97,4,West,87.42
48,35.24,5,South,80.72
55,57.39,5,North,133.01
12,28.83,5,North,73.44
36,112.19,2,East,157.72
6,83.06,7,East,145.03
18,113.38,5,East,156.94
3,108.7,6,East,148.22
41,47.43,1,East,83.44
37,38.56,5,East,92.9
45,18.71,6,East,101.98
11,46.41,3,East,100.05
20,110.64,8,East,178.8
41,39.21,2,South,81.99
50,50.2,7,East,121.5
54,43.74,7,West,108.95
5,63.43,6,North,118.76
25,91.33,7,North,154.89
1,29.5,4,North,103.16
50,31.85,1,South,91.62
8,98.95,8,East,176.65
50,73.2,4,West,133.6
10,49.22,3,South,73.53
1,108.08,9,East,137.54
53,31.63,3,West,64.91
27,79.24,4,North,126.15
26,53.13,2,South,92.64
39,69.59,6,East,122.56
17,21.01,2,North,77.64
42,49.19,7,West,126.75
26,73.31,7,East,118.7
17,53.23,6,South,94.11
24,90.21,5,West,119.9
1,89.01,6,East,100.42
19,37.21,4,East,95.97
36,75.91,9,East,142.65
9,36.71,6,East,95.17
8,55.79,8,West,94.79
40,70.98,3,South,99.59
26,39.09,3,North,94.5
9,74.8,5,South,113.04
45,44.61,8,East,118.82
47,43.28,5,East,103.41
3,72.43,8,South,134.29
13,39.08,5,West,86.85
23,38.29,5,West,85.63
44,82.8,8,South,148.82
5,57.02,4,North,105.48
49,30.52,12,West,124.07
20,76.88,1,South,93.2
8,46.4,4,East,102.12
52,31.15,9,West,107.7
6,20.03,8,East,86.8
8,78.36,3,North,105.45
57,38.71,7,East,97.93
32,33.2,7,East,90.84
28,70.51,4,West,112.28
42,75.36,7,South,140.88
38,39.85,8,West,100.8
37,78.65,6,West,119.56
2,124.21,7,North,179.75
34,93.57,5,North,171.66
17,87.92,3,South,115.02
49,61.91,8,North,149.55
31,45.72,1,East,79.46
8,53.39,7,North,113.75
54,65.12,4,South,108.47
18,33.02,1,South,76.63
17,40.13,6,West,86.32
57,30.84,5,East,97.78
47,59.98,7,East,129.27
52,56.44,4,West,105.24
40,42.05,6,East,93.7
55,75.81,3,North,134.82
7,35.95,3,West,67.72
36,41.43,11,West,119.9
18,74.61,2,West,84.94
24,79.16,10,South,187.59
15,39.71,6,North,119.99
13,59.91,9,South,138.1
27,39.98,3,East,102.75
56,50.45,6,West,122.87
39,57.83,6,North,125.15
21,68.32,4,South,121.2
27,61.99,9,North,144.71
32,60.9,6,West,107.74
15,35.47,7,South,96.26
32,63.77,4,North,111.02
42,68.06,4,East,142.02
15,71.92,5,West,108.8
36,40.94,6,West,93.88
43,78.75,7,South,150.22
32,32.24,9,North,123.33
18,45.96,4,North,100.26
34,48.9,1,West,67.95
48,32.95,6,North,117.21
14,48.6,7,East,101.0
35,59.66,3,South,92.24
41,26.3,7,North,105.61
20,46.62,3,North,99.96
24,27.13,9,West,103.14
54,123.55,4,North,171.16
22,59.44,4,East,102.84
36,57.42,4,West,108.88
9,59.91,4,West,95.72
56,69.53,4,South,125.34
36,80.74,5,South,128.99
46,29.21,2,East,79.15
37,92.21,2,East,120.2
22,89.87,5,North,151.7
21,53.17,5,North,129.91
43,52.07,7,North,133.99
52,15.78,10,North,129.63
8,33.2,5,East,77.98
51,67.19,5,North,133.32
50,88.26,5,East,156.74
7,73.08,14,North,155.7
7,52.97,1,North,96.75
42,117.96,8,South,186.65
51,81.62,8,North,167.36
24,46.64,5,West,75.39
39,130.69,8,North,200.77
60,35.22,2,South,82.63
20,30.3,3,East,80.26
14,46.13,9,West,104.52
60,40.31,1,West,71.49
17,47.18,3,South,77.9
29,75.13,4,North,129.74
27,53.86,5,East,144.89
32,54.42,5,North,116.24
17,55.9,5,North,84.48
41,21.65,5,North,85.98
42,29.78,3,East,59.12
13,46.8,7,East,99.2
29,38.97,5,East,94.08
4,49.76,6,South,78.71
14,95.74,4,North,165.96
60,53.0,3,West,86.44
31,32.17,4,North,101.94
38,39.76,4,West,71.73
54,108.23,2,South,132.92
43,100.79,2,North,146.07
48,69.29,6,North,133.25
43,29.22,9,North,131.61
30,61.73,6,North,127.36
38,63.66,5,North,124.58
18,55.16,5,North,133.21
54,43.47,3,East,106.93
11,47.23,7,North,136.58
54,42.27,6,West,116.29
53,34.53,4,East,83.75
9,94.29,5,North,151.19
43,77.71,10,North,168.91
60,48.72,4,East,110.37
35,62.86,3,North,140.01
21,63.81,3,South,110.7
53,139.37,7,West,209.68
31,77.4,6,East,129.9
8,76.24,6,North,131.65
15,55.43,7,East,129.67
41,45.89,7,West,112.35
28,94.92,2,North,121.88
14,70.87,7,South,146.63
48,39.18,6,East,102.34
8,65.47,6,South,100.09
14,76.32,6,North,132.16
28,23.61,5,North,97.07
3,37.75,7,East,89.15
24,63.12,6,North,149.36
55,25.29,5,East,95.66
57,26.94,4,West,67.96
53,49.0,10,West,121.92
20,66.46,7,East,159.72
4,67.7,1,North,97.13
49,102.82,4,North,177.13
23,56.42,9,East,146.45
45,47.04,3,North,115.74
8,32.36,8,East,86.41
41,46.81,5,South,97.97
36,72.46,5,South,131.85
56,73.78,6,North,130.99
7,60.69,5,West,90.31
25,67.96,5,West,114.23
60,90.97,6,East,142.61
24,56.27,2,South,75.22
40,94.34,5,East,161.05
10,40.83,7,East,103.79
44,53.02,3,East,126.19
17,45.05,4,South,95.21
35,74.97,3,West,113.86
53,36.39,7,West,97.44
40,48.0,4,North,106.0
29,25.95,6,South,106.81
12,69.25,4,North,128.35
21,89.9,5,East,144.23
51,78.59,7,South,149.31
13,75.57,6,East,135.07
40,76.38,6,North,146.88
30,72.23,7,North,148.7
20,69.81,6,East,121.46
43,71.63,5,South,127.19
22,42.0,5,South,96.86
18,50.4,5,South,66.87
32,56.15,1,North,91.62
46,47.74,1,North,111.48
52,29.18,6,West,76.7
38,33.31,7,North,128.27
40,59.86,5,East,109.36
48,78.44,6,North,165.32
17,54.8,3,North,105.34
16,165.0,5,North,219.12
30,37.79,2,South,89.43
38,65.23,3,West,91.97
39,91.51,4,East,152.47
10,83.62,8,South,138.78
47,70.95,6,North,158.27
22,83.77,6,South,123.77
53,55.82,3,West,101.52
44,106.18,4,North,161.13
59,91.22,5,North,152.48
38,38.83,5,East,105.94
32,62.09,4,North,107.99
12,29.4,7,South,85.95
24,100.36,7,North,191.73
52,59.72,5,North,129.87
23,93.64,4,North,150.44
4,52.26,2,North,105.64
15,25.98,6,South,77.42
36,156.8,5,North,223.79
38,57.54,5,West,109.81
60,36.6,4,South,103.73
57,86.34,3,North,149.54
32,123.27,7,North,200.96
34,50.35,10,South,116.43
49,52.47,5,North,121.41
3,60.05,10,East,153.22
36,35.01,5,West,106.62
29,41.42,5,North,106.18
47,111.36,6,North,182.84
49,51.79,2,East,75.78
40,39.06,3,South,91.08
40,45.57,5,South,87.91
42,83.86,6,North,154.86
35,24.77,5,East,96.95
14,60.45,2,North,98.65
18,146.19,7,South,199.95
45,123.03,3,East,177.04
38,68.67,4,West,124.64
15,92.44,2,West,106.37
53,92.09,7,East,146.23
59,51.92,7,West,110.35
38,79.04,7,West,129.64
14,111.66,8,North,166.8
57,32.93,11,East,142.06
15,68.76,5,West,92.4
26,63.09,7,West,124.15
52,56.9,3,South,100.29
32,54.92,9,North,134.86
15,59.9,8,South,123.49
5,61.94,2,West,87.05
22,85.41,8,East,160.1
41,66.06,6,East,120.43
43,50.85,5,North,131.66
14,39.02,3,South,72.25
10,45.2,8,East,120.11
43,60.61,7,South,130.47
10,41.16,6,South,94.17
4,79.71,3,North,114.47
30,64.85,10,East,147.54
35,86.26,5,West,128.17
15,42.29,5,South,82.92
13,39.16,8,South,128.23
15,86.01,10,North,175.94
21,57.51,4,North,109.42
1,50.35,9,West,111.47
1,72.2,7,West,129.18
23,71.14,2,East,101.32
2,33.04,2,South,61.43
20,95.0,6,South,149.12
35,46.33,2,South,59.46
2,107.77,5,East,128.67
38,32.03,3,East,73.25
38,61.99,3,South,95.93
35,50.69,2,North,90.93
38,24.78,3,North,82.22
49,71.04,2,West,111.01
5,25.29,3,West,40.14
11,48.59,5,West,100.82
20,84.92,5,South,145.55
42,44.17,4,South,90.88
53,38.03,4,East,91.64
56,75.2,11,South,173.24
35,49.41,3,North,96.28
25,46.43,4,East,81.77
25,90.92,5,East,124.85
4,34.23,9,West,93.69
28,45.43,3,North,91.7
31,77.21,4,South,89.28
13,33.36,5,West,93.95
47,111.07,5,North,200.73
49,50.06,2,South,80.03
19,77.46,1,East,137.73
55,77.4,3,North,133.06
7,51.37,3,West,86.37
55,45.08,8,East,129.09
47,53.67,7,North,133.53
14,72.61,5,South,104.6
40,36.8,2,East,81.02
19,33.74,4,East,66.81
48,98.86,3,East,119.23
10,40.69,6,North,93.4
15,62.91,4,West,103.18
19,50.36,5,South,100.01
12,51.26,6,East,95.66
20,96.75,4,East,148.91
37,52.77,6,North,135.46
38,47.34,5,West,84.17
34,49.01,7,West,102.53
12,44.64,8,North,123.55
13,41.76,2,North,83.67
56,44.71,4,South,79.04
16,106.2,3,South,139.18
7,72.57,7,East,125.81
28,47.56,5,East,106.97
1,80.86,4,East,90.61
21,28.94,4,North,100.83
52,94.66,5,East,151.76
17,91.66,5,South,149.21
43,133.56,3,North,190.11
30,81.83,4,North,155.77
22,65.03,7,South,127.66
40,91.51,7,North,152.1
36,42.51,2,East,95.15
20,46.61,2,South,76.22
14,53.21,4,North,113.61
56,94.4,5,North,149.53
11,38.77,6,South,94.35
58,37.16,2,South,58.21
29,60.02,4,East,124.35
60,72.75,5,East,130.42
22,41.21,5,South,102.79
34,71.39,4,East,111.09
37,94.38,2,East,130.14
21,88.25,2,North,139.86
14,62.89,7,East,130.62
32,52.65,7,East,127.02
40,109.32,6,East,160.75
16,54.94,9,West,120.41
47,79.53,1,North,118.08
39,119.5,5,South,148.38
10,76.26,3,South,96.56
57,36.64,2,North,84.85
3,33.26,5,North,80.68
40,48.47,5,East,107.02
27,72.52,2,West,105.34
40,65.23,6,North,138.63
47,132.0,3,North,175.96
42,64.98,6,East,138.84
40,47.9,5,North,103.86
51,34.7,9,South,105.21
43,87.55,6,West,126.35
49,54.47,3,East,107.07
25,29.89,7,South,103.77
13,55.09,8,North,137.82
15,36.66,6,East,116.77
37,46.05,3,South,79.98
32,54.73,4,South,102.93
5,38.01,3,North,87.46
13,44.92,4,North,96.01
59,40.54,5,East,107.68
44,40.98,6,East,117.42
46,36.48,6,South,106.81
12,45.01,4,West,98.2
4,38.17,8,South,115.32
18,69.04,2,North,119.76
52,59.16,6,West,105.25
31,88.05,3,West,160.46
48,116.13,6,West,151.18
30,71.59,4,East,121.46
30,65.36,4,West,117.35
37,73.42,7,North,155.76
58,65.8,5,North,136.28
27,55.71,3,East,107.51
36,53.96,3,West,100.3
56,36.28,4,West,67.68
23,76.37,4,South,131.0
51,53.92,8,South,127.8
33,97.5,4,East,155.21
53,78.73,5,North,145.64
29,42.5,5,North,99.82
38,89.9,8,South,165.52
20,19.6,5,East,62.63
39,118.17,9,South,195.79
20,31.96,3,North,117.94
37,66.56,4,East,110.9
48,64.78,6,North,127.48
27,85.58,2,South,120.34
26,47.87,2,South,80.26
20,23.15,6,North,101.27
44,47.9,5,West,89.6
36,50.02,5,East,95.92
31,24.05,3,East,39.01
2,55.6,4,West,66.73
7,35.5,6,North,100.37
1,70.78,4,North,124.66
52,49.48,1,North,101.52
52,119.63,4,West,163.7
5,49.28,4,East,95.78
3,64.86,3,South,80.82
47,50.14,10,North,125.75
32,28.52,7,West,89.72
19,50.31,5,West,76.02
37,73.8,2,South,109.75
15,69.46,4,West,101.88
12,48.55,4,East,116.14
23,30.49,9,South,124.47
54,70.65,5,North,143.56
47,64.57,8,North,143.22
12,76.51,8,South,118.83
34,48.93,4,South,121.72
54,27.83,3,East,75.63
58,67.59,5,East,129.41
46,54.4,2,South,80.62
8,95.27,5,West,147.27
15,55.23,6,North,111.53
14,53.61,4,East,93.5
10,64.52,4,South,104.56
11,43.0,4,West,88.36
19,42.18,5,South,88.93
34,52.5,4,East,106.17
24,37.78,6,South,91.27
26,49.82,6,West,103.93
15,118.61,6,East,175.84
10,82.85,4,East,139.47
60,61.76,3,South,104.17
36,101.56,6,North,157.36
14,39.25,3,West,89.73
49,147.85,6,East,211.81
50,45.41,5,East,110.24
59,121.7,3,North,193.63
10,121.48,4,South,170.18
39,27.08,3,West,54.09
59,98.18,7,West,152.49
49,48.74,7,South,98.29
14,43.5,5,West,84.72
54,67.35,6,South,129.05
26,36.48,2,North,68.02
30,66.74,4,East,116.83
34,37.48,6,South,93.21
47,58.61,7,North,152.14
8,93.14,3,North,153.32
33,63.73,3,North,133.32
50,47.28,4,East,97.92
33,67.8,8,West,143.14
17,31.11,3,West,59.75
4,39.03,4,East,67.09
33,45.97,9,South,114.84
43,74.79,6,South,145.74
33,64.22,3,South,126.0
59,67.63,3,South,106.73
37,54.0,3,West,98.93
31,39.84,2,West,64.78
4,99.01,6,South,148.76
34,41.3,6,North,98.22
11,64.56,4,North,129.98
44,52.2,6,East,131.97
10,68.39,2,North,98.98
55,42.85,7,South,126.51
19,83.19,7,South,105.73
27,94.76,5,East,145.7
9,81.17,10,South,161.38
13,58.15,5,North,116.45
56,45.88,6,North,100.83
18,168.82,2,South,190.55
31,36.72,2,East,69.54
59,77.67,5,West,140.16
38,62.37,6,East,105.4
3,53.25,4,West,79.08
22,58.8,8,North,125.29
24,44.52,4,North,109.38
17,64.77,2,East,85.57
15,61.97,4,North,114.95
31,159.34,6,West,196.84
23,83.79,5,West,122.16
18,67.11,6,East,127.33
25,68.73,7,South,141.91
21,113.96,4,South,154.89
14,37.03,3,North,85.85
28,50.75,6,North,140.28
57,25.46,6,South,78.07
31,68.27,7,South,139.39
36,76.65,5,South,124.39
60,36.66,6,South,124.68
37,96.93,5,West,131.68
14,40.95,5,South,75.74
24,47.61,11,North,151.68
30,57.27,3,East,101.02
29,103.3,5,North,169.29
9,38.73,2,East,69.22
7,61.34,3,West,82.68
21,74.44,7,South,151.92
55,68.54,2,South,118.99
44,69.56,3,East,115.22
51,74.04,4,North,133.59
11,43.73,10,North,134.73
25,107.24,4,West,150.21
35,52.22,4,South,80.21
27,49.52,5,North,135.27
26,93.6,7,North,181.32
22,42.43,6,East,102.93
4,62.06,6,East,101.35
52,40.89,8,North,114.04
56,149.56,7,South,212.38
5,137.48,7,West,197.14
25,52.24,4,East,74.56
32,67.22,4,West,107.92
48,54.71,4,East,86.59
60,47.49,5,North,111.29
25,57.27,4,North,114.44
45,53.72,5,East,129.15
57,29.72,5,East,93.02
50,60.66,6,West,124.07
18,53.68,4,East,95.29
50,61.86,3,West,100.92
25,52.93,3,South,97.01
2,47.27,5,East,112.86
46,77.48,6,North,148.33
51,67.58,4,North,131.77
21,95.43,3,North,159.47
28,66.55,7,North,137.71
22,50.45,7,South,96.61
8,69.87,3,South,92.37
60,24.72,6,East,100.07
2,126.66,9,North,190.5
34,60.93,5,West,110.81
1,130.81,7,West,158.95
42,38.56,5,West,87.0
55,34.92,2,West,52.75
39,63.2,7,West,131.46
37,63.12,7,South,136.08
50,62.51,6,West,135.32
59,58.81,4,North,108.23
52,42.47,4,South,115.35
14,30.14,5,North,88.15
34,61.15,2,East,76.84
50,32.69,7,West,109.15
18,31.48,3,East,89.36
41,46.89,2,South,77.71
2,64.86,5,West,82.07
53,120.92,6,North,156.14
37,80.78,6,West,116.05
45,96.86,5,North,150.84
50,70.91,3,South,119.7
14,63.23,6,North,132.54
28,148.76,2,South,176.87
52,32.16,5,South,82.5
10,46.28,9,West,108.06
50,47.75,5,East,115.48
18,78.06,3,West,114.31
35,36.91,2,North,92.85
31,74.1,4,South,131.86
42,68.85,5,North,121.35
51,75.59,2,North,110.97
21,75.05,8,North,167.02
11,101.02,6,South,139.42
26,53.53,5,South,103.7
37,67.5,7,East,127.68
46,40.67,8,North,121.76
46,37.12,4,East,83.48
21,110.6,2,East,162.01
57,39.45,6,East,106.73
5,70.56,5,North,126.46
8,67.52,9,North,127.81
2,87.36,7,South,122.17
56,28.13,8,North,107.6
11,77.98,7,West,130.81
37,53.35,2,West,74.75
49,42.95,5,North,118.45
47,49.39,4,South,77.23
57,82.66,6,West,121.84
4,73.15,8,North,123.24
25,51.87,6,South,110.97
31,34.62,2,North,74.09
42,35.61,5,West,83.3
38,73.79,7,South,119.52
34,32.75,2,East,56.15
19,52.08,4,North,101.85
7,159.56,5,North,222.57
26,65.62,9,East,128.94
16,73.47,4,East,114.38
34,35.72,4,West,84.82
48,33.42,5,South,90.59
34,75.06,6,North,137.31
35,48.77,8,East,113.15
3,87.31,9,East,149.7
39,57.82,4,North,132.84
27,226.45,5,East,262.41
8,45.2,5,East,95.46
13,63.79,5,South,106.79
47,39.74,3,East,106.23
56,85.87,6,North,144.0
31,67.78,5,North,147.51
59,38.69,5,West,75.57
11,50.05,11,North,140.46
18,98.37,6,South,161.36
56,93.75,5,South,153.77
11,32.27,4,South,56.01
40,47.16,6,South,107.55
14,117.75,3,East,162.81
20,53.15,5,West,105.23
29,61.15,5,South,99.82
22,85.69,8,South,149.27
53,33.35,4,East,93.41
59,39.02,6,North,112.0
31,49.92,3,East,82.72
32,92.01,8,East,166.21
4,85.45,6,South,149.49
15,75.79,3,South,108.78
3,53.75,2,South,51.89
52,89.28,4,North,132.99
14,53.46,6,North,131.6
21,71.61,4,North,135.44
51,81.84,5,West,132.15
43,112.03,4,South,159.97
38,55.56,5,East,133.87
3,49.15,3,North,96.95
34,95.4,4,North,150.59
34,98.37,7,South,157.06
20,45.73,4,North,110.97
45,36.52,4,West,56.3
56,92.54,7,East,184.08
16,29.47,6,East,86.58
20,28.87,5,East,74.11
20,51.04,2,East,88.42
51,56.88,11,South,139.24
5,35.73,12,North,156.96
54,59.67,3,East,106.3
47,60.74,1,West,88.51
30,45.05,5,South,108.52
36,123.15,5,East,167.91
54,64.84,4,North,125.48
47,85.75,5,East,144.68
17,30.49,2,South,69.62
4,30.39,5,East,61.65
40,65.63,3,North,112.13
9,114.66,3,West,99.15
6,36.45,3,South,58.18
59,57.82,4,South,107.38
29,33.31,1,North,92.25
40,40.96,9,West,122.93
14,58.98,6,North,115.55
7,44.83,6,South,86.87
4,32.39,6,North,103.56
22,32.1,7,East,99.17
1,25.68,7,North,87.92
26,66.06,3,East,127.3
20,69.34,2,East,114.75
32,69.2,7,East,126.73
36,37.95,5,North,101.42
19,81.64,3,North,152.02
28,72.44,10,East,163.66
5,54.76,4,South,102.32
19,51.28,5,South,87.63
59,42.11,6,North,123.83
60,58.96,3,North,122.98
30,104.26,4,South,161.72
57,86.07,3,South,139.95
31,49.28,8,South,116.7
8,67.72,5,South,111.13
53,35.14,4,South,82.15
25,73.11,4,West,121.9
37,39.16,3,North,79.62
39,71.96,4,North,109.62
19,179.04,5,South,219.76
45,43.47,5,South,98.2
31,175.76,1,East,201.65
22,66.44,4,South,107.54
18,40.45,8,South,121.81
45,39.72,3,West,84.11
15,140.61,4,South,166.88
8,66.5,7,West,111.51
53,43.53,4,North,85.45
20,50.33,5,South,128.72
39,64.87,10,North,159.41
43,54.41,7,South,127.49
51,62.7,4,North,127.85
38,110.99,5,West,153.75
43,34.77,3,East,85.85
51,70.66,5,North,111.38
57,53.03,6,North,135.84
3,44.72,7,North,103.58
45,83.84,5,North,158.28
11,30.43,6,East,94.65
54,21.19,2,North,74.14
3,59.73,6,South,116.61
15,51.66,5,South,121.21
12,31.78,6,North,89.3
37,27.54,4,East,76.55
1,118.19,6,North,146.22
2,65.71,7,West,106.75
31,55.03,6,North,133.45
59,131.38,7,West,174.11
32,82.17,3,North,133.37
27,110.8,1,West,154.33
40,34.06,6,North,114.77
34,33.55,10,West,113.13
24,69.88,2,North,123.67
36,64.44,9,West,140.37
1,90.0,6,South,102.83
15,28.44,6,North,96.56
41,72.34,8,North,152.03
21,81.1,5,South,145.01
4,79.4,4,South,104.96
8,46.4,8,South,126.43
52,67.18,6,West,131.13
20,40.03,5,North,123.64
2,48.56,7,South,88.31
44,35.98,4,North,102.51
32,40.31,5,West,113.68
28,49.58,7,North,112.57
54,44.86,5,West,101.69
19,40.31,3,North,108.11
35,32.46,5,East,91.92
45,119.63,4,East,169.29
37,44.69,7,North,142.68
13,62.3,5,East,131.83
41,27.02,3,West,47.6
45,93.98,4,North,166.65
8,58.37,8,North,118.14
10,45.72,6,East,108.09
41,45.88,5,North,96.02
8,77.31,8,North,130.77
53,16.76,2,South,83.96
7,39.26,5,South,91.63
59,52.06,4,West,68.88
41,51.82,3,North,95.99
27,148.73,6,East,193.31
17,47.7,7,North,118.39
21,81.13,8,North,152.02
45,112.69,4,East,142.35
46,71.4,6,East,126.93
13,41.7,7,South,97.5
33,32.66,3,West,59.98
60,73.56,4,South,130.23
16,105.43,2,South,116.22
42,67.92,8,West,139.35
11,89.42,7,South,145.49
51,153.97,6,North,212.42
11,76.32,5,North,124.88
18,35.15,7,South,109.65
28,55.72,5,North,114.31
23,94.45,4,North,164.89
11,49.43,7,East,110.24
39,99.71,3,North,166.86
2,53.16,5,East,75.69
60,62.41,3,West,96.39
4,47.45,5,North,92.25
21,58.2,3,West,111.5
56,59.44,10,South,144.83
10,28.69,4,North,76.31
5,45.76,5,South,71.56
45,33.34,3,East,71.05
5,46.39,9,South,114.78
54,39.72,5,North,117.83
28,81.84,4,North,161.53
53,82.22,2,North,130.52
15,68.31,4,East,88.33
9,32.88,7,North,108.59
58,52.5,3,East,105.41
46,31.85,7,East,99.6
55,51.47,3,East,105.8
20,70.74,6,East,132.63
25,81.19,4,North,148.15
35,65.97,2,South,83.8
27,90.32,3,North,148.7
15,60.58,5,North,104.44
23,49.73,5,East,95.79
37,77.44,10,South,160.03
3,78.46,3,South,94.05
21,44.27,4,North,98.75
18,63.54,3,West,95.39
5,48.53,2,North,84.39
8,24.45,4,North,59.61
30,65.11,6,East,125.75
7,32.53,9,South,109.39
21,62.26,7,South,127.85
34,29.54,4,East,109.38
53,40.94,3,East,95.03
6,45.9,3,East,97.84
27,88.3,5,East,127.83
7,44.11,1,West,55.11
26,35.52,8,East,100.64
29,63.16,4,North,115.47
48,50.06,6,North,145.95
27,74.91,2,South,87.24
57,36.42,3,West,86.33
9,59.4,7,South,118.44
4,146.62,2,North,180.1
1,49.61,3,West,64.62
22,58.83,6,West,128.38
12,28.09,3,East,70.02
6,38.82,7,North,113.73
15,65.62,4,East,85.82
59,47.85,4,West,77.39
49,69.81,6,West,117.89
2,64.71,6,East,117.5
55,32.23,2,East,59.64
13,81.95,4,West,91.91
25,33.21,2,East,76.53
20,40.21,5,North,94.81
25,59.85,5,West,110.43
46,102.19,7,East,163.28
43,36.54,3,East,91.34
36,57.92,5,East,97.81
38,58.11,8,West,116.69
44,71.02,5,South,118.24
12,87.67,3,West,121.86
24,46.45,2,West,71.0
7,81.84,5,East,123.58
43,92.96,5,North,144.34
27,111.45,3,West,148.05
39,66.74,5,West,121.36
34,58.15,11,East,150.31
17,45.16,6,West,86.98
9,30.46,4,South,60.71
59,48.85,3,South,86.79
18,57.11,6,West,112.51
7,52.26,2,West,64.85
19,69.34,7,South,142.93
55,30.52,3,North,87.2
16,50.77,4,North,93.34
60,121.26,3,North,191.6
28,81.31,5,North,138.53
52,69.86,2,East,97.59
40,63.83,7,North,138.32
3,47.17,8,East,121.33
31,27.07,5,North,108.99
26,65.55,5,South,124.17
13,20.5,5,South,73.29
33,47.93,4,North,114.78
7,54.52,9,East,126.69
42,45.66,6,East,115.98
50,130.13,4,South,165.26
6,113.27,6,North,157.18
29,82.53,4,South,135.9
40,37.71,6,East,91.17
4,117.75,7,East,165.61
24,69.94,6,North,134.46
16,37.46,5,West,71.21
3,55.32,11,North,150.07
49,80.11,12,North,190.95
27,42.97,4,North,120.8
46,57.76,5,West,101.05
36,61.97,4,South,114.45
53,35.15,6,East,91.92
60,49.01,8,North,139.16
37,36.23,5,South,77.38
22,77.28,3,East,110.17
26,37.97,4,West,86.63
50,61.36,6,South,99.94
26,31.31,2,South,82.86
32,34.7,6,North,112.6
12,34.03,4,East,73.14
60,48.63,6,West,106.9
40,58.68,5,North,134.2
20,63.17,6,West,136.6
36,26.87,6,North,86.54
25,51.04,4,West,86.21
10,40.44,5,East,103.23
53,67.6,5,West,112.23
54,49.06,6,East,118.66
51,52.86,4,East,81.82
23,40.53,5,West,94.8
16,108.84,4,North,158.64
3,32.67,3,South,60.15
44,46.53,1,West,73.98
20,57.0,3,East,86.76
54,49.38,7,North,120.34
53,40.22,6,North,131.98
8,26.45,6,East,77.21
56,41.4,3,North,122.62
9,37.2,3,North,96.81
30,106.88,7,North,183.31
29,135.08,2,North,177.65
58,53.5,6,East,116.39
40,31.13,5,North,97.89
53,73.35,3,West,104.59
36,36.88,5,West,114.73
50,43.83,5,South,97.16
52,42.46,2,West,87.81
52,44.69,3,South,82.41
25,47.38,6,East,93.19
23,32.28,8,West,91.72
60,41.23,6,East,105.88
46,82.1,4,West,119.71
56,53.87,3,North,113.86
35,57.4,6,West,108.04
56,22.36,1,North,48.73
44,79.77,7,West,145.14
45,41.5,5,East,98.8
11,85.59,6,West,122.83
35,58.07,6,East,124.45
44,43.61,7,South,119.64
46,27.91,4,North,100.82
58,130.31,9,West,196.38
20,75.29,6,East,147.12
19,77.11,3,West,114.82
59,113.02,4,East,149.07
60,59.72,6,North,127.15
11,93.78,8,West,143.05
23,45.09,4,East,119.52
57,73.33,5,West,121.35
12,42.43,5,South,74.12
47,44.63,4,South,104.33
7,56.76,4,West,78.35
11,32.89,4,West,94.59
48,62.29,9,East,148.32
37,48.19,10,South,108.78
34,24.65,6,East,89.46
52,45.46,8,South,115.57
19,47.56,6,North,115.2
31,76.79,2,South,120.38
37,61.2,5,East,125.16
45,97.42,3,East,153.72
20,67.22,6,South,128.77
39,43.75,3,West,86.4
27,53.34,6,South,98.3
33,47.5,6,West,105.85
52,66.37,3,West,108.8
24,55.92,7,North,141.45
41,42.46,5,North,118.07
57,54.79,3,West,72.52
46,65.66,5,South,121.49
60,36.5,2,North,83.49
36,61.98,3,North,124.62
17,29.04,6,East,103.13
60,84.96,3,East,138.11
39,67.42,4,North,125.9
15,104.76,6,West,137.26
20,34.93,5,East,92.36
16,85.92,4,East,127.45
51,79.39,6,West,142.06
6,50.76,2,West,78.66
45,46.96,10,West,134.71
34,35.37,4,East,85.09
5,31.87,7,North,110.4
37,40.43,3,West,83.43
46,33.04,4,South,64.45
44,103.37,9,South,163.4
32,29.94,4,North,81.03
21,57.95,4,East,100.52
10,64.99,5,North,130.8
1,62.99,3,West,95.73
22,65.24,7,South,125.02
38,79.72,5,South,129.86
3,45.68,2,East,63.73
60,56.54,9,South,136.45
36,48.55,6,North,116.28
18,91.93,4,North,149.47
58,126.46,5,South,187.48
12,33.87,4,East,76.6
58,24.23,2,East,63.06
17,68.56,6,East,125.52
23,83.78,3,North,132.23
26,119.44,5,West,165.16
60,73.34,3,North,138.95
16,95.42,6,South,131.2
59,106.06,5,North,153.75
21,98.09,5,North,151.79
18,77.67,2,North,126.49
39,32.69,4,North,104.34
42,54.42,5,East,133.64
21,61.56,5,South,119.89
9,52.46,5,South,92.72
24,53.77,5,South,94.18
33,102.2,5,West,146.48
3,40.34,5,South,80.83
5,75.16,6,North,130.93
56,61.97,2,West,88.89
3,38.74,6,West,82.48
25,35.49,5,East,98.02
46,27.65,2,North,99.64
20,66.3,8,North,142.28
30,53.23,5,East,117.2
6,39.24,6,North,97.09
48,25.78,5,East,83.27
39,64.92,5,West,113.34
52,50.93,5,North,136.05
52,41.04,3,South,94.81
22,37.13,7,East,94.42
3,49.63,5,South,90.03
21,65.89,6,West,96.46
9,47.85,3,West,68.85
32,33.94,7,West,109.19
9,53.34,7,North,116.31
56,82.95,4,West,116.27
37,55.48,4,East,130.75
16,56.11,8,East,131.68
56,47.93,6,South,121.26
47,38.25,2,West,85.68
27,37.74,6,North,113.37
9,28.09,6,West,84.98
21,87.57,5,West,129.95
36,65.69,5,East,121.89
46,56.43,6,East,125.91
16,61.45,8,North,152.62
45,62.54,10,North,158.88
17,40.7,3,South,86.51
15,47.94,8,West,97.45
27,45.16,8,South,122.73
10,149.09,8,East,183.38
25,82.11,9,North,174.54
22,58.39,5,West,87.88
17,94.29,4,East,149.7
47,89.65,4,East,136.92
20,31.43,6,South,88.71
42,49.94,7,West,113.8
44,54.24,7,North,130.17
40,69.73,4,South,110.92
17,49.92,4,West,85.7
50,52.49,5,South,94.29
15,45.4,4,West,61.31
17,83.06,4,South,116.15
53,30.65,4,East,79.31
21,46.02,3,West,59.38
42,26.12,5,North,102.11
3,36.17,5,South,71.67
37,61.98,4,North,132.22
53,62.46,3,North,118.41
43,48.17,5,West,93.83
35,85.59,3,East,129.64
51,93.84,5,East,129.41
18,53.11,5,South,96.72
23,60.35,5,East,127.07
5,45.56,6,West,112.19
42,70.16,5,West,107.91
44,33.86,6,West,97.78
46,111.98,6,North,176.26
45,86.14,5,North,158.88
8,33.8,1,East,60.77
40,39.82,7,West,85.19
46,64.62,4,North,127.02
13,47.69,5,South,95.66
29,67.89,3,North,122.2
55,47.29,5,North,97.73
25,100.48,6,North,170.29
46,54.78,4,North,114.71
32,143.77,4,East,187.03
40,69.48,6,West,130.0
38,31.82,5,North,95.16
40,125.79,4,East,173.32
47,84.73,4,East,135.72
55,63.56,5,South,102.78
18,70.71,2,South,78.19
56,33.93,3,East,81.5
38,26.53,5,North,95.4
36,53.69,9,North,139.66
20,94.78,5,East,149.74
26,63.96,5,East,125.65
40,108.17,4,North,158.2
22,92.62,4,South,149.82
18,55.05,5,East,100.7
50,87.66,6,North,180.51
25,100.39,4,South,152.21
39,52.87,4,South,101.11
2,50.12,3,East,62.37
5,57.75,3,East,73.88
51,20.81,5,North,95.83
9,61.08,6,South,105.32
48,72.83,5,West,110.95
55,57.85,5,East,122.32
29,62.67,5,North,130.19
54,53.66,4,North,103.77
26,24.56,1,East,57.71
58,106.17,5,South,151.93
15,47.13,7,North,128.39
26,42.64,8,North,130.46
24,93.99,2,West,121.14
48,80.76,2,West,122.12
3,60.9,3,West,60.21
50,74.27,8,South,165.0
2,34.4,5,North,69.69
19,52.86,3,South,74.03
36,91.64,3,South,126.22
9,41.64,3,East,69.14
30,36.62,2,West,91.46
60,56.34,2,North,95.42
50,56.87,3,East,94.37
2,70.74,5,South,104.05
36,31.46,6,East,117.29
36,19.69,5,North,105.25
5,78.92,5,South,117.49
40,35.4,5,South,76.0
32,42.78,6,South,82.52
41,22.8,6,West,68.92
18,82.2,8,South,122.6
16,62.81,7,South,106.37
45,61.81,5,North,106.63
44,61.64,4,South,112.97
10,23.95,10,East,89.31
13,36.82,6,South,101.26
36,45.57,3,West,84.7
50,40.47,3,West,78.03
13,48.98,5,West,97.35
14,60.25,2,South,82.24
49,81.66,5,South,133.57
42,30.2,6,East,86.25
55,54.41,4,South,114.03
48,72.57,10,North,185.48
58,37.73,6,South,93.56
12,50.55,13,East,163.45
17,65.8,3,North,115.07
15,54.84,2,North,106.75
4,71.5,4,East,105.56
47,56.71,2,North,104.46
40,48.19,7,North,123.53
6,34.16,6,South,88.12
12,60.27,2,East,76.16
12,56.83,7,South,115.23
25,36.7,5,North,119.26
28,68.91,2,East,95.73
18,90.66,3,West,128.27
56,41.93,6,West,111.51
13,40.81,6,South,82.86
34,40.22,6,North,112.93
27,27.9,5,East,80.36
24,121.73,7,West,177.3
50,45.62,6,North,107.82
59,38.73,3,North,107.2
1,34.79,5,North,79.22
28,46.75,2,North,85.07
8,41.34,5,West,83.87
27,97.05,3,East,126.93
38,33.13,4,North,97.33
25,29.51,8,North,131.87
19,68.08,6,North,147.68
19,52.31,5,North,129.43
18,49.94,6,North,116.86
20,68.3,9,South,140.62
23,57.67,3,East,108.75
42,53.59,2,North,100.72
6,31.12,7,South,91.51
3,28.02,7,North,78.38
32,41.26,8,North,128.43
41,35.38,6,South,110.97
16,60.81,3,South,91.31
13,26.59,2,East,61.54
38,45.66,2,North,123.73
24,50.95,9,South,121.46
45,53.74,4,East,105.18
9,64.04,5,East,87.6
8,47.91,5,East,99.22
34,41.8,4,West,93.55
24,89.82,6,West,148.03
44,48.04,1,East,103.81
31,96.32,9,North,191.49
22,47.94,9,South,123.92
10,54.24,7,North,132.72
10,51.65,7,East,105.77
46,59.89,5,North,135.42
14,46.16,3,South,115.07
31,56.74,5,East,139.73
50,100.72,5,West,164.28
54,83.06,7,North,165.61
17,83.29,4,North,127.15
7,31.92,5,North,85.02
47,34.05,5,East,122.32
42,59.57,4,South,104.39
20,74.31,3,South,125.49
36,44.36,4,North,97.7
12,41.3,8,West,104.97
43,95.35,4,East,151.58
44,71.83,2,North,113.23
18,83.36,3,South,102.53
29,45.76,1,East,73.54
21,44.34,4,North,116.88
2,79.8,4,East,129.53
8,49.15,8,East,106.11
58,42.76,3,South,76.64
28,37.89,4,South,75.32
9,44.5,5,West,96.65
3,77.48,3,West,88.4
22,29.85,5,South,66.51
59,70.22,5,South,119.46
24,41.13,2,North,84.51
60,50.19,6,South,126.95
30,51.5,6,North,136.28
46,49.98,4,West,96.37
48,48.67,3,West,103.17
2,45.71,6,South,91.21
1,43.44,4,South,70.33
56,92.56,4,East,131.59
56,55.15,8,South,122.61
8,51.92,6,West,76.21
39,42.19,6,North,134.24
56,46.38,7,East,110.12
58,42.25,6,East,89.89
18,74.15,2,East,120.66
50,40.39,5,West,89.21
39,22.23,1,West,27.73
56,55.89,5,North,107.61
9,48.83,4,West,65.26
37,43.19,5,South,78.85
2,78.62,5,North,122.75
22,18.29,2,West,61.18
1,102.57,8,South,153.06
27,83.25,2,East,98.97
49,42.47,3,West,72.65
40,45.59,4,East,103.93
20,66.8,6,South,119.51
26,67.52,6,North,145.98
23,42.37,12,West,134.88
44,28.6,11,South,107.85
16,127.16,6,South,158.12
6,80.03,5,South,114.67
31,58.13,9,South,127.28
50,58.58,5,East,119.07
29,70.0,4,South,128.88
13,73.44,3,North,132.39
3,23.7,8,North,81.36
57,47.45,4,East,94.78
46,45.52,5,West,82.0
10,51.18,7,North,128.48
5,74.32,5,North,129.86
8,26.68,6,North,107.63
23,31.83,3,South,68.55
49,41.57,2,West,68.74
10,58.08,6,East,106.05
50,76.16,8,South,151.44
1,104.85,4,South,133.92
45,48.69,5,West,83.93
17,76.11,5,East,105.72
58,72.53,5,South,121.77
29,67.81,3,South,94.05
17,54.07,7,West,104.38
15,46.53,8,North,131.41
50,35.65,5,South,76.32
25,34.72,5,South,77.54
22,62.73,4,North,121.04
45,53.42,5,West,131.75
33,46.24,3,South,81.44
40,71.23,3,North,133.09
27,50.39,5,South,87.55
4,37.89,4,North,103.4
1,49.08,7,North,109.47
3,75.81,2,North,108.19
35,36.26,3,North,86.39
31,59.37,4,South,101.91
45,53.4,4,East,126.03
54,40.27,5,North,101.39
11,48.55,7,East,104.91
58,29.12,3,North,89.95
56,57.05,7,East,127.75
37,31.63,6,West,86.06
32,83.85,6,North,154.14
11,52.63,4,East,108.53
11,43.44,5,West,91.01
2,86.85,8,West,126.99
39,36.13,6,North,114.64
26,40.48,4,West,93.83
12,26.27,2,North,70.73
9,92.19,3,East,105.21
4,115.49,6,North,184.34
39,27.95,5,East,70.58
42,39.4,8,North,152.05
38,56.14,6,North,128.98
7,44.42,5,South,104.52
3,53.92,3,North,87.47
7,52.09,4,North,109.81
46,64.27,4,South,95.27
45,37.17,4,East,94.0
18,58.97,3,East,88.45
4,34.94,4,North,87.75
20,46.31,4,North,130.05
49,27.26,1,East,74.74
9,46.44,5,East,101.48
48,43.42,2,West,75.1
28,79.63,4,South,113.87
9,53.32,4,South,115.57
57,57.34,8,North,123.51
32,54.11,4,West,113.59
41,23.3,4,South,80.58
6,24.56,10,South,92.39
23,48.06,6,East,121.41
38,61.03,3,East,110.47
39,49.7,4,East,104.5
4,38.64,3,West,55.52
37,49.59,2,North,83.97
57,47.9,6,West,90.9
48,74.56,4,North,142.25
13,72.91,4,South,105.05
55,43.76,9,North,141.89
41,53.52,2,South,75.67
4,60.98,2,North,82.92
8,64.71,8,North,130.74
56,105.75,2,East,163.96
13,53.99,8,North,125.87
6,87.14,4,North,120.1
28,34.33,3,East,99.65
32,42.31,6,North,140.62
35,23.24,5,West,56.6
40,58.0,8,West,114.11
60,70.74,6,South,154.3
46,19.65,7,North,102.16
2,58.87,6,East,112.61
6,69.52,6,West,106.27
1,67.96,2,North,104.77
24,33.84,3,South,76.31
22,74.38,4,North,128.99
57,54.8,4,North,107.47
22,69.16,5,West,115.32
2,51.92,3,East,81.28
54,63.59,3,North,129.78
16,85.09,5,North,141.91
55,50.32,8,North,126.93
47,61.17,4,South,97.92
53,90.01,2,North,134.08
50,51.76,7,South,98.7
9,34.81,6,South,92.97
38,71.55,2,West,106.97
25,96.93,7,South,182.08
38,91.42,6,North,145.07
45,72.67,4,South,113.77
31,21.38,9,East,97.99
19,42.34,4,North,114.96
55,43.21,7,South,120.15
40,55.59,4,North,120.5
54,107.27,6,South,165.32
15,35.44,6,East,109.37
51,133.87,4,West,165.31
20,46.86,5,West,100.51
28,40.17,3,South,89.86
52,76.56,3,North,121.48
22,79.02,7,West,125.42
16,70.81,5,North,122.87
55,40.13,5,East,115.95
58,66.74,7,North,154.54
19,36.11,2,South,85.52
19,39.69,3,North,85.63
14,52.57,4,West,107.02
2,39.33,4,West,55.85
34,83.19,6,West,115.6
16,43.33,5,East,67.18
51,49.99,3,North,103.19
11,38.39,3,North,84.3
39,82.69,6,South,130.64
31,41.83,6,East,82.47
37,86.21,7,North,174.18
7,83.71,6,South,128.11
28,45.68,8,South,124.98
38,55.25,7,West,132.36
21,45.17,4,East,74.89
53,67.92,1,North,122.75
32,50.51,2,North,105.82
22,46.2,8,West,124.49
2,55.62,1,East,87.56
11,28.99,5,East,77.99
29,52.97,3,North,147.4
25,70.8,6,North,159.62
53,57.7,5,North,122.07
48,79.89,4,North,131.21
10,46.95,4,North,84.53
36,45.44,8,West,106.54
28,34.92,6,North,115.58
7,46.42,5,South,83.0
40,119.86,3,South,168.37
33,60.96,9,East,158.45
6,43.2,2,North,88.18
29,36.51,3,South,77.65
44,28.81,5,South,101.05
20,39.17,6,North,113.72
22,73.97,7,West,155.66
7,46.03,5,East,71.2
13,37.22,5,North,101.56
59,38.89,5,South,100.9
38,70.8,7,West,152.23
11,52.85,5,East,98.6
29,42.48,2,North,104.15
12,48.26,3,East,60.22
27,131.94,7,South,188.64
9,88.93,5,North,151.74
38,98.24,7,North,180.41
35,27.09,8,South,98.61
39,51.4,4,West,82.59
27,42.19,8,North,129.78
18,67.87,8,North,149.89
15,83.42,2,South,109.64
13,62.21,6,South,137.32
26,38.51,3,West,67.24
28,41.91,8,North,143.83
41,69.98,4,North,137.23
4,72.82,9,West,123.44
17,57.76,7,East,132.17
52,57.51,5,North,145.3
55,55.7,5,North,107.15
56,60.8,9,North,180.76
19,72.7,5,North,158.99
9,70.25,5,South,123.58
12,55.12,6,West,96.96
8,53.54,2,South,69.44
58,52.72,3,West,119.84
54,39.96,4,North,116.03
49,39.76,5,South,110.91
44,67.87,4,North,156.25
21,41.05,4,South,108.02
29,75.61,5,East,130.24
51,53.49,5,North,113.59
49,75.78,8,West,131.77
32,70.44,7,South,133.18
51,76.49,1,East,95.56
21,45.13,4,North,109.43
25,64.3,7,North,127.47
51,73.34,6,North,163.69
23,29.36,5,North,121.09
46,107.84,5,West,159.21
28,135.15,3,North,191.69
18,79.75,4,South,132.2
14,75.37,9,South,132.37
37,69.1,7,West,119.33
29,47.97,4,South,102.69
23,52.24,4,North,90.59
45,80.3,4,East,134.38
1,36.99,8,North,121.62
6,35.72,7,North,94.98
58,46.58,6,East,123.87
40,70.99,4,North,138.2
33,38.61,1,North,83.77
1,49.89,4,West,65.35
36,52.32,6,South,112.3
27,36.42,4,North,99.42
36,20.58,5,West,75.21
3,36.21,6,West,71.98
34,60.6,4,East,106.33
35,66.32,6,East,128.72
18,66.54,8,North,151.94
4,69.67,6,South,129.34
59,42.5,9,North,146.39
43,39.01,3,North,84.74
38,63.44,6,East,132.99
47,50.16,5,West,110.78
41,78.48,3,North,148.2
9,63.6,5,South,103.48
28,91.24,6,East,187.13
54,45.32,6,North,126.63
18,83.68,4,East,124.62
59,123.21,2,East,140.24
4,55.78,6,West,105.76
20,66.67,6,East,122.07
22,37.63,4,South,69.39
38,78.07,5,North,143.15
11,85.77,4,East,148.36
14,44.8,3,South,77.75
40,69.02,8,North,148.13
18,61.08,6,North,120.83
53,63.84,3,South,130.78
53,75.55,5,East,127.36
19,67.19,6,East,127.47
34,51.65,6,West,115.23
20,76.2,3,North,108.61
21,85.18,5,East,128.54
41,43.74,3,West,79.49
18,54.56,8,West,109.66
9,26.91,8,East,90.93
16,68.95,8,West,156.23
56,89.05,5,West,153.75
16,49.26,6,South,84.5
22,57.59,1,East,87.52
38,49.99,5,North,134.56
7,46.83,2,East,72.21
17,59.91,5,North,110.9
11,39.9,7,South,110.94
56,49.69,4,East,105.88
56,38.02,7,West,87.78
46,69.11,6,North,134.9
15,60.08,10,South,132.86
37,45.95,3,West,75.46
40,55.41,3,West,80.34
53,49.98,5,North,127.86
10,86.28,4,North,126.94
45,45.77,5,North,94.57
12,70.39,7,West,130.49
35,41.18,7,South,110.48
53,75.62,5,East,125.73
4,82.68,3,North,130.77
9,84.25,10,North,168.6
49,98.34,3,North,154.73
2,61.37,3,West,79.96
42,89.58,5,North,157.39
31,104.55,4,East,154.19
21,34.85,6,South,102.62
52,42.89,9,East,116.97
51,30.02,9,West,104.07
20,83.47,5,West,132.0
1,29.86,9,South,76.13
8,26.79,5,South,73.9
7,35.2,4,North,84.03
59,27.24,6,East,103.34
36,60.88,5,North,130.5
41,35.38,4,West,89.05
14,27.77,5,West,84.43
52,53.69,6,North,112.39
44,54.97,8,North,148.45
46,25.84,3,West,84.04
29,41.04,7,North,124.58
42,52.99,3,East,105.08
33,47.34,4,North,109.4
24,47.86,1,South,87.48
36,87.51,2,East,127.96
20,128.85,6,West,191.77
58,48.17,7,East,125.36
44,32.18,10,North,114.22
45,49.71,3,South,97.67
44,59.01,6,South,114.02
27,53.45,2,North,104.16
58,69.71,5,South,105.57
13,132.26,4,East,151.0
35,27.52,6,North,105.77
5,44.57,7,North,134.0
18,101.14,9,East,153.17
35,44.31,6,North,107.71
30,74.87,6,North,147.78
57,70.27,2,South,122.64
37,89.55,5,North,156.89
25,117.37,3,North,149.3
26,62.38,9,South,126.25
37,27.16,5,West,68.13
48,41.26,8,East,118.51
17,130.9,5,South,182.96
36,31.01,5,South,101.87
35,66.6,2,North,108.46
1,19.97,2,East,50.08
55,31.8,6,West,95.58
35,77.85,7,West,158.13
15,55.39,5,North,128.75
39,46.97,3,West,65.96
41,39.42,1,West,92.77
55,24.57,5,East,94.66
3,72.05,7,South,131.27
25,48.75,1,North,98.55
11,29.7,4,North,80.95
35,55.26,5,West,109.89
31,68.89,6,South,131.37
29,50.39,5,East,89.34
59,57.19,3,North,122.02
32,55.44,3,South,93.51
25,41.15,4,West,90.45
5,55.8,7,South,126.41
18,73.27,2,North,100.46
54,82.59,4,North,112.42
28,74.91,5,West,116.33
55,41.68,7,South,100.29
32,70.42,5,North,134.77
33,65.77,1,North,126.55
26,41.1,8,North,121.47
34,45.34,4,East,102.56
5,71.66,4,North,115.1
4,94.7,2,North,136.18
29,26.45,7,South,104.95
36,105.22,5,East,174.69
34,86.98,7,South,136.31
26,59.12,5,East,130.66
18,49.59,5,East,106.07
43,63.83,3,East,101.65
37,42.26,4,North,104.34
3,50.85,4,West,80.51
28,30.26,6,South,95.08
43,27.2,5,North,102.75
48,138.78,4,North,205.83
18,55.99,3,North,127.05
56,59.23,4,West,110.41
40,53.93,8,North,138.14
27,39.21,5,South,87.75
38,48.29,4,North,111.37
53,56.63,9,North,159.82
14,50.47,11,South,147.12
10,40.41,4,North,88.19
27,66.14,5,West,100.16
6,58.87,6,East,106.53
51,63.89,4,South,113.83
59,72.39,7,North,142.38
37,51.0,7,West,102.43
59,51.03,2,East,76.14
5,98.79,5,South,124.44
38,37.43,1,North,89.11
27,25.8,4,North,87.65
17,68.18,3,East,113.51
19,42.45,5,North,106.36
33,35.48,9,North,113.07
39,77.8,3,West,106.47
10,51.53,4,South,96.54
37,32.94,6,West,92.62
56,118.39,3,East,132.55
1,28.67,10,West,102.81
53,52.74,4,North,104.87
37,25.64,6,East,83.45
21,60.84,12,South,172.92
45,42.25,7,North,100.21
38,75.77,6,North,140.24
47,54.22,4,South,123.95
5,93.71,3,West,126.2
4,45.98,5,West,116.39
39,28.74,3,West,65.47
19,60.04,10,East,148.33
15,49.35,5,West,104.43
26,26.37,5,East,71.63
44,35.8,3,North,94.47
11,40.66,3,West,60.51
59,101.71,3,West,120.61
26,72.46,4,West,103.36
10,47.51,3,East,89.76
5,65.91,3,West,79.74
52,24.15,4,West,72.78
7,43.56,7,North,112.86
26,64.1,7,West,128.71
41,58.33,5,East,134.02
31,44.0,5,East,92.52
16,53.77,10,North,150.3
7,62.5,5,South,112.6
43,54.39,10,West,126.62
30,77.05,4,North,155.94
3,62.02,4,South,82.0
11,66.99,9,South,148.89
34,108.36,8,North,199.7
11,76.02,5,East,117.89
24,109.55,7,West,187.77
8,41.73,6,South,76.21
48,28.88,6,West,90.77
38,51.62,7,West,96.43
48,49.89,3,South,92.54
4,97.88,8,East,149.16
23,34.74,5,North,96.32
17,52.9,2,South,88.88
38,64.2,3,East,112.66
50,56.83,4,North,125.45
14,50.98,2,West,71.44
47,63.02,5,East,108.65
35,84.07,2,West,121.36
50,100.92,5,North,178.84
5,55.32,2,South,73.88
60,39.4,4,South,102.5
27,100.87,4,North,183.55
17,35.48,4,West,92.35
11,111.75,3,South,142.18
60,93.47,5,South,136.87
54,99.06,5,West,129.93
8,71.82,3,West,103.55
27,23.45,4,North,83.01
45,36.03,7,South,113.35
36,61.73,5,North,118.65
12,41.67,4,West,92.68
22,48.13,6,East,106.19
23,69.76,4,North,117.59
18,51.01,5,South,101.97
58,33.53,8,North,112.58
13,77.81,4,East,109.47
43,67.09,6,North,150.77
55,49.42,3,North,101.05
48,72.57,4,North,143.96
48,56.71,5,South,116.45
10,92.99,4,East,130.27
8,58.0,6,South,103.39
47,92.72,2,North,133.33
45,25.8,3,North,78.41
45,65.61,6,North,143.03
26,46.57,5,North,124.9
32,38.72,6,North,123.24
1,86.78,2,West,113.49
18,77.92,2,North,122.85
32,24.47,7,West,108.89
8,72.69,3,East,105.7
8,69.25,7,East,129.68
3,40.89,5,North,124.89
13,39.09,3,South,86.45
60,28.9,8,West,101.46
42,47.7,5,North,127.01
57,50.86,5,East,114.19
16,75.1,6,North,166.62
36,60.81,6,West,111.86
54,35.73,5,West,71.91
22,60.07,5,North,126.25
40,49.32,7,North,125.78
42,37.56,8,East,111.53
50,28.91,6,South,76.33
59,70.1,3,West,118.92
37,65.27,3,South,114.79
35,68.22,5,South,144.17
53,40.8,10,South,132.59
42,58.47,5,East,130.02
22,31.5,3,North,88.85
38,36.8,4,South,80.79
33,55.34,9,South,123.39
14,60.64,7,East,137.26
31,28.46,9,East,123.73
38,35.77,3,North,102.69
55,47.17,4,South,89.32
35,80.11,8,East,175.27
10,39.44,4,East,79.88
60,57.76,5,West,106.42
35,60.23,5,South,109.65
18,49.41,5,North,117.82
46,60.78,6,East,139.32
24,31.88,6,West,91.23
23,42.0,3,South,83.58
51,96.91,4,East,133.76
53,99.67,1,East,150.21
32,76.49,2,East,98.5
23,84.79,5,North,134.84
52,26.3,5,East,94.59
11,37.36,3,East,74.15
45,48.21,2,West,85.79
36,143.49,5,North,202.75
52,48.17,6,West,86.33
26,73.55,4,West,96.33
50,63.52,9,North,134.98
1,62.96,2,West,102.06
46,54.09,6,West,96.07
5,33.78,5,West,64.22
39,18.53,4,North,98.02
12,91.17,8,South,161.48
58,42.67,6,East,99.52
47,25.87,1,North,66.85
7,65.05,4,South,97.08
54,64.55,5,North,124.38
16,74.23,6,South,133.76
33,85.31,3,West,154.07
6,37.8,4,North,82.59
7,38.47,8,North,105.96
15,48.06,7,South,116.15
33,75.84,4,North,106.5
33,23.55,4,North,91.98
52,57.47,4,West,88.86
10,79.27,7,West,145.56
45,77.97,4,West,107.85
1,72.49,6,North,126.35
18,83.53,5,West,122.92
11,18.19,3,West,52.62
8,104.1,6,South,155.18
36,62.31,5,South,121.08
55,93.12,5,North,145.05
41,34.13,5,South,92.92
52,27.07,6,East,107.28
36,111.56,4,West,140.53
4,37.69,6,South,78.28
21,48.21,5,North,123.53
50,67.42,3,East,99.05
3,74.38,3,West,99.27
6,84.05,6,South,133.29
51,59.7,5,North,113.45
4,35.81,3,North,84.38
58,72.43,7,South,134.68
46,72.9,5,East,123.44
40,26.42,3,East,85.35
33,96.3,3,North,138.64
6,20.19,2,South,47.32
25,82.58,1,East,118.09
49,42.37,5,North,118.39
55,72.4,7,North,167.54
27,66.96,5,North,140.83
51,53.79,4,North,118.86
47,65.39,5,South,111.3
4,52.74,3,West,82.79
38,72.64,5,West,126.23
37,130.86,4,South,160.1
33,31.93,6,East,96.21
47,15.25,5,North,77.54
54,46.23,3,West,89.01
34,44.99,1,South,75.32
20,46.94,2,East,91.16
59,37.69,4,North,99.08
58,77.4,4,North,140.88
42,31.42,2,West,68.73
39,65.39,2,North,122.16
7,70.48,7,West,117.02
25,61.97,2,East,89.08
12,66.34,9,West,140.03
31,79.81,6,East,154.16
50,55.78,8,South,144.66
14,47.53,5,North,97.83
60,66.32,7,South,124.27
8,69.42,2,North,94.06
6,77.93,7,South,101.78
59,27.52,5,North,109.23
7,50.73,8,North,106.93
45,35.65,5,North,114.18
46,68.33,2,West,81.08
20,73.02,6,South,107.61
4,48.92,4,North,91.2
19,40.78,6,West,98.08
5,69.32,7,West,92.18
41,51.76,2,North,96.25
54,96.6,7,West,135.09
60,110.96,4,West,156.44
49,81.47,4,North,141.4
47,59.92,6,South,119.37
53,113.32,4,North,180.78
47,60.12,3,West,93.59
40,45.07,7,East,122.02
60,41.67,2,East,103.03
20,41.21,2,East,80.53
25,54.46,9,West,105.79
55,65.71,5,South,123.82
19,31.0,3,South,60.95
18,45.62,5,East,95.41
10,59.45,3,South,81.37
17,70.63,5,North,134.49
36,54.03,3,East,98.93
54,60.21,6,North,132.17
9,33.27,7,West,91.83
41,37.91,4,East,89.47
46,53.29,6,South,115.23
54,66.97,6,East,144.99
46,59.89,5,North,144.42
10,38.88,2,East,93.09
30,49.67,6,North,142.19
58,99.96,5,East,136.23
55,67.88,2,East,98.31
37,51.16,2,South,94.87
58,36.22,5,South,97.55
41,41.04,5,North,108.82
4,54.74,1,West,73.35
55,60.97,2,West,78.89
11,68.46,3,North,122.08
23,63.76,5,South,128.01
15,47.08,4,West,63.81
44,44.5,3,East,93.54
2,123.82,3,East,149.01
39,43.7,2,East,73.54
52,32.57,7,East,89.76
48,28.35,9,North,126.72
19,47.4,5,East,109.07
54,79.52,4,North,137.82
22,43.36,3,North,94.76
41,98.59,4,North,162.3
31,54.44,5,East,95.45
5,85.1,8,South,154.45
1,40.32,4,North,112.76
11,40.57,5,South,86.6
57,56.62,5,North,141.34
58,66.22,7,South,141.57
25,50.83,2,North,132.51
59,61.37,6,North,106.68
3,69.09,3,East,105.42
59,30.93,3,North,59.83
14,47.64,6,South,88.66
3,44.37,2,East,68.55
46,45.24,5,East,100.4
23,64.25,2,North,127.53
18,44.62,4,South,109.87
46,24.48,9,South,110.6
20,49.67,7,West,138.76
46,35.67,5,North,91.97
12,66.59,4,North,107.35
6,75.36,7,South,111.19
20,22.88,5,North,104.18
37,40.06,4,North,119.49
14,62.89,5,South,89.46
9,31.08,3,East,58.03
45,74.67,5,South,123.69
30,83.07,4,North,135.89
26,51.17,6,East,108.74
15,40.06,5,West,79.62
2,21.67,6,South,55.62
4,75.61,7,North,150.61
41,121.63,1,North,179.42
5,111.97,3,South,115.63
15,50.5,11,North,152.22
55,35.27,6,East,109.7
21,76.33,3,West,97.47
45,51.9,3,South,73.83
21,66.11,4,East,113.13
56,61.63,4,South,101.68
50,56.67,6,North,126.28
29,82.39,6,East,151.49
42,83.62,6,North,169.67
25,44.3,5,West,126.17
57,37.74,3,North,100.99
22,20.09,4,South,68.78
51,47.54,7,South,98.06
37,35.26,4,North,106.14
39,64.57,6,South,125.75
22,47.73,7,West,105.97
50,49.85,3,West,88.86
45,75.55,2,South,87.37
49,64.0,2,North,89.47
49,52.11,3,North,122.75
10,107.19,4,South,114.49
53,73.35,6,South,114.59
51,46.23,2,West,64.45
15,47.06,6,East,110.27
59,74.84,6,North,176.34
32,59.21,5,West,106.95
20,34.87,5,West,74.05
14,78.09,3,North,140.9
22,90.28,6,West,126.82
3,87.58,4,East,129.46
42,101.2,5,North,170.29
43,124.92,8,East,186.48
41,109.07,6,West,157.95
33,62.57,10,North,165.09
22,50.23,7,South,109.04
44,26.26,4,West,70.61
53,54.84,1,North,104.11
6,67.2,3,West,97.03
23,55.56,7,West,95.99
60,25.65,2,South,64.36
52,48.68,6,South,101.26
60,70.68,4,West,128.74
11,36.22,4,West,70.51
28,58.34,8,South,128.23
8,64.89,5,North,137.71
52,85.39,5,North,137.38
32,108.31,7,South,170.49
15,46.94,1,North,79.69
6,58.76,1,South,97.81
45,59.5,5,North,117.41
49,70.79,4,South,118.11
53,67.69,5,North,134.56
59,96.54,7,North,172.89
49,21.49,3,East,88.22
48,64.54,2,East,112.55
49,66.35,7,East,137.27
60,49.7,4,East,112.17
28,22.07,7,West,87.34
46,53.28,4,West,79.9
50,41.09,6,East,111.11
7,106.82,6,South,182.32
42,63.44,4,South,120.23
21,39.72,3,West,64.48
8,24.02,6,West,47.73
11,69.15,2,East,88.02
7,72.13,5,North,115.26
54,50.08,5,East,111.59
47,69.51,6,North,162.3
7,47.5,3,North,82.25
38,83.67,8,West,143.28
40,81.21,4,North,151.6
32,28.34,7,South,94.68
37,31.25,8,East,120.7
55,123.04,5,East,170.95
32,79.27,5,West,122.88
40,32.95,3,South,77.41
35,29.13,2,North,83.41
24,59.33,9,North,134.04
54,34.57,7,West,97.3
25,48.1,2,West,85.48
48,53.58,4,South,95.39
37,52.66,5,North,127.81
42,85.68,3,South,133.87
46,113.74,4,North,174.21
45,45.08,8,North,127.86
34,34.73,4,East,74.91
37,63.79,8,West,137.52
31,104.86,5,South,163.4
21,46.47,3,South,110.26
44,76.72,3,West,92.99
53,39.06,10,North,156.89
43,55.06,3,North,126.4
47,34.3,2,West,70.54
50,54.84,6,East,133.69
23,52.11,5,South,107.27
4,69.63,2,East,95.73
21,111.19,3,West,127.68
46,46.73,3,East,90.31
49,24.54,4,North,97.1
31,50.36,8,South,121.73
47,61.54,7,North,132.71
5,59.19,4,North,103.36
39,51.27,3,West,88.65
41,99.0,3,East,156.32
31,57.66,6,East,135.53
43,52.36,5,South,104.01
30,40.0,4,East,89.36
32,27.15,4,East,92.21
37,62.28,7,West,113.93
48,60.23,7,South,133.72
15,35.74,5,East,105.12
19,53.64,3,South,110.66
26,51.55,7,South,107.8
13,42.53,4,North,100.39
21,39.75,2,East,80.35
22,64.2,8,East,119.82
19,49.88,3,South,94.61
25,43.1,5,East,102.78
31,38.68,5,North,106.73
42,51.83,5,North,121.38
19,79.03,5,West,117.95
51,59.3,7,West,113.1
29,49.66,4,North,122.79
44,61.77,5,North,129.43
7,94.23,5,East,149.44
11,66.43,3,North,119.86
28,60.59,2,West,99.64
22,70.49,4,North,113.25
30,51.25,6,West,106.48
10,58.77,4,West,100.05
29,44.9,5,North,130.33
42,29.36,3,East,79.24
44,62.62,4,South,96.48
15,62.72,5,East,130.12
21,48.66,7,South,103.76
32,82.63,4,South,107.44
32,40.91,7,East,113.75
48,26.88,6,South,88.8
24,41.31,4,East,110.18
41,29.48,5,North,113.79
54,62.5,5,South,109.63
18,40.41,3,West,61.7
50,80.95,9,North,167.42
20,80.28,6,South,136.77
21,37.71,5,North,113.85
40,39.52,3,North,93.41
38,67.61,8,East,151.5
33,80.8,3,East,117.98
14,24.41,3,West,76.3
6,61.11,3,South,91.95
55,22.67,3,South,52.98
53,43.84,8,East,114.17
54,84.56,5,North,141.42
31,181.98,5,East,224.44
54,49.62,3,West,73.54
29,33.15,4,North,94.13
5,44.46,4,West,67.96
12,56.06,4,North,112.86
17,41.76,5,East,91.28
23,37.72,7,South,115.21
57,46.03,7,South,108.57
20,63.96,4,North,108.85
37,51.02,8,South,95.47
17,38.37,8,North,124.09
39,41.76,5,West,86.26
35,46.27,2,North,80.27
10,36.61,6,West,82.52
28,41.15,1,North,78.5
7,70.63,4,South,116.65
54,49.79,3,North,97.89
43,27.07,3,East,95.99
57,82.27,5,West,127.36
53,64.5,7,South,132.53
14,31.4,6,East,98.13
43,47.17,4,North,117.32
7,39.77,5,South,83.57
58,71.58,8,North,141.39
48,47.06,5,West,129.17
41,53.03,6,West,94.42
60,50.62,5,West,85.52
51,30.2,4,North,100.01
52,95.79,7,South,169.24
7,71.16,7,South,108.62
2,40.49,5,North,110.15
58,58.95,3,North,101.53
16,80.61,4,West,125.04
26,55.83,4,North,122.65
3,101.77,3,East,154.56
38,175.41,4,East,222.73
50,51.91,4,North,120.81
51,43.25,2,North,99.26
35,36.75,3,West,89.53
40,22.52,5,North,86.14
31,89.95,6,North,159.02
27,47.4,6,South,113.24
34,77.49,4,West,136.17
57,83.98,7,South,152.74
16,35.43,3,North,73.09
29,37.63,7,North,130.72
37,109.71,7,North,191.66
35,53.09,7,South,123.38
2,41.93,4,South,79.04
18,35.94,6,South,88.82
39,51.59,7,North,139.68
42,99.8,6,North,154.64
45,71.82,6,West,139.25
60,58.72,6,East,149.44
41,103.07,4,East,171.67
35,95.42,3,South,129.51
20,62.41,5,South,122.02
23,165.74,3,North,223.33
50,49.45,6,South,118.94
29,84.71,5,West,124.39
43,46.66,5,North,112.54
8,78.35,3,East,100.53
8,49.43,7,North,110.83
13,65.66,5,West,129.38
12,142.03,2,North,176.17
37,79.9,5,South,121.41
39,66.07,7,North,154.41
34,40.05,9,North,157.05
18,58.87,4,West,103.53
35,36.48,4,North,103.35
8,77.85,2,West,64.0
29,77.07,3,North,123.79
10,50.81,4,North,108.51
5,106.21,5,West,156.36
10,100.4,4,South,132.68
7,57.97,5,South,109.75
29,68.46,10,West,152.18
33,43.15,7,East,114.34
37,48.97,4,East,93.88
27,35.47,2,North,90.54
11,45.09,4,West,105.35
2,52.37,6,South,69.53
43,28.1,8,North,115.55
59,68.77,5,West,113.74
17,82.18,6,East,134.76
13,54.43,4,West,100.22
19,18.56,7,South,92.42
13,49.34,6,East,106.02
14,31.27,8,North,112.88
30,42.78,5,North,119.67
48,97.59,4,South,153.86
43,20.62,7,North,123.44
58,39.39,4,West,85.25
22,76.08,4,East,107.92
30,41.23,2,North,105.29
23,39.99,7,East,111.55
3,123.1,6,North,184.83
24,63.52,10,East,182.98
16,79.34,5,South,125.18
29,66.54,3,North,121.78
10,58.25,6,West,89.8
45,90.52,5,East,166.87
51,117.0,5,North,151.95
58,27.84,8,South,104.52
6,53.83,4,West,94.05
8,53.66,5,North,109.18
58,45.98,5,East,91.75
51,80.84,1,North,108.28
36,60.51,2,North,108.64
20,117.94,7,South,182.77
32,84.78,7,South,151.35
33,94.24,9,North,174.81
51,33.8,6,West,105.04
32,39.55,4,South,102.27
2,40.88,7,North,97.07
42,92.69,4,West,120.15
47,37.08,5,West,100.18
18,37.52,6,West,87.09
7,34.86,5,North,96.16
9,164.22,5,North,222.19
51,51.58,7,North,114.43
27,67.49,3,West,105.75
32,34.6,5,West,87.93
58,80.13,8,North,155.96
4,26.86,4,East,54.63
13,36.91,4,North,86.54
50,40.75,4,North,83.91
33,59.59,3,North,99.87
2,39.76,5,East,96.19
43,100.44,2,North,136.84
9,66.77,2,North,88.99
47,41.44,6,South,101.86
48,81.37,7,South,136.86
50,46.65,5,North,109.13
28,43.11,4,North,121.38
17,78.13,5,South,149.88
53,20.47,6,East,97.29
34,73.25,3,North,111.08
39,41.05,3,West,75.37
9,41.02,5,East,99.41
38,119.49,2,South,145.72
35,44.15,6,East,105.81
18,80.03,7,North,154.43
47,61.05,2,North,129.05
9,63.64,8,West,99.48
44,49.39,7,South,117.12
58,48.37,4,West,68.23
35,100.6,5,East,168.13
7,79.22,6,East,130.16
34,44.71,4,West,81.95
32,35.93,5,East,105.35
34,43.22,4,South,85.28
17,80.85,8,North,144.65
38,87.49,6,South,165.95
16,68.17,4,South,106.12
34,28.6,5,South,86.61
36,73.81,7,South,150.82
39,91.97,6,West,161.82
48,58.52,5,East,117.72
53,120.53,3,South,180.81
47,32.19,7,West,104.31
48,71.8,6,West,146.06
53,36.3,2,North,81.9
15,83.38,6,East,131.72
18,69.77,3,East,113.25
32,112.23,4,South,144.77
28,66.68,4,South,131.06
43,46.45,5,East,99.72
1,44.86,4,West,62.89
9,49.4,5,East,76.84
45,44.51,5,West,86.11
50,93.58,9,East,144.61
19,90.95,3,East,124.65
19,30.01,5,East,61.97
34,55.44,4,West,86.41
29,55.98,9,South,124.81
11,39.94,3,South,70.27
31,65.06,3,South,111.2
50,97.94,5,South,147.72
44,78.0,6,East,145.8
50,93.58,4,North,162.52
39,40.96,7,North,128.9
53,55.4,6,North,129.46
15,40.19,2,East,91.47
3,60.09,6,North,118.73
7,62.29,2,East,74.68
60,80.15,1,West,105.34
39,92.33,4,East,146.32
15,71.92,5,South,110.23
52,38.7,5,North,124.16
19,31.79,3,East,78.56
36,67.22,5,South,109.0
15,99.51,5,South,125.62
6,54.06,1,South,53.19
17,29.64,8,East,129.13
14,125.7,4,West,154.23
34,66.4,6,North,146.06
2,58.47,4,South,80.79
15,34.22,6,North,113.29
35,54.95,7,West,114.11
24,71.86,2,North,118.67
39,66.77,5,North,132.5
40,41.6,4,West,70.64
58,53.37,3,North,118.61
51,42.67,3,West,101.45
14,106.24,6,South,156.75
42,78.1,5,South,128.02
38,44.27,2,East,76.03
36,34.21,4,West,75.86
48,61.02,5,East,110.01
9,44.83,4,South,61.64
23,46.19,9,East,125.39
49,34.67,7,North,115.67
54,36.43,5,South,95.1
3,58.27,3,West,92.0
29,49.07,2,East,94.69
16,148.21,5,South,177.06
11,69.25,9,West,136.52
4,34.44,7,North,91.33
33,29.54,5,West,78.02
41,64.02,6,South,123.26
32,46.58,5,South,106.36
23,93.0,3,East,132.96
47,61.11,5,South,93.45
40,24.7,5,West,72.3
55,36.31,6,West,82.71
21,41.67,5,East,90.34
15,65.16,2,North,98.2
28,35.83,4,West,78.08
31,58.04,5,North,131.33
28,31.99,8,South,114.18
50,54.73,7,West,108.34
3,63.31,6,West,81.06
32,97.96,7,North,164.27
26,60.23,5,South,127.96
13,39.38,5,North,108.48
39,99.21,2,East,147.06
49,50.74,4,North,114.69
33,74.4,5,North,136.71
6,42.73,4,West,56.62
5,56.62,4,North,114.43
26,39.63,6,South,104.0
41,62.11,2,South,91.22
19,75.3,4,South,95.04
19,44.79,11,North,161.14
52,43.8,5,East,117.29
1,62.97,4,East,91.24
5,39.25,5,South,77.92
10,29.75,4,West,58.19
60,62.88,6,East,124.22
30,52.3,3,North,82.03
10,51.86,6,West,99.99
19,67.25,4,North,118.52
59,71.12,4,East,118.17
42,51.19,10,North,141.59
14,34.85,3,North,82.13
15,42.29,5,West,90.32
5,68.99,4,North,120.19
47,57.66,1,North,101.74
9,43.82,4,South,81.29
18,39.89,3,South,76.46
21,69.9,1,North,124.9
38,49.97,4,East,103.05
37,73.78,5,South,126.64
48,77.61,6,South,156.59
18,48.18,6,North,118.56
24,79.83,4,East,120.32
24,57.71,6,East,133.82
3,60.77,8,North,107.65
45,22.75,8,East,94.59
33,37.03,7,East,107.03
29,37.84,2,South,45.32
60,48.06,6,North,127.87
11,57.15,3,South,93.62
59,58.1,3,South,84.17
41,61.21,7,West,119.21
14,41.51,7,North,146.98
41,71.99,5,North,139.25
46,112.59,3,East,173.55
22,47.4,12,North,153.69
21,41.87,4,East,106.21
51,41.51,11,North,143.88
10,56.5,4,West,85.48
1,44.24,3,North,72.27
40,27.33,3,North,106.01
55,30.49,8,West,95.03
31,82.11,3,South,117.08
9,91.17,6,East,144.35
33,103.54,5,North,145.89
16,59.77,5,West,101.5
50,36.73,7,South,105.49
37,45.82,4,East,89.99
21,30.07,7,North,124.01
38,29.61,4,West,80.35
41,60.47,4,North,115.12
41,67.74,5,West,98.44
22,119.5,4,South,167.5
35,52.81,9,North,132.43
3,31.72,11,North,115.49
25,52.0,4,East,115.7
23,48.77,5,West,99.49
33,44.86,3,West,79.94
58,62.65,6,East,105.31
58,33.59,4,West,57.88
29,57.53,7,South,107.56
39,70.85,3,East,107.6
7,96.34,8,South,145.48
29,61.82,3,South,96.77
42,82.87,7,West,154.81
41,45.72,8,North,135.8
58,48.34,10,North,135.61
28,93.61,8,South,160.43
55,31.54,4,North,92.33
59,46.47,6,South,106.03
35,85.75,5,South,130.64
6,50.18,2,North,73.65
23,48.7,5,East,117.96
46,49.1,4,East,131.72
35,57.22,3,West,106.05
57,84.3,6,West,138.03
49,79.02,4,West,124.91
4,54.85,7,West,94.1
52,84.52,3,South,134.66
22,62.6,5,North,115.93
50,76.99,6,North,144.98
31,36.19,6,East,102.81
28,109.44,4,East,167.88
5,59.63,4,North,102.93
8,18.19,6,East,71.93
36,106.04,5,North,154.17
35,54.71,4,North,85.14
34,46.61,3,North,103.86
10,42.85,5,West,90.31
31,65.09,5,East,134.11
4,38.27,3,North,81.45
9,43.35,2,West,64.04
30,43.77,4,West,63.47
38,48.57,4,North,109.84
40,44.43,5,East,108.04
59,76.79,5,West,132.17
52,60.85,4,East,121.54
23,63.89,5,South,128.11
47,69.7,5,West,111.91
6,52.6,4,East,73.26
52,36.3,7,North,124.89
24,112.4,5,North,171.17
46,79.12,2,South,107.55
59,104.08,7,South,172.83
43,82.58,4,West,129.98
56,45.42,4,East,99.07
1,21.34,3,South,40.84
11,33.39,6,North,114.59
38,70.43,5,West,120.3
33,52.42,6,South,95.92
8,46.16,3,North,87.37
44,20.12,4,South,58.61
4,54.31,3,West,72.49
60,35.42,6,West,89.38
10,40.86,9,North,102.69
27,76.71,4,West,90.22
50,36.17,6,West,93.44
31,37.58,6,North,87.42
45,58.81,10,North,157.84
43,77.4,5,East,158.6
57,46.48,6,East,128.93
28,98.19,3,South,134.16
59,32.74,5,North,111.61
32,30.52,9,North,130.91
54,29.5,5,South,96.32
44,28.19,8,South,93.2
8,62.47,6,West,122.52
39,36.92,6,West,108.61
53,31.06,4,East,83.72
8,63.56,5,North,105.14
51,75.91,6,West,111.75
7,83.12,3,South,124.35
53,77.49,6,South,155.13
48,37.82,5,West,93.98
10,60.97,5,West,98.7
44,66.6,7,South,149.98
8,45.15,5,West,76.39
35,58.32,2,West,88.31
56,33.09,4,West,77.31
13,42.48,3,East,77.87
11,63.35,5,North,125.95
26,99.78,2,West,126.92
23,86.54,4,South,123.42
3,71.12,3,East,86.61
28,56.37,3,East,118.84
16,52.98,7,East,129.67
8,30.6,9,South,124.03
17,39.09,8,East,114.68
2,39.6,3,West,69.18
55,68.71,4,North,127.25
60,79.68,5,North,154.63
23,73.31,4,East,140.01
53,87.63,6,East,137.15
28,56.2,8,East,131.11
55,36.85,4,North,106.91
11,53.52,5,North,101.38
18,40.86,5,North,91.35
45,71.03,6,East,126.32
14,47.29,7,West,98.92
50,52.49,5,North,109.27
26,72.06,6,West,127.9
25,40.59,6,West,118.83
28,80.29,2,North,140.02
48,31.85,5,South,98.98
1,61.72,5,South,76.07
46,52.65,2,East,89.88
47,76.02,9,East,173.77
50,31.51,4,North,90.77
60,29.6,7,East,98.99
47,73.7,5,North,152.15
32,46.69,4,West,95.25
28,52.65,4,South,90.34
24,41.93,5,West,74.35
50,78.66,6,East,136.28
24,61.54,4,North,131.74
35,60.12,5,West,132.65
6,34.2,8,East,84.53
20,66.73,7,West,106.33
16,36.71,6,East,115.66
27,41.95,4,East,89.05
31,31.62,9,South,125.01
43,51.28,6,South,103.89
26,83.58,5,East,164.42
10,59.78,5,East,101.22
33,45.75,6,South,113.4
4,57.03,6,East,95.68
51,56.91,4,East,117.8
47,56.06,6,East,108.59
14,58.61,6,North,105.22
16,36.02,2,South,66.53
2,56.98,5,South,89.41
22,27.06,4,East,86.07
3,68.73,7,West,102.24
57,35.12,3,North,119.05
9,87.45,5,North,144.84
40,20.53,9,East,87.87
35,106.67,4,West,136.56
15,28.34,7,North,105.65
49,33.79,8,North,118.78
7,61.54,5,South,106.54
54,69.93,1,North,109.91
45,48.75,5,North,98.64
39,78.03,6,South,116.6
53,39.7,8,East,125.15
25,46.53,3,South,76.23
17,48.38,3,North,102.41
10,44.02,7,North,104.7
56,25.19,3,South,61.96
25,54.06,4,East,89.97
50,52.14,5,West,109.83
20,84.04,8,North,158.86
58,32.64,3,South,100.61
53,42.28,5,North,86.66
19,88.36,3,South,107.06
30,61.39,7,West,126.97
48,68.02,5,North,122.96
14,65.46,5,North,133.94
2,65.57,5,North,110.87
18,113.12,1,South,125.8
36,56.63,7,East,126.83
9,36.43,2,West,48.18
21,70.49,4,North,137.46
56,43.53,4,East,69.17
5,52.25,4,East,64.6
4,63.31,7,East,122.19
26,39.31,9,South,135.44
1,44.52,7,West,82.84
2,66.05,5,West,108.11
11,43.84,8,North,137.87
7,80.59,6,South,138.89
49,36.8,4,North,74.74
8,36.75,4,West,74.0
32,117.03,4,North,158.09
43,29.6,7,East,102.5
38,54.02,5,North,118.5
40,114.5,2,North,156.86
22,53.98,5,South,118.94
54,93.57,6,South,132.62
5,70.88,9,West,147.26
7,54.44,4,South,91.22
52,51.82,1,East,77.37
5,23.39,6,East,64.63
12,48.06,5,North,123.1
11,59.91,4,West,67.16
2,59.9,4,West,90.95
8,146.4,5,East,188.38
35,61.09,4,South,126.42
40,70.25,4,South,109.44
5,87.01,6,North,166.13
57,67.78,3,South,129.62
6,52.75,3,West,80.27
42,52.85,5,South,112.27
49,47.45,4,North,121.59
32,65.21,3,North,117.28
30,51.0,8,South,142.65
7,70.1,5,North,138.43
15,36.47,7,West,84.34
52,57.9,4,East,118.66
21,101.58,4,West,116.88
3,49.91,9,West,87.68
44,114.11,9,South,175.02
42,58.29,7,West,102.06
4,53.38,5,East,107.76
4,57.21,5,North,117.37
7,48.2,4,West,81.04
4,24.72,3,East,54.06
37,77.64,5,South,141.24
8,131.25,5,North,199.55
37,66.17,4,South,113.11
11,67.8,6,South,122.69
59,50.75,3,East,96.0
44,86.76,2,South,110.52
23,53.75,8,North,130.62
26,60.76,2,West,80.25
4,29.19,3,East,69.52
4,44.18,4,South,89.65
33,63.24,1,South,75.64
2,78.48,4,South,87.16
39,79.36,8,North,160.23
23,29.03,6,East,100.88
9,30.23,3,North,83.79
33,68.97,6,North,150.93
34,40.5,3,North,85.17
45,78.09,4,North,121.93
12,28.44,1,South,54.64
33,52.49,4,South,84.45
51,53.86,9,North,147.23
17,66.17,3,West,105.58
51,36.14,5,North,82.39
44,24.86,6,North,104.35
26,58.47,6,North,115.09
53,67.4,3,South,116.02
59,81.69,5,West,140.06
15,47.3,7,North,115.34
59,74.46,4,East,122.86
1,66.31,4,East,90.34
8,92.66,4,West,114.13
3,53.4,5,North,117.92
23,27.33,7,South,98.82
57,53.14,5,West,117.2
37,56.56,2,North,82.88
37,67.17,4,West,117.29
6,29.57,7,South,85.97
31,48.19,9,South,134.25
23,77.27,9,South,144.81
29,52.37,6,South,90.24
16,48.31,2,North,71.76
13,117.04,4,North,163.95
58,35.59,7,West,106.19
34,89.41,3,South,123.16
25,82.15,4,West,125.25
5,49.9,3,South,84.39
46,53.88,5,South,82.45
29,53.81,3,West,83.5
24,58.72,4,North,129.81
41,43.04,7,West,131.35
8,46.0,4,North,105.91
32,47.37,7,East,105.65
52,47.98,4,North,125.9
28,48.22,3,South,87.63
1,22.28,5,East,61.82
14,56.77,4,West,74.82
4,44.21,4,North,114.62
31,25.87,4,East,65.52
22,47.46,4,South,89.27
8,46.88,3,South,71.51
42,90.93,5,West,133.1
11,44.01,4,South,95.36
21,71.32,3,North,119.74
60,94.93,2,South,139.94
4,42.47,4,South,77.88
15,53.57,8,East,125.83
20,109.01,7,North,190.82
31,59.83,5,North,128.58
15,63.4,4,West,100.29
59,46.39,4,East,114.24
1,71.87,8,East,114.69
57,53.74,2,West,90.44
33,26.24,7,North,137.97
3,47.37,3,East,72.3
7,34.01,7,East,105.08
7,57.11,4,West,76.31
18,37.84,4,South,84.09
20,66.11,2,East,92.73
39,55.58,5,South,125.06
19,33.14,3,South,79.14
44,44.83,4,East,73.61
18,69.98,7,East,137.07
16,86.42,5,West,127.79
17,38.05,4,East,91.72
20,35.2,7,South,121.2
51,119.15,4,East,156.83
15,54.39,4,West,94.63
17,56.63,4,East,71.38
58,40.62,4,North,120.5
40,59.51,8,East,116.69
12,108.42,7,East,153.78
53,60.45,6,North,134.55
11,83.6,8,North,162.61
10,55.23,6,West,86.81
27,36.22,5,East,116.9
42,41.54,7,South,105.79
12,34.91,6,North,116.34
46,59.57,3,South,89.3
10,89.08,5,North,180.45
47,58.23,6,North,132.08
6,48.27,7,North,114.65
28,39.81,3,North,102.76
39,62.94,5,East,118.56
16,33.27,5,East,98.61
37,34.69,4,South,86.85
42,78.26,8,North,157.77
40,48.86,6,North,122.85
24,48.47,4,East,93.0
47,51.03,4,West,90.77
44,72.99,5,North,110.31
20,58.33,3,North,94.08
45,40.56,3,East,88.93
56,41.15,6,East,106.37
50,50.5,8,East,144.11
44,61.61,5,East,130.07
46,53.83,5,West,107.15
49,51.95,7,North,124.28
18,55.62,5,East,116.61
44,53.81,3,South,89.55
12,39.96,5,East,88.59
22,85.01,6,North,129.85
57,45.02,7,West,108.02
17,57.49,6,South,109.79
51,23.95,6,North,105.66
26,50.1,5,West,98.25
13,35.17,5,East,65.76
6,36.91,5,West,82.8
33,143.86,7,North,216.69
28,60.33,9,South,152.56
31,89.16,9,North,151.71
3,76.87,8,West,121.54
17,80.91,5,South,140.96
1,50.42,8,East,92.13
19,103.81,6,West,162.69
56,76.61,4,East,142.61
10,55.51,3,North,107.16
42,60.66,4,North,112.83
1,51.69,2,East,63.05
34,55.75,4,North,119.87
56,53.65,4,East,116.11
21,63.6,4,South,132.47
12,109.51,3,South,143.18
35,33.71,5,East,84.75
17,86.22,4,East,145.66
54,47.12,4,North,132.28
51,90.73,8,West,159.09
40,47.78,7,West,116.98
39,64.4,6,North,149.36
37,51.24,5,East,75.91
45,27.32,7,South,98.28
28,109.46,4,West,144.08
59,37.45,3,West,63.84
21,56.46,1,West,84.14
1,35.84,4,North,86.73
42,31.98,3,West,76.34
40,50.3,4,North,119.08
59,43.06,8,West,117.93
24,34.21,4,South,88.84
26,53.83,4,West,95.08
34,30.18,4,West,62.63
24,57.41,2,North,139.46
48,51.89,2,East,105.72
26,20.24,4,East,87.92
48,44.29,2,South,87.19
26,65.85,4,West,119.46
14,35.68,8,North,117.27
60,67.0,7,West,135.54
32,64.91,4,South,86.86
43,36.34,6,North,127.98
36,54.33,6,East,120.09
22,75.94,2,South,102.44
59,38.45,5,North,112.97
23,50.28,4,South,103.35
60,86.5,5,South,148.05
26,38.74,7,South,115.97
2,65.61,7,South,132.13
3,35.46,4,South,61.2
59,51.19,9,North,147.51
32,65.28,2,West,95.35
24,20.87,2,North,54.95
49,44.09,2,South,88.89
38,64.83,5,East,122.58
40,59.76,6,South,129.27
42,44.3,5,West,105.5
12,35.1,2,West,53.36
6,70.2,4,South,126.02
44,47.99,3,East,81.92
2,67.91,2,West,61.76
44,63.57,2,West,84.31
8,45.65,5,West,76.98
16,83.85,4,North,132.56
43,43.05,4,North,115.97
38,87.9,8,North,166.16
47,92.62,1,West,120.01
37,83.1,4,South,110.25
3,50.79,4,South,87.31
51,151.23,7,North,213.93
13,58.02,5,South,106.09
9,60.12,4,South,90.86
53,54.12,6,North,124.44
12,34.75,4,West,71.33
33,91.65,7,North,176.36
30,43.43,6,West,122.33
47,78.87,5,West,131.21
3,86.82,4,South,123.75
7,69.5,6,West,118.21
25,41.4,4,West,72.49
29,47.64,5,West,99.81
48,18.71,7,South,81.12
37,52.11,8,South,151.03
9,75.27,3,South,110.65
59,49.65,5,South,89.11
28,43.12,7,South,102.5
58,48.47,4,West,81.1
60,88.78,6,East,153.77
4,53.42,4,West,79.22
31,114.8,3,North,165.89
26,43.45,5,South,92.07
30,59.55,3,North,112.35
19,45.91,6,North,129.48
34,125.19,6,North,199.57
30,58.67,4,North,110.55
12,127.9,2,West,142.74
18,46.15,2,South,61.29
9,100.59,6,East,154.81
51,57.24,5,South,109.33
41,76.3,4,East,119.91
24,33.52,6,South,76.52
24,62.76,10,North,158.29
5,35.6,3,East,76.06
18,60.51,7,South,116.16
56,29.74,3,North,99.65
2,52.58,5,South,73.75
9,84.63,3,East,111.09
51,67.97,5,South,119.03
32,33.33,5,East,103.28
2,25.55,6,South,88.79
30,66.6,6,North,152.71
45,102.77,6,North,184.19
21,37.13,5,East,109.96
23,126.34,4,East,150.21
38,54.46,5,East,87.2
36,24.94,8,East,97.76
55,29.24,4,West,81.21
15,74.29,5,East,134.12
17,57.5,4,North,118.72
10,98.78,4,South,129.43
40,33.81,9,South,118.38
33,57.25,6,South,111.86
21,54.75,2,North,117.85
42,51.56,5,West,110.04
23,46.85,7,West,127.07
12,47.22,9,North,152.06
33,58.55,5,North,130.83
27,61.62,6,West,130.68
25,60.4,5,East,116.11
27,88.45,3,East,135.57
55,33.77,3,East,94.07
13,26.45,6,East,107.05
17,82.01,6,North,157.74
34,37.43,5,East,98.3
3,46.91,3,East,77.86
9,42.74,1,West,74.67
34,42.38,3,East,89.47
31,30.47,3,South,78.22
40,43.48,8,North,127.52
7,70.79,7,South,124.6
52,54.51,3,East,94.09
30,66.81,5,North,140.95
10,44.77,3,West,63.38
19,78.35,6,East,136.74
14,44.55,8,West,106.67
28,23.49,3,West,62.61
29,61.97,2,West,88.64
27,74.21,6,South,129.55
28,43.65,7,North,126.48
55,88.21,6,North,149.1
58,38.85,1,East,65.6
30,71.4,6,East,145.24
58,109.72,8,East,184.79
50,55.41,11,West,138.73
50,49.87,10,East,146.2
14,52.34,5,West,96.94
27,104.72,5,South,161.04
22,64.14,3,North,117.42
6,128.73,7,South,174.71
5,61.05,7,North,125.56
38,42.03,5,East,102.95
26,43.23,3,South,87.87
50,55.96,3,South,95.32
41,24.13,4,North,79.79
6,45.15,6,South,90.88
51,45.55,5,East,112.63
30,60.09,4,South,113.19
34,118.72,3,North,173.02
58,55.81,12,West,153.4
39,25.3,3,East,57.89
2,37.88,6,East,93.9
11,60.64,5,North,119.07
26,56.67,6,East,111.51
3,104.56,3,South,112.71
11,80.16,7,East,122.89
48,79.21,5,East,159.12
9,50.06,3,South,98.81
11,84.75,5,North,142.34
31,38.15,5,East,109.07
6,80.42,6,North,136.59
16,48.77,4,South,79.17
57,30.59,4,East,80.78
38,69.22,4,North,120.76
58,95.49,11,North,191.48
22,46.4,7,North,120.71
37,102.01,4,South,142.82
15,28.15,5,South,84.82
23,33.83,5,South,73.66
11,51.49,3,East,54.27
50,47.07,2,East,98.91
12,41.81,4,North,89.38
13,57.6,8,North,135.3
28,44.19,4,South,71.41
26,47.3,2,South,77.03
19,61.03,5,South,125.42
22,41.8,4,South,88.48
18,52.33,8,East,117.14
55,42.17,4,North,112.09
35,33.71,6,West,107.73
56,74.1,5,West,111.79
60,108.11,3,East,160.37
40,83.58,5,North,131.28
50,62.35,3,West,121.33
7,42.24,7,South,95.38
57,48.68,5,East,104.13
29,83.33,5,North,145.54
43,21.92,2,East,65.66
15,47.21,6,South,106.45
6,73.23,9,East,137.87
54,34.63,7,North,137.37
27,64.67,3,North,134.02
9,63.48,5,East,103.75
40,30.52,2,South,58.87
4,56.53,4,North,104.42
28,42.65,3,West,84.58
43,64.49,10,North,157.32
44,71.37,4,North,131.02
28,64.04,5,East,128.6
23,56.21,4,North,131.37
51,61.29,5,South,104.75
12,34.11,3,West,38.49
5,53.93,7,South,99.73
10,39.7,5,West,56.8
49,82.48,8,West,134.14
29,71.76,5,South,92.17
3,71.68,5,East,128.93
11,108.35,5,South,123.22
2,47.85,5,South,109.73
49,43.83,5,North,91.47
28,47.4,3,North,115.71
5,28.76,4,South,58.56
14,29.68,6,North,108.97
37,70.0,5,North,146.24
36,31.25,7,South,85.82
50,35.52,7,North,138.06
2,52.42,6,North,92.6
5,46.3,6,North,102.43
3,77.81,6,North,155.42
24,55.93,7,West,120.7
44,39.67,4,East,91.07
40,80.53,2,North,128.38
13,73.08,6,North,139.68
40,31.05,1,South,75.8
40,60.4,6,South,126.25
12,41.02,5,North,96.58
45,40.59,6,West,103.59
26,115.33,10,South,167.84
4,57.38,3,North,104.05
24,50.05,5,North,113.12
47,56.49,5,North,121.3
42,77.45,3,North,137.61
17,41.24,10,East,135.47
46,44.15,3,East,77.75
24,71.0,1,West,95.01
28,29.77,4,South,62.99
6,81.15,2,North,118.95
60,28.73,5,South,67.31
51,49.49,3,North,93.68
12,28.8,3,North,88.17
34,35.78,6,West,89.53
47,91.75,5,West,137.53
31,82.91,4,South,118.13
13,86.53,3,South,124.26
59,30.58,3,East,63.09
17,35.86,8,South,100.79
21,62.55,5,North,124.26
23,72.68,7,East,143.33
54,39.65,6,West,95.37
31,43.31,6,West,98.82
44,34.73,4,North,85.7
55,105.99,9,North,172.46
56,45.15,6,North,119.42
52,55.29,4,North,116.83
55,56.46,4,North,107.87
57,84.97,2,East,97.22
60,37.3,6,West,111.83
39,87.12,4,South,134.89
8,32.74,3,West,66.65
7,87.03,6,West,123.81
48,27.49,8,South,78.64
19,52.36,7,North,113.79
49,104.6,5,North,172.31
57,72.16,4,East,136.43
39,64.62,5,South,113.3
46,35.9,6,South,106.34
17,40.69,4,East,59.01
27,93.48,5,East,128.63
58,65.95,4,North,129.09
50,77.95,2,East,120.2
13,56.23,3,West,76.51
57,48.78,7,North,146.37
30,74.19,2,North,104.31
51,60.57,3,North,116.64
32,51.01,8,North,135.36
37,31.01,4,West,69.93
10,79.96,6,East,137.69
21,65.11,7,North,139.23
44,42.84,6,West,66.46
51,87.51,6,North,158.36
6,60.19,4,North,115.06
5,60.66,5,North,95.62
42,77.75,8,North,171.04
27,71.34,4,West,110.73
51,61.4,6,South,102.87
5,50.63,6,East,102.58
21,120.72,5,East,154.03
3,40.71,5,East,86.07
43,73.58,3,South,122.54
52,52.8,6,North,159.16
10,65.49,6,East,123.04
20,89.42,4,East,123.39
51,48.2,9,West,96.38
3,69.46,7,North,138.31
58,60.72,3,East,99.34
54,42.24,5,South,61.66
10,90.31,8,North,154.11
9,72.56,4,North,106.11
42,45.89,9,South,148.92
1,84.9,4,North,112.73
31,39.15,6,East,101.19
4,53.97,5,South,90.44
32,45.98,8,South,120.33
22,73.74,2,North,133.98
43,45.07,4,South,97.71
53,73.95,5,East,123.6
30,69.25,3,West,95.86
39,46.99,1,South,67.77
37,113.51,8,South,204.98
60,40.52,5,East,99.62
14,31.07,6,South,87.81
15,76.89,5,South,120.89
23,23.11,4,North,64.75
45,99.16,1,East,148.92
52,56.87,4,East,96.27
17,30.85,7,East,96.45
7,37.36,8,South,100.06
37,28.4,6,North,89.15
36,63.63,9,South,136.45
23,32.11,6,South,96.39
12,66.74,3,North,135.92
51,48.33,4,East,83.81
51,45.14,4,West,97.88
45,66.94,5,West,127.67
35,70.06,3,West,91.12
16,86.34,3,South,122.07
25,42.37,4,North,120.29
5,53.95,3,West,92.17
15,42.35,2,North,73.25
28,58.28,4,North,122.44
27,39.99,2,West,96.9
5,46.08,2,East,60.64
58,46.17,2,West,90.78
17,61.4,4,East,124.1
31,54.66,5,West,125.53
28,66.85,2,South,86.78
29,52.31,8,East,125.77
51,43.3,5,North,122.93
45,58.94,6,North,139.89
53,37.83,10,West,94.11
23,68.56,5,East,145.82
16,48.71,4,North,96.78
26,59.25,3,East,92.56
34,59.62,3,South,116.64
21,103.61,4,West,134.34
28,63.6,2,East,125.56
10,56.22,5,North,111.45
36,41.39,7,West,103.46
43,75.26,8,West,136.33
32,49.0,2,East,75.13
53,29.66,2,West,71.48
60,50.5,8,North,149.01
55,58.94,3,East,114.26
6,39.35,6,West,88.71
53,52.08,5,East,125.95
21,53.06,8,North,131.85
28,53.39,3,South,109.04
25,89.47,3,East,141.72
18,32.31,4,West,71.16
53,123.16,6,West,164.15
39,53.89,5,West,99.33
59,68.86,3,West,89.24
58,57.46,4,South,113.52
26,27.37,5,East,92.22
44,35.78,2,West,68.26
31,44.27,3,East,95.7
30,81.25,7,South,163.12
45,31.38,10,South,119.53
42,38.77,2,North,103.86
55,58.32,4,North,132.16
47,65.97,4,North,120.34
38,65.18,3,West,114.42
56,36.83,3,North,99.78
7,28.81,4,North,85.86
46,67.74,3,West,100.69
24,96.86,4,East,126.48
26,47.55,5,East,80.89
47,34.54,4,North,83.38
17,45.97,5,East,104.59
54,63.92,5,South,109.11
30,49.74,3,North,95.09
21,95.86,3,South,131.72
20,79.04,6,East,130.14
26,58.78,5,East,129.65
57,24.98,4,North,104.84
7,41.39,6,South,101.92
31,43.85,4,West,94.63
51,40.5,6,West,84.87
29,58.93,7,East,131.34
34,59.42,6,East,125.16
21,27.95,5,North,102.51
9,75.33,6,West,114.99
39,54.95,8,West,126.57
56,63.0,7,West,122.05
32,73.55,3,East,132.51
26,40.17,2,West,59.13
8,90.34,4,West,118.05
57,51.59,5,East,112.25
53,99.98,5,East,144.66
55,38.18,5,East,90.25
22,97.06,7,South,147.98
38,38.03,5,North,116.54
26,151.34,5,South,183.68
15,37.31,2,East,59.4
13,83.32,4,East,110.21
24,47.23,9,South,125.7
34,72.68,5,West,104.17
8,53.72,8,North,122.25
43,35.29,4,East,94.62
28,17.84,3,West,67.63
53,148.86,4,West,205.28
17,56.22,9,North,139.77
4,16.82,6,West,67.56
19,61.62,2,West,91.24
59,71.94,6,North,139.99
20,41.02,8,East,107.31
43,41.13,9,South,123.77
51,54.17,10,East,150.12
18,88.33,4,West,119.38
39,56.83,4,West,97.72
13,98.03,7,South,167.64
22,85.84,2,North,152.05
18,49.82,7,North,121.77
41,29.13,5,South,89.0
53,49.87,6,South,120.23
16,67.4,3,West,95.9
18,55.92,3,South,86.11
50,70.37,6,North,146.45
28,77.12,4,South,132.03
31,67.51,11,South,160.02
43,48.9,7,East,120.88
9,67.22,2,North,89.5
53,133.51,4,South,176.83
22,30.09,8,South,97.19
40,66.35,4,North,132.36
26,113.61,4,South,147.86
46,34.13,3,West,67.88
37,81.49,4,South,148.57
11,85.96,6,West,130.38
12,30.24,5,East,51.39
53,72.6,3,North,143.21
32,48.98,4,South,80.92
17,53.29,3,North,94.59
9,47.94,3,North,92.35
8,92.3,7,South,154.31
56,52.2,4,East,108.48
59,45.36,4,North,89.15
24,45.67,10,South,135.93
13,47.64,3,South,75.83
26,35.45,8,East,111.06
9,45.2,2,North,78.44
33,57.23,3,East,92.19
38,64.18,4,West,94.57
60,88.38,5,North,162.88
20,60.12,7,West,107.36
12,45.16,6,South,81.14
9,36.44,5,West,66.3
23,61.42,3,West,95.26
37,52.09,4,North,120.88
4,52.79,7,West,101.5
46,60.64,11,East,152.62
28,67.21,4,West,98.42
48,60.82,8,West,114.24
28,51.0,6,South,122.27
10,39.62,4,North,99.24
2,42.73,2,South,68.38
34,76.65,6,North,152.19
33,46.09,5,North,120.06
49,31.87,5,South,88.87
53,86.82,7,West,135.21
10,37.45,4,East,102.01
19,55.37,3,East,80.63
13,66.45,4,North,103.19
7,54.67,7,South,112.61
1,20.26,2,South,44.94
5,63.83,4,South,119.48
32,92.81,4,East,145.26
10,74.78,4,South,110.59
12,23.35,5,East,87.79
8,127.86,2,South,173.05
44,32.13,4,East,94.32
39,35.47,3,West,58.44
58,74.65,2,South,133.92
7,65.44,8,West,118.91
13,56.38,3,North,106.41
28,43.48,4,North,81.12
39,92.98,3,East,126.97
8,53.75,3,West,66.45
13,29.19,4,West,59.99
26,89.38,4,East,148.77
2,59.6,5,West,68.15
24,85.29,4,South,104.22
46,68.65,5,East,144.14
32,142.12,5,East,197.95
27,48.23,4,South,94.96
30,54.95,3,North,118.95
57,72.82,8,East,144.19
32,48.35,3,West,72.92
33,75.27,5,South,111.31
56,16.79,6,North,95.78
10,53.03,6,South,102.43
6,52.39,6,South,87.66
27,51.64,7,East,132.12
20,38.45,7,East,116.71
13,78.45,5,South,101.99
8,44.62,10,South,130.07
53,59.15,2,West,87.14
37,53.79,3,South,88.88
42,66.7,8,North,159.14
8,96.77,8,West,141.36
21,59.03,5,North,101.45
38,76.44,3,West,104.09
32,57.86,3,East,94.33
42,44.59,6,North,116.26
41,51.59,5,East,115.37
25,48.74,2,South,74.26
47,68.53,3,North,139.01
16,56.98,5,South,104.92
5,39.74,5,South,85.88
55,49.96,5,West,92.39
2,29.66,9,East,113.33
18,50.71,5,South,110.04
7,54.63,5,East,83.63
14,112.55,2,South,131.03
24,93.63,2,West,148.77
8,36.1,1,West,70.29
29,59.19,4,South,108.37
56,59.6,4,North,135.75
9,49.79,3,North,90.29
56,51.08,5,South,117.4
25,47.39,5,South,87.4
36,115.48,6,East,155.84
27,46.23,4,West,115.84
19,62.58,3,North,121.43
7,19.85,7,West,61.88
36,75.9,5,North,151.06
55,87.68,4,North,152.54
32,35.84,5,East,76.12
36,44.49,7,South,114.98
39,65.41,4,East,126.14
24,55.02,3,West,112.78
8,65.8,7,South,112.47
31,48.67,5,South,79.76
53,115.04,3,South,140.23
19,41.77,3,South,71.18
53,160.23,3,East,190.5
52,89.73,7,East,157.42
15,76.16,3,West,106.29
35,36.01,4,North,124.14
45,78.56,5,South,105.55
30,69.52,3,West,77.64
42,23.39,4,West,63.92
55,31.13,6,South,77.29
38,62.99,5,South,109.92
51,51.76,2,West,60.24
49,44.41,1,West,88.82
49,84.06,5,East,160.66
52,38.34,5,North,108.12
14,45.51,4,West,103.47
2,42.15,7,South,122.06
10,66.96,3,North,109.47
15,27.45,6,East,93.94
42,44.74,4,North,91.39
31,27.41,6,West,77.15
29,48.18,3,East,111.99
1,72.91,8,North,147.15
42,73.43,4,East,124.03
22,40.81,5,West,93.87
46,67.58,9,North,169.88
7,50.7,6,North,126.8
18,94.11,5,North,151.16
4,51.83,4,West,74.41
18,16.62,5,South,71.29
56,78.09,6,East,128.9
30,45.44,4,South,89.38
27,48.93,8,South,131.05
17,62.45,4,West,103.92
16,30.88,6,North,117.7
41,56.25,3,North,107.6
60,67.61,4,East,138.49
45,63.16,6,East,120.55
45,42.97,4,East,89.13
29,81.19,7,East,131.68
6,36.63,6,North,69.45
44,42.51,5,South,104.83
49,51.71,2,West,83.4
31,61.45,2,North,117.88
6,47.95,5,North,101.89
43,89.25,8,East,159.66
56,61.44,6,East,129.14
14,56.28,7,East,133.84
10,60.59,2,East,98.48
45,73.2,6,West,146.24
20,60.12,9,East,146.0
43,26.47,6,North,96.66
43,84.42,2,West,141.08
16,57.28,4,South,115.32
3,71.8,5,East,114.55
34,46.41,4,North,117.57
25,26.29,2,East,76.63
52,21.94,9,West,84.66
22,37.42,6,North,113.0
15,67.15,6,West,114.78
52,91.76,4,North,164.54
45,61.61,3,South,100.0
38,35.84,4,South,90.72
58,39.9,6,East,127.62
47,94.1,4,East,145.66
52,32.32,6,South,103.38
48,126.56,7,West,189.19
25,115.63,3,West,145.07
4,128.24,4,East,159.13
37,63.58,4,West,103.64
46,47.63,2,East,74.11
60,62.96,4,East,112.83
41,78.53,8,South,137.29
35,42.08,5,East,105.57
35,35.15,4,South,99.02
7,48.74,3,North,116.41
1,40.09,2,North,68.61
3,89.69,3,West,108.73
55,42.67,2,North,88.54
48,56.73,5,North,111.83
16,80.9,8,South,144.91
26,91.1,3,East,109.22
30,59.35,5,East,126.78
15,63.67,6,West,104.27
26,36.35,5,North,101.23
21,82.21,2,South,92.31
42,90.51,8,North,160.83
46,25.84,6,South,96.69
6,110.52,3,North,150.94
28,41.25,5,East,97.84
60,69.26,5,West,118.16
53,56.32,6,North,120.25
48,53.3,4,North,92.15
45,50.27,4,East,113.74
1,36.71,5,West,79.48
59,67.32,2,South,98.62
45,48.7,5,South,118.14
54,32.34,3,West,56.41
55,36.09,6,South,108.12
16,32.56,7,West,80.4
1,44.26,5,South,74.95
40,66.29,7,North,131.8
28,41.08,6,East,119.1
2,80.65,4,West,114.95
17,52.06,6,North,118.17
60,48.63,6,South,105.43
22,54.97,4,North,132.0
16,95.4,1,North,131.1
40,31.55,7,North,111.76
40,105.91,5,North,146.16
20,80.16,5,West,138.16
51,54.13,10,North,139.76
35,87.64,2,East,130.22
10,47.99,4,South,69.92
20,61.21,5,West,111.35
51,43.97,4,North,102.36
6,80.37,3,North,110.46
1,41.14,5,North,68.76
40,53.49,10,North,147.36
27,71.64,7,South,113.67
16,83.04,5,East,134.38
29,39.31,5,North,113.77
12,73.79,1,East,99.79
23,36.86,2,West,60.77
15,23.1,5,East,66.27
36,40.48,6,South,109.79
41,76.24,4,North,164.11
55,54.33,5,North,118.77
5,44.08,4,South,85.42
20,55.82,3,East,94.3
16,55.09,6,South,107.11
35,70.02,7,South,126.22
32,28.65,6,East,102.34
53,52.41,3,North,85.89
56,57.38,8,North,112.65
47,31.62,7,South,96.69
12,31.45,3,East,83.69
3,47.19,3,East,86.32
54,54.78,4,West,104.99
57,54.86,2,East,118.53
16,43.7,2,South,91.64
3,42.99,2,North,75.13
41,46.62,3,East,88.61
36,61.52,4,South,87.43
54,89.82,4,East,139.31
35,22.46,7,South,111.71
46,70.05,1,West,106.95
48,52.22,6,East,132.77
1,67.38,6,North,122.92
9,87.73,7,West,127.92
47,40.36,6,South,106.4
11,79.66,9,North,169.3
13,33.06,5,East,83.36
46,57.46,3,North,122.53
13,49.55,7,East,105.46
9,55.62,2,East,85.28
1,36.76,5,East,72.16
29,65.02,5,West,114.09
39,102.98,9,North,194.07
44,37.01,8,North,125.44
55,58.9,3,East,95.66
40,76.89,5,West,106.57
46,48.49,5,East,130.93
13,94.08,4,North,152.64
21,45.98,5,North,110.87
19,52.12,3,West,97.17
4,36.7,9,West,95.73
59,57.43,3,South,115.79
15,54.66,6,South,99.54
27,70.41,6,South,115.57
22,42.33,5,North,96.4
3,41.56,5,North,90.68
55,65.69,8,West,106.87
14,95.48,4,North,144.5
7,70.22,3,East,91.96
21,114.32,2,West,131.48
9,68.18,3,West,97.88
60,67.2,3,West,109.27
12,71.64,3,North,97.12
19,99.01,7,West,163.26
17,89.57,3,North,128.59
2,35.38,4,North,56.7
1,75.21,4,East,81.13
31,60.71,5,South,125.87
14,50.52,4,West,90.03
6,26.87,10,West,106.51
18,29.49,4,North,115.92
17,47.19,8,South,109.53
26,30.39,5,West,97.2
60,47.58,6,West,94.21
19,72.66,8,East,136.57
43,43.28,3,East,101.56
47,56.45,4,East,92.74
4,35.59,8,East,77.29
31,61.53,4,West,87.77
27,66.9,3,North,111.04
31,30.9,1,South,49.55
11,40.42,7,West,83.47
28,32.89,5,East,105.11
8,66.93,2,West,88.38
57,58.3,9,South,130.65
36,53.52,5,East,118.27
3,51.87,6,East,120.0
31,62.12,3,East,113.79
56,62.62,4,North,136.14
45,44.78,3,West,79.26
17,42.34,8,South,118.32
54,53.32,10,South,147.98
12,50.61,2,South,50.97
15,124.5,5,West,188.08
10,46.83,4,West,73.56
56,61.31,8,South,125.56
44,65.78,7,North,144.31
32,95.6,4,West,156.55
41,39.47,5,North,88.22
16,93.3,2,North,142.45
5,51.47,4,East,85.64
51,148.49,4,North,209.43
58,63.12,9,West,127.31
3,33.4,3,North,73.78
4,50.46,2,North,77.35
34,93.18,6,East,155.71
3,56.41,9,South,108.18
44,53.31,3,East,101.26
57,72.79,8,North,162.79
17,47.56,7,East,139.23
18,50.18,4,North,110.79
52,37.42,2,South,68.65
22,109.02,4,East,146.42
15,33.48,4,South,65.71
6,58.43,3,South,79.03
51,66.15,1,North,101.14
56,54.3,13,South,170.81
5,33.06,6,East,84.86
49,36.62,7,North,115.76
10,67.29,2,West,87.53
9,39.97,8,North,129.08
23,23.84,4,North,78.12
27,63.74,3,South,102.93
52,38.51,6,West,116.0
42,70.28,4,West,96.87
9,50.37,3,East,75.59
36,49.41,4,East,110.5
53,55.75,6,North,124.18
40,34.63,2,West,61.72
14,39.24,4,East,88.23
8,49.21,3,South,67.79
28,34.55,2,East,84.16
29,72.64,4,North,160.05
22,48.28,10,North,129.1
7,30.58,8,East,83.3
8,43.66,5,West,104.19
32,56.85,3,North,105.44
57,45.68,4,North,107.12
36,64.07,5,North,114.18
27,68.69,3,South,127.2
56,142.69,4,West,185.63
42,86.51,9,East,169.03
44,28.37,8,South,102.42
35,47.27,4,North,103.78
46,49.07,3,East,93.81
31,68.72,2,South,110.01
38,37.58,5,North,95.19
37,44.15,3,North,120.53
46,33.19,7,West,114.04
54,42.91,3,South,95.91
18,43.55,7,West,106.13
42,48.17,9,North,152.41
2,33.97,8,North,127.26
32,80.87,6,East,135.28
54,65.95,6,East,141.4
39,30.58,3,East,62.67
17,55.17,2,North,103.44
37,29.19,4,North,97.86
22,93.4,3,South,137.54
26,104.13,8,East,160.96
14,53.39,6,North,116.96
38,38.82,4,South,93.35
12,41.86,2,West,69.65
27,45.54,9,South,124.28
57,52.31,2,North,106.97
46,94.46,7,West,152.36
25,80.02,3,North,125.58
59,80.51,5,South,129.62
1,58.45,1,West,47.75
58,34.42,4,North,96.25
22,40.12,6,South,95.03
50,55.94,6,East,109.8
57,33.77,4,North,97.43
37,61.66,7,East,126.83
37,75.34,9,South,163.99
45,67.91,3,North,137.59
15,66.82,4,East,83.18
11,25.88,5,North,83.44
21,93.07,5,North,154.2
29,29.17,8,West,99.38
45,51.36,5,South,103.5
16,69.92,7,East,125.07
34,63.02,5,West,121.06
1,32.75,6,North,97.69
2,35.19,2,West,66.26
59,61.24,7,East,124.34
52,66.98,3,South,91.44
52,35.06,4,West,92.71
20,63.88,5,North,131.44
31,29.78,3,South,66.37
41,70.09,5,North,129.76
16,38.34,7,West,77.08
45,56.39,5,West,102.42
42,52.72,5,East,107.61
25,86.86,3,South,103.24
27,60.15,4,West,84.82
19,42.96,6,East,102.13
49,63.04,3,West,106.91
60,128.63,4,South,146.38
60,73.41,4,North,126.53
47,53.32,6,West,113.79
21,39.12,5,North,127.53
47,42.67,3,East,90.48
15,71.66,4,East,111.48
54,38.31,8,North,134.93
17,54.66,2,North,95.42
25,97.03,6,South,133.54
6,57.98,3,West,76.27
5,35.46,4,South,79.7
24,130.47,6,South,194.08
34,110.5,4,North,157.62
2,66.72,5,South,74.73
51,90.95,3,East,130.85
7,49.07,4,North,102.89
60,72.95,5,West,132.06
17,46.09,4,South,109.99
23,31.75,6,North,128.32
10,153.97,5,North,202.01
50,31.11,7,North,118.27
44,61.5,4,East,97.88
5,61.21,6,West,113.9
7,67.11,5,West,116.64
37,52.67,2,South,66.09
52,52.89,6,East,122.56
7,57.71,6,West,102.18
14,66.15,5,South,127.47
33,54.56,9,North,150.25
7,53.13,4,West,85.07
19,32.19,7,South,102.67
1,122.18,6,North,166.11
30,67.65,7,North,134.31
43,59.36,3,West,92.79
25,42.53,6,East,102.49
16,36.55,4,North,94.86
26,77.01,6,East,174.22
31,51.22,6,East,123.71
10,70.0,4,West,90.71
7,31.79,5,North,81.64
11,101.37,4,South,150.31
60,78.3,4,North,137.96
44,52.86,3,South,106.51
8,65.83,8,North,124.78
19,73.44,9,North,157.04
25,31.98,4,South,78.4
11,106.82,9,East,185.26
52,66.24,6,East,132.54
57,41.2,3,South,89.48
15,35.21,5,South,91.91
1,81.03,7,North,139.76
17,59.41,3,North,117.42
35,66.22,5,East,122.9
49,55.18,6,West,127.48
21,36.56,4,East,80.66
17,66.92,7,West,112.87
15,50.45,9,East,122.68
1,54.13,9,South,101.38
1,141.29,2,West,129.59
26,77.29,6,North,147.62
38,79.1,4,West,139.35
1,162.1,10,East,225.78
13,63.68,3,East,103.2
55,57.28,5,North,121.91
60,41.61,2,West,89.91
39,45.56,5,North,99.93
32,24.07,7,West,73.75
35,74.9,6,East,137.1
23,32.89,5,West,88.23
13,78.34,3,East,102.16
23,53.67,5,North,115.82
42,57.47,6,North,131.97
40,53.68,2,South,108.11
41,95.05,5,East,129.68
37,88.57,3,West,128.85
4,53.97,3,West,85.63
38,38.11,9,East,145.46
53,79.01,4,North,123.38
39,36.97,7,North,106.04
35,29.31,3,South,64.54
14,66.64,3,North,97.55
48,88.89,4,East,151.96
28,46.43,7,West,112.93
16,64.19,4,South,105.65
30,46.23,2,South,88.45
8,72.88,3,East,119.12
56,84.61,8,East,128.25
43,49.15,4,West,97.7
20,36.2,6,North,113.78
48,30.48,3,South,81.92
4,79.07,5,South,95.76
24,34.65,4,South,82.9
40,63.36,7,North,131.38
2,74.51,4,East,123.11
43,44.68,5,North,115.96
50,51.09,7,East,119.98
36,81.42,6,South,142.48
13,39.52,10,North,116.41
45,37.94,4,North,118.44
21,49.71,3,North,120.67
45,91.03,12,North,182.03
38,103.99,6,West,168.19
6,52.48,4,North,121.33
6,41.06,5,North,87.75
1,83.57,9,South,128.99
5,28.0,2,South,40.24
18,60.28,7,West,125.0
2,53.65,7,East,128.58
57,91.61,7,North,162.05
55,95.39,8,East,174.43
11,37.45,7,South,101.62
19,58.39,5,South,100.88
45,43.46,4,South,85.75
40,48.55,3,West,85.95
35,69.89,8,East,146.97
60,47.75,6,North,113.92
38,59.0,3,North,111.64
41,80.07,5,North,150.34
31,100.09,4,East,149.89
32,61.28,7,South,153.29
18,57.23,4,West,84.74
32,35.06,7,North,137.8
56,102.96,6,West,158.79
23,66.57,6,North,138.14
8,57.66,3,North,133.62
36,56.49,4,North,122.93
48,63.07,4,West,90.72
58,74.34,4,West,117.92
33,78.12,6,South,150.9
48,103.99,5,North,174.24
16,60.16,3,South,103.33
26,110.13,7,South,166.98
26,83.35,3,South,121.59
20,53.3,7,South,106.62
43,28.02,6,East,86.01
54,56.5,6,East,126.61
20,101.84,8,South,175.84
9,40.04,2,North,72.73
50,56.43,6,North,125.63
51,58.33,3,South,117.84
57,79.59,5,West,114.14
16,46.75,8,North,119.28
44,38.56,3,West,56.77
43,68.58,3,West,97.43
48,40.55,4,South,88.93
49,26.2,5,East,98.48
58,113.99,3,South,147.9
29,79.11,5,North,153.89
5,115.97,6,East,146.09
12,77.45,6,South,112.82
54,71.68,3,East,98.88
51,63.3,5,South,124.3
1,50.68,6,East,90.88
23,67.01,5,South,144.87
15,43.76,5,North,131.02
20,35.6,7,East,113.18
39,47.8,5,East,86.55
31,91.52,4,North,149.25
29,33.35,6,South,97.04
27,33.56,4,North,100.41
39,69.17,6,South,101.57
41,46.25,5,North,103.79
3,66.3,7,South,100.66
9,81.12,6,North,139.06
21,65.67,4,South,114.11
27,42.4,2,West,79.46
60,91.21,9,East,161.58
54,73.47,6,North,148.58
39,55.19,4,South,104.68
3,54.13,4,West,73.29
7,63.41,2,West,86.4
28,48.19,9,North,155.67
36,28.43,5,South,73.75
40,73.7,5,South,116.56
9,71.97,4,East,110.17
54,21.75,3,South,79.18
30,66.97,2,North,110.96
36,110.23,5,West,172.66
3,34.78,5,North,105.09
50,53.02,6,South,93.13
33,50.76,4,South,102.47
14,106.08,4,North,155.92
20,85.49,7,South,135.28
22,38.42,2,South,72.88
2,62.61,4,South,98.88
57,137.15,7,South,191.15
49,42.53,6,West,112.61
54,54.36,8,South,114.44
22,67.05,6,South,124.38
34,42.78,6,West,98.64
28,110.53,5,East,151.99
29,45.19,5,South,81.63
36,31.32,5,South,91.62
28,44.26,7,South,103.44
47,70.9,4,East,103.8
4,39.68,4,North,87.45
12,61.61,3,West,82.52
54,68.38,5,South,120.92
53,33.66,4,North,110.57
50,43.58,1,North,86.06
23,62.78,3,East,123.92
28,72.31,3,East,121.37
2,44.01,6,East,95.82
17,58.02,3,East,75.0
44,48.74,5,North,112.2
21,73.05,10,South,158.75
29,67.21,3,West,102.62
8,47.02,6,West,76.45
30,66.11,8,South,129.43
44,46.29,2,East,102.89
35,65.56,7,South,131.38
34,65.93,7,West,132.17
55,140.95,7,West,205.07
15,47.73,10,East,133.86
18,51.6,4,South,98.47
38,42.14,6,South,96.07
29,36.12,2,North,101.66
59,45.49,6,North,114.47
4,71.24,2,South,97.96
8,73.33,6,North,144.99
21,61.45,4,South,114.36
28,48.51,3,North,109.52
54,44.82,5,North,100.41
30,37.84,5,West,106.08
27,43.7,8,South,124.12
11,32.52,3,East,57.11
27,93.99,7,East,157.52
32,113.85,2,South,143.77
36,25.17,5,North,106.92
37,61.3,4,North,101.88
26,60.89,8,South,133.75
10,59.35,5,South,103.17
10,43.07,5,North,91.12
10,82.19,6,West,131.48
38,64.34,4,West,106.31
52,82.57,3,North,143.92
53,40.65,6,South,92.15
19,31.4,7,North,115.97
5,64.97,4,North,118.72
38,37.14,5,West,80.39
3,83.25,9,North,149.89
38,23.32,6,South,72.91
23,45.27,4,East,86.72
51,42.68,3,North,93.77
38,47.8,5,East,107.33
45,60.61,7,East,137.33
25,63.98,4,West,110.18
51,70.52,2,South,115.19
32,73.85,3,East,112.45
38,50.98,8,East,112.74
22,126.91,3,East,151.71
27,95.09,8,East,180.95
51,48.19,6,East,89.18
24,51.69,2,North,115.13
2,47.79,7,North,96.48
23,63.14,9,North,156.97
24,37.01,7,West,115.83
26,39.81,5,North,111.82
5,22.94,5,North,82.26
8,46.55,5,South,78.0
20,83.59,4,North,144.02
26,51.38,5,North,127.93
2,52.54,5,East,118.39
24,61.02,5,South,112.66
20,36.57,5,South,121.85
3,55.15,6,North,99.75
16,77.96,11,East,168.87
17,61.72,4,East,104.13
9,80.74,4,South,111.68
46,90.53,4,West,114.75
5,71.17,3,North,121.54
35,41.04,8,South,129.67
40,47.58,2,South,88.4
49,118.23,7,West,181.41
33,61.91,5,South,104.31
33,58.7,7,East,116.0
46,38.71,3,South,91.77
52,52.64,4,North,119.18
13,72.72,7,South,144.34
48,54.92,5,South,114.48
28,44.36,6,West,77.05
6,48.67,1,South,59.99
37,87.95,10,North,197.1
59,71.32,2,East,101.93
9,67.6,4,South,103.03
1,65.13,7,East,105.38
55,34.01,5,West,97.47
36,60.88,5,East,117.87
14,83.7,4,South,122.64
48,49.19,3,East,98.93
24,80.72,5,East,141.31
20,67.9,4,North,115.54
18,76.03,5,West,130.82
36,55.72,6,West,116.5
9,77.84,2,West,99.24
22,30.39,4,North,101.54
19,55.33,7,South,118.32
4,72.62,6,West,116.19
46,61.47,5,East,114.26
1,84.63,4,North,142.22
58,51.27,6,North,97.63
6,43.86,7,South,101.49
22,28.34,8,North,111.88
6,48.95,10,North,159.61
23,67.14,6,East,130.98
37,74.03,4,East,134.35
6,31.2,4,East,52.48
32,87.37,3,South,114.98
47,36.97,6,West,94.08
28,52.02,10,West,141.58
7,43.49,3,East,75.03
42,64.52,4,North,142.05
12,56.69,4,East,101.52
2,71.61,5,North,149.27
27,114.15,7,North,183.97
17,64.02,1,East,108.14
2,43.35,1,East,67.89
47,65.66,8,North,154.18
36,118.87,3,South,148.43
55,70.99,5,South,127.98
29,79.7,3,West,104.03
27,28.86,3,North,88.3
51,63.74,3,East,94.42
5,49.05,6,North,120.42
22,41.59,3,North,94.5
48,54.11,6,North,140.73
18,57.02,9,South,140.22
54,42.53,3,North,113.41
18,58.87,6,North,121.38
25,50.94,3,West,106.47
54,72.31,3,East,125.87
15,59.8,6,North,112.77
59,63.46,5,East,120.08
3,80.78,6,West,118.82
16,68.17,5,South,117.4
36,54.47,4,East,133.12
36,23.69,3,South,59.14
55,67.05,4,North,128.06
58,37.91,5,West,84.79
41,52.75,3,North,106.98
40,63.33,3,West,122.07
20,93.06,7,West,149.0
49,114.08,8,North,205.18
39,37.77,10,East,137.12
2,32.25,5,West,70.6
50,62.2,4,South,122.07
22,60.16,4,East,119.43
29,33.76,5,East,97.72
30,54.24,7,North,131.83
50,69.34,2,North,121.27
17,33.38,4,East,89.9
24,36.68,4,South,79.84
3,42.2,7,West,89.43
21,50.15,6,North,118.95
6,72.07,6,South,112.78
35,47.91,7,North,131.62
54,55.82,6,North,146.73
28,134.08,5,East,188.66
55,37.24,4,East,103.23
59,42.05,4,East,106.86
4,71.61,3,East,118.5
31,81.06,5,West,121.25
32,64.45,7,East,131.62
24,112.57,5,North,184.37
50,61.99,7,East,141.69
24,24.77,6,North,112.62
4,56.76,5,East,100.25
33,43.45,6,North,145.83
13,94.97,4,North,155.94
22,80.31,3,South,128.43
31,28.91,5,East,75.95
44,93.7,3,West,119.65
17,79.5,5,North,121.24
23,47.95,3,East,86.22
5,52.91,5,East,109.49
24,95.28,7,East,151.85
35,24.81,2,South,67.79
38,65.25,9,North,149.72
18,84.55,4,East,134.14
4,52.69,4,East,82.48
35,70.75,5,South,128.08
40,56.9,4,East,98.53
6,39.9,6,East,86.36
31,39.5,5,North,94.4
6,72.59,2,West,73.48
28,42.34,2,South,78.74
39,29.67,7,South,92.56
44,57.34,6,West,99.0
43,44.47,5,North,108.53
46,33.8,5,North,82.01
15,56.19,4,East,93.43
51,74.21,2,East,113.78
21,55.04,1,North,91.01
23,35.64,6,East,92.7
48,66.2,4,South,103.9
20,82.6,7,South,151.86
5,132.32,5,South,146.92
43,97.2,7,East,152.73
40,36.52,8,South,100.36
35,76.96,3,East,134.3
9,60.5,2,East,108.26
38,34.44,3,North,104.85
12,61.16,5,North,114.62
34,117.62,4,South,166.17
31,88.09,3,West,123.01
47,36.4,4,North,97.39
59,54.9,1,North,110.79
12,66.46,5,North,105.09
7,27.33,5,East,84.57
34,27.71,4,East,91.05
58,58.08,3,East,94.83
10,58.39,4,North,101.45
30,26.17,4,West,64.24
25,63.76,4,South,122.27
20,84.33,3,South,122.94
40,50.03,4,West,81.55
18,55.92,6,West,112.93
30,68.62,4,North,123.64
51,65.08,7,North,131.82
23,28.01,5,North,108.89
2,38.01,7,North,107.42
54,46.6,5,South,100.72
17,38.69,8,North,142.15
47,98.18,3,North,147.72
46,70.37,8,East,132.17
32,35.03,7,West,103.69
6,50.11,4,South,98.05
58,85.81,3,South,134.51
41,42.16,4,North,112.86
26,76.76,2,North,115.36
52,94.94,8,South,146.06
48,88.81,5,North,154.03
46,58.68,2,East,87.06
11,90.05,7,West,130.84
38,44.31,5,West,91.5
18,147.58,6,North,220.85
5,60.12,3,West,92.53
21,86.38,4,North,124.19
7,47.24,5,North,114.91
7,66.67,5,West,99.16
44,67.86,4,East,112.32
31,37.66,6,West,95.51
24,37.21,6,North,108.75
12,50.31,4,West,75.2
47,84.96,8,West,152.96
39,26.24,4,West,78.86
36,47.22,3,West,94.75
12,92.2,5,North,146.21
8,33.35,3,East,95.27
8,90.16,1,North,125.05
2,34.77,7,South,82.06
59,37.84,7,North,133.81
23,51.48,4,South,86.45
40,115.51,2,West,127.03
59,42.27,6,North,120.79
57,27.3,3,North,61.94
20,31.16,5,South,79.39
30,79.26,2,South,117.68
28,31.76,5,West,97.83
3,87.81,8,East,143.22
47,56.14,6,East,136.1
35,53.9,5,North,106.99
23,61.49,8,North,149.49
34,39.63,4,North,115.85
45,57.69,6,West,129.71
1,33.88,5,North,80.27
39,93.65,1,East,136.57
52,36.2,5,South,112.05
44,65.08,6,North,130.07
38,36.09,6,North,121.92
6,44.11,4,North,86.21
45,47.02,6,East,111.2
46,179.92,3,East,231.57
30,54.28,4,North,104.36
35,39.31,4,North,107.44
38,45.7,4,North,99.04
8,29.91,4,West,91.47
16,51.16,6,West,96.2
48,114.48,5,North,178.8
59,62.45,4,East,125.02
17,78.36,5,North,133.94
25,37.94,4,South,81.2
55,50.33,1,South,87.13
10,59.24,6,East,124.43
16,40.85,7,North,109.17
4,64.07,5,West,94.51
15,69.84,8,West,131.1
39,67.84,6,West,131.32
21,51.4,4,West,90.71
60,84.47,8,South,143.05
54,49.25,5,North,102.43
54,47.49,4,West,82.07
44,97.18,6,North,174.47
43,35.07,10,East,126.56
31,27.63,5,North,98.08
60,38.59,5,East,98.2
6,63.75,2,West,82.53
44,91.23,10,South,178.93
9,41.92,3,East,65.99
21,112.84,8,South,151.03
16,55.2,9,East,126.8
37,52.13,5,South,95.28
48,38.86,4,South,72.49
5,119.17,2,South,131.39
37,51.41,6,South,97.08
14,32.05,4,East,101.5
5,145.92,4,West,159.53
26,63.91,2,South,93.63
35,75.15,6,East,162.85
13,106.98,2,North,155.41
24,69.81,5,East,127.57
58,80.64,3,South,112.03
21,55.8,4,West,93.32
60,73.22,5,East,145.15
51,53.86,8,East,126.93
23,54.16,6,South,118.48
35,57.28,6,South,121.97
43,46.58,4,North,120.87
28,66.8,4,North,123.39
25,66.74,3,East,131.26
20,75.76,6,East,128.7
9,70.52,4,North,136.32
2,121.51,3,East,147.32
21,83.18,6,North,153.88
48,50.25,5,East,112.41
15,65.45,5,South,117.52
11,96.07,7,South,157.97
20,37.34,6,West,116.29
36,122.2,7,East,171.01
13,40.05,3,West,68.32
14,78.27,3,North,125.98
7,54.74,6,East,121.76
20,53.5,11,East,138.55
14,32.42,4,South,73.86
50,78.49,2,West,127.79
55,32.61,5,South,85.31
23,30.66,3,East,66.61
6,86.82,6,East,158.58
6,111.7,3,East,113.6
20,41.81,3,South,75.49
28,81.55,8,East,165.57
32,75.08,4,East,130.3
19,52.64,7,East,117.43
22,93.16,2,North,121.79
18,51.14,4,South,96.1
32,67.16,7,North,135.21
42,33.07,8,North,120.49
3,33.64,5,West,60.25
29,87.15,3,South,121.53
39,68.07,3,West,98.4
41,51.57,6,East,133.78
34,117.11,4,North,203.39
32,116.62,2,North,155.66
41,65.08,4,East,134.45
23,30.5,4,South,65.96
35,52.21,5,North,133.98
20,39.13,5,South,95.96
27,56.59,3,East,84.06
8,37.54,6,South,77.21
22,33.84,7,East,99.74
9,22.09,8,North,103.65
14,58.38,2,South,88.65
26,21.77,4,North,81.97
31,48.03,2,South,70.71
57,72.08,4,North,109.62
2,40.9,5,East,77.52
54,35.38,4,North,98.13
20,53.14,6,West,124.47
44,39.2,4,North,104.72
41,58.81,10,East,139.36
59,36.12,3,East,101.81
7,52.36,6,West,99.83
59,47.53,3,West,83.16
4,54.35,4,East,69.78
53,105.01,7,North,171.1
40,59.14,6,North,133.78
29,66.8,7,South,126.63
24,42.52,4,South,97.86
6,59.7,4,West,90.82
49,48.91,3,West,58.17
44,55.25,5,East,111.22
57,70.78,7,North,153.99
44,44.7,1,South,92.78
58,46.56,4,East,81.35
54,44.94,4,West,78.22
26,44.6,9,South,127.21
43,58.52,5,West,94.52
16,47.2,3,East,94.67
48,99.4,5,West,145.53
37,159.44,3,West,194.07
27,43.5,7,North,154.17
38,61.41,6,East,121.58
17,82.7,6,North,143.87
38,49.09,5,East,120.68
29,36.68,6,North,136.05
20,109.43,6,North,184.98
59,71.84,6,North,158.92
4,62.02,9,West,116.28
46,97.53,2,South,134.63
13,74.3,6,South,119.97
14,53.56,6,South,88.45
10,36.94,5,East,85.78
7,44.82,7,South,99.82
8,88.41,9,South,147.43
50,71.72,9,South,161.1
56,50.67,9,South,137.06
36,110.68,3,North,167.72
1,51.27,3,North,82.31
52,81.05,6,South,138.51
37,59.62,3,North,110.05
32,118.29,5,East,167.19
57,73.79,5,North,137.74
25,55.62,11,East,153.76
22,50.83,4,East,103.41
47,54.26,5,West,92.28
32,40.85,1,South,72.51
44,31.61,10,North,139.84
42,61.77,9,East,151.81
51,44.11,5,West,80.73
20,44.06,5,North,110.47
5,52.69,5,South,72.83
29,55.75,13,North,165.29
39,54.76,6,North,129.09
50,109.43,4,East,164.73
17,71.16,3,East,121.11
45,126.87,5,East,168.95
50,45.81,6,West,106.0
49,74.7,4,North,130.88
49,46.84,4,East,103.08
60,43.62,5,North,107.96
40,128.79,10,East,199.52
23,40.15,9,East,137.08
27,22.36,4,North,95.12
45,41.13,10,East,140.61
15,24.45,9,North,123.4
37,37.32,5,West,83.1
35,38.73,5,West,89.82
40,55.37,9,South,125.49
26,24.05,4,East,88.96
45,88.09,7,East,174.97
5,25.78,4,South,73.16
45,51.88,3,North,112.75
49,47.96,8,East,113.35
54,75.95,4,West,111.21
56,62.84,5,North,134.67
21,87.77,3,South,139.72
3,47.25,2,South,70.8
40,45.34,10,South,130.31
6,64.4,3,East,86.41
17,82.41,7,East,144.98
43,75.95,6,South,140.14
36,62.1,1,South,99.49
37,59.92,4,South,108.31
46,53.81,4,West,84.76
10,64.33,6,East,132.77
48,123.22,8,South,196.85
36,49.55,7,West,104.6
26,47.19,2,West,95.8
28,45.77,5,North,130.51
31,63.8,9,West,139.26
34,23.37,6,West,76.41
21,51.73,4,West,87.63
14,77.65,6,West,121.92
11,44.23,5,West,59.15
21,58.83,4,North,124.25
16,126.94,3,South,155.84
31,62.34,5,East,116.66
55,22.29,3,North,75.04
7,31.06,6,North,104.25
19,49.38,2,North,85.04
3,39.59,3,South,74.35
59,56.9,2,East,94.87
43,48.53,7,West,119.3
15,87.05,4,North,128.99
25,35.29,3,North,108.42
44,50.25,6,South,108.38
58,59.56,5,North,130.86
35,62.58,3,North,103.23
17,57.9,5,North,131.14
42,20.81,6,South,82.07
42,56.45,3,North,104.03
39,51.4,8,North,170.47
3,77.14,5,East,138.02
43,72.91,3,West,87.14
2,60.12,6,East,104.36
55,61.88,5,North,106.45
53,93.78,5,South,134.14
34,86.5,5,East,124.1
39,60.95,3,West,96.69
5,128.79,5,West,135.02
53,42.47,4,West,99.76
17,33.98,6,East,86.52
16,54.36,2,South,95.35
43,47.02,1,North,104.56
57,20.37,2,South,89.24
30,42.06,7,East,118.93
31,62.64,7,East,134.7
33,53.35,10,South,122.98
18,40.02,5,West,86.67
36,55.53,3,West,85.1
58,57.35,5,West,109.03
23,72.68,4,North,132.82
47,42.24,6,East,106.43
47,77.44,5,West,105.74
52,35.3,6,West,106.24
44,44.64,3,North,112.69
56,107.73,10,South,190.89
43,36.25,4,North,100.98
59,41.95,10,North,151.69
43,33.07,8,East,111.55
51,39.22,3,East,108.13
54,57.71,5,North,127.44
60,72.43,5,West,129.7
36,54.19,10,East,142.63
43,47.95,10,East,134.71
59,33.21,2,North,86.96
23,40.82,6,North,117.71
8,29.42,1,North,45.54
54,73.3,4,East,137.46
38,75.37,5,West,112.43
26,53.72,3,South,85.61
44,65.14,5,South,112.34
2,77.52,7,North,140.26
29,56.85,9,North,148.01
16,95.34,8,South,160.81
18,36.25,4,North,90.73
59,47.49,2,North,117.71
34,45.28,6,West,97.53
9,70.73,3,North,119.46
22,30.76,4,East,60.93
15,97.44,7,East,138.51
55,68.35,3,North,112.7
18,109.96,9,West,164.56
22,53.72,7,South,116.24
21,43.81,1,South,84.71
11,71.01,9,North,127.59
47,82.45,7,South,151.61
35,41.03,4,East,87.03
27,24.56,7,West,81.47
24,26.3,4,South,102.18
41,60.62,5,West,109.4
6,101.1,5,West,125.18
56,32.45,4,North,84.27
34,48.96,9,North,149.63
14,47.49,6,East,92.31
33,117.71,8,North,180.2
52,134.76,4,South,159.15
11,64.7,8,South,117.13
32,78.19,3,North,147.82
36,77.33,4,South,131.37
49,32.72,2,West,55.59
35,72.2,5,South,131.28
45,36.31,4,West,64.77
47,50.98,7,West,90.4
54,86.13,6,North,176.24
22,56.39,8,South,147.97
43,84.86,6,South,132.58
15,91.81,7,North,146.86
51,27.04,7,North,114.68
58,22.85,5,South,83.81
18,86.91,8,East,150.67
34,88.32,5,East,133.75
50,60.5,5,South,125.35
2,63.87,5,West,98.3
43,78.04,7,West,131.55
50,77.46,4,East,116.32
53,48.34,6,North,125.62
12,80.03,6,South,114.04
46,47.53,4,East,109.72
48,60.18,12,North,183.76
1,59.15,3,North,116.56
43,38.71,6,East,94.78
38,40.56,6,West,88.54
59,133.44,5,North,197.16
3,38.22,3,North,96.03
58,63.31,7,South,126.72
35,68.85,9,West,136.14
17,53.43,4,West,64.63
24,71.42,2,North,128.58
46,62.28,4,North,108.85
60,38.55,4,East,93.18
20,67.68,8,South,127.77
60,43.91,6,North,133.48
38,109.54,8,South,170.92
12,64.82,2,North,105.73
36,41.26,3,North,99.08
49,62.61,7,East,126.1
4,37.72,5,South,96.33
5,60.53,11,North,205.64
1,49.89,1,East,54.86
35,39.22,7,East,107.68
4,39.03,5,North,84.79
56,144.6,7,East,209.78
8,56.63,3,North,103.04
5,45.94,6,South,102.09
16,42.86,5,West,70.11
46,65.92,4,West,118.92
55,42.29,7,East,90.78
16,35.24,4,West,81.07
32,53.89,6,South,104.94
47,53.73,5,South,91.38
48,46.21,7,South,116.05
10,38.22,8,East,97.81
51,46.69,7,North,145.73
53,45.25,3,South,95.16
45,42.8,3,North,96.62
32,60.98,9,North,147.52
24,133.02,4,South,171.72
54,93.01,2,North,163.52
52,118.72,5,South,145.15
32,43.51,6,East,93.68
45,106.68,7,East,189.66
24,59.79,5,South,99.0
45,81.01,8,South,153.63
6,65.57,10,West,137.86
55,47.59,4,East,96.66
31,72.81,3,West,116.85
36,66.29,6,South,100.71
12,26.92,7,South,90.48
32,51.95,6,East,138.8
1,77.4,3,East,105.29
54,61.01,4,West,112.0
45,65.88,4,South,142.67
28,40.42,9,East,122.85
51,60.49,4,East,97.21
49,52.53,5,North,94.28
8,50.33,4,North,102.29
4,41.61,4,North,75.32
16,78.72,4,North,142.71
1,62.69,7,West,117.18
35,60.21,6,East,119.06
32,124.0,6,North,172.36
33,65.99,6,East,139.57
5,88.25,5,North,134.26
56,60.9,7,South,135.68
59,47.41,6,South,108.5
36,35.74,5,West,90.67
1,60.13,4,South,94.99
24,18.81,3,East,67.08
44,60.88,7,East,138.67
45,61.94,4,West,123.41
15,50.05,5,East,86.42
50,52.62,7,South,104.45
59,33.1,4,West,76.14
31,95.03,4,North,140.5
23,47.71,2,West,57.89
32,37.01,9,West,123.23
2,67.89,3,North,111.96
32,57.07,6,North,122.46
2,47.31,6,East,112.19
3,45.35,7,South,123.59
34,54.48,6,South,122.2
31,93.53,4,North,169.17
60,65.88,4,West,108.69
31,53.85,6,East,121.17
59,76.78,7,East,133.04
49,55.2,6,South,113.67
21,64.11,4,South,116.17
56,58.0,6,South,117.3
29,69.12,7,North,153.05
36,45.71,6,East,127.33
7,34.61,8,West,99.9
13,78.47,4,North,143.17
32,99.68,4,North,163.62
17,35.28,2,South,59.21
36,58.66,5,West,88.62
5,45.62,4,East,75.32
16,77.74,4,South,111.75
40,60.26,1,South,84.11
37,206.64,7,North,276.75
60,48.4,3,East,123.45
54,100.98,4,East,162.27
49,104.99,8,North,187.23
1,67.59,2,West,68.88
37,55.41,4,East,111.43
14,56.71,4,West,107.16
17,54.82,12,West,164.92
13,85.91,5,East,120.73
28,38.51,8,West,125.02
8,51.19,9,South,113.59
32,48.77,6,West,101.19
10,27.37,6,East,82.15
31,76.98,9,East,167.14
38,83.53,6,North,153.46
11,42.36,6,East,108.87
7,82.44,4,North,134.93
49,28.98,6,South,96.05
45,55.12,3,North,114.96
16,51.91,5,South,99.18
54,56.55,3,East,97.09
14,56.43,5,South,122.66
56,52.94,6,South,107.86
7,46.75,8,South,117.36
40,52.27,5,North,141.22
2,94.19,8,West,142.06
12,43.32,1,East,74.19
25,134.58,10,North,212.08
6,42.35,2,East,53.53
28,60.1,7,East,111.63
14,68.61,4,South,109.52
6,48.58,6,South,84.62
58,94.91,2,East,124.7
59,67.9,4,North,132.36
58,50.3,2,North,106.55
10,94.49,5,North,142.01
23,36.37,3,South,84.07
20,43.55,3,North,85.27
20,68.38,4,North,109.88
25,75.23,5,South,123.95
31,62.12,6,South,140.73
30,51.89,5,North,110.18
18,49.37,5,East,116.99
59,85.85,2,East,119.98
59,60.11,3,East,114.8
20,38.52,4,North,120.73
14,37.64,6,North,88.88
32,100.02,6,North,165.36
23,40.96,2,East,86.8
60,60.89,8,South,143.92
26,93.72,7,South,155.7
3,67.82,4,East,110.41
8,40.32,7,East,101.43
5,36.37,7,North,113.79
23,115.35,4,West,154.37
19,36.0,3,South,57.95
52,43.76,5,North,121.88
54,63.37,5,West,129.38
9,50.02,4,East,92.14
57,68.68,2,North,125.36
36,30.35,6,East,123.47
19,50.19,6,East,109.98
25,71.6,7,North,154.02
27,71.7,10,South,160.1
11,43.42,3,South,57.54
53,36.28,1,South,61.55
1,59.47,4,East,102.22
5,32.3,9,North,93.13
17,91.26,2,South,116.87
9,58.15,6,North,134.18
4,41.32,5,East,80.26
24,35.81,4,South,69.76
23,42.38,5,North,104.34
8,29.23,6,South,79.46
49,66.55,2,East,121.59
53,39.6,2,South,77.37
44,64.06,5,South,100.4
32,67.7,3,East,104.32
57,80.35,7,North,153.73
22,60.38,6,East,133.72
26,85.63,5,North,148.31
1,95.05,6,East,127.7
43,60.54,4,West,103.93
6,62.02,1,North,98.12
40,43.69,6,South,96.51
47,36.78,4,North,109.95
14,91.18,6,North,170.81
37,69.57,8,South,132.66
19,71.86,4,North,139.77
24,43.11,3,West,79.94
32,104.54,4,West,139.85
15,49.83,4,East,96.78
48,39.62,4,East,104.45
24,43.4,9,West,106.03
28,102.36,7,South,158.02
49,35.01,1,West,65.65
14,40.43,4,North,101.0
28,174.06,4,East,237.39
60,79.55,10,South,173.28
24,40.72,4,South,98.26
7,35.43,6,West,110.83
18,27.96,4,North,65.74
58,56.76,7,North,138.93
46,73.05,7,East,138.07
49,100.24,5,West,122.76
16,25.6,8,East,107.23
51,32.13,3,East,68.87
24,52.05,2,East,77.59
48,166.51,5,East,221.57
53,77.82,3,East,114.59
13,63.38,5,West,116.53
57,33.45,5,North,99.72
38,23.38,3,North,87.07
44,55.45,3,East,122.26
46,52.47,8,West,137.6
11,49.05,4,West,79.51
45,46.89,6,West,93.9
13,40.47,7,South,100.84
17,36.93,7,South,101.65
7,95.18,7,South,137.4
11,38.3,4,East,98.9
59,48.89,3,South,78.76
20,53.75,6,East,113.41
24,72.42,4,West,111.14
29,38.83,4,South,78.78
43,80.74,5,North,138.52
35,43.3,3,North,92.28
33,51.17,4,East,111.21
51,105.34,4,West,147.78
30,37.05,4,South,74.01
47,72.85,7,North,128.45
55,81.6,4,West,123.86
41,61.8,5,West,118.17
3,52.09,3,West,77.33
16,127.78,4,West,141.17
38,54.3,7,West,133.07
29,59.24,5,West,105.62
18,47.72,11,North,150.88
21,58.0,1,West,76.28
5,80.29,6,East,128.37
15,48.9,5,North,101.51
47,23.49,3,West,49.34
1,67.05,6,North,143.55
51,35.47,4,East,80.18
21,73.46,3,North,141.32
49,54.57,5,East,108.52
16,79.62,4,West,143.86
50,37.36,5,South,105.98
35,44.08,5,North,115.75
52,47.65,6,East,106.16
4,30.18,1,East,46.21
48,85.16,4,East,148.13
17,28.5,8,North,102.81
22,84.68,5,North,173.45
3,64.7,5,East,100.24
58,50.42,4,South,122.23
39,62.68,3,East,107.82
59,62.0,4,East,116.34
35,46.52,7,East,128.12
10,61.51,8,South,125.53
21,73.15,2,North,112.93
27,37.42,6,West,84.39
9,62.71,6,East,109.5
56,19.1,4,East,60.36
58,25.23,9,West,94.22
34,68.43,3,North,126.28
36,46.19,3,North,86.08
43,38.81,3,South,69.83
41,53.45,6,North,126.8
4,46.6,1,North,60.52
32,36.77,6,North,87.94
47,28.34,9,East,99.16
49,24.85,8,East,92.34
36,73.37,5,West,144.67
54,46.11,4,South,100.6
36,80.46,10,East,165.83
23,45.92,6,South,102.77
27,62.93,6,South,110.45
42,51.93,6,West,102.64
54,55.58,5,West,106.57
14,56.67,4,North,120.63
18,45.68,4,East,85.12
40,33.39,6,North,109.48
46,74.18,3,North,139.06
24,103.28,3,East,139.86
39,106.03,7,North,170.46
1,43.76,5,West,81.64
18,40.72,3,West,80.94
58,43.74,2,South,74.07
35,50.89,4,East,89.97
53,53.46,5,North,104.6
14,36.63,8,North,114.41
18,30.21,4,North,84.47
59,55.7,7,North,148.66
60,13.3,5,North,83.35
53,52.44,6,North,152.94
20,37.42,5,North,112.8
49,74.59,5,North,133.68
28,83.02,4,East,134.11
51,83.81,7,East,169.14
52,47.53,11,North,165.88
27,34.67,4,North,94.37
19,39.42,4,South,68.62
59,61.25,2,East,100.57
28,28.27,2,North,114.09
26,95.34,4,East,146.54
40,47.83,6,North,137.46
57,66.69,5,North,130.31
8,26.77,5,North,85.5
60,37.7,7,South,109.6
26,25.48,5,East,78.49
2,82.14,7,South,134.78
19,51.21,5,East,99.15
28,68.62,5,West,129.16
41,56.0,7,East,139.53
34,65.85,5,East,141.06
9,47.7,5,North,101.63
30,50.33,6,East,129.52
14,52.63,6,North,113.21
17,64.22,8,East,147.83
43,64.9,4,East,122.01
49,168.1,3,North,215.01
10,106.98,5,East,163.31
37,26.8,6,East,83.97
26,51.56,6,South,112.79
21,46.42,9,West,127.32
43,91.11,5,North,136.93
15,48.12,4,South,82.32
46,65.74,4,North,122.69
25,21.44,8,East,87.63
6,29.8,5,West,63.04
48,126.08,9,North,232.18
52,55.71,5,North,132.95
34,36.62,6,East,96.8
44,60.17,2,East,110.31
9,35.83,5,West,88.35
21,48.75,5,West,84.17
21,30.54,5,East,92.79
46,39.83,4,West,85.41
22,46.22,4,South,92.37
44,85.48,6,South,143.68
19,65.73,9,North,161.23
37,70.49,11,North,167.64
13,54.04,4,West,89.99
34,75.88,4,North,112.08
5,38.5,8,North,105.96
45,40.73,3,North,76.27
2,64.27,10,East,130.39
60,48.83,6,North,109.81
51,54.3,12,East,154.97
35,51.13,6,West,96.23
55,90.14,7,South,143.64
49,92.04,5,South,143.3
9,42.5,3,North,83.88
45,27.01,6,North,106.54
23,41.08,2,East,68.82
52,38.14,4,East,87.26
52,76.15,5,East,140.61
58,78.9,6,East,143.58
28,36.15,6,South,95.8
12,40.37,5,East,77.17
8,30.22,4,South,53.47
10,57.61,4,North,101.45
60,53.63,3,North,98.77
36,74.86,7,South,129.91
22,66.61,8,North,143.54
27,69.69,6,South,122.85
11,29.46,2,South,59.22
35,42.5,8,South,103.39
26,79.8,4,East,120.92
48,44.02,5,South,82.64
2,28.47,3,West,50.04
56,75.43,3,West,121.3
4,43.34,3,South,73.36
26,83.52,7,North,143.09
21,54.2,8,North,115.66
44,48.87,4,East,131.02
40,94.19,7,South,164.38
12,32.43,7,West,86.23
30,96.9,5,South,156.68
33,42.28,4,South,89.24
28,58.26,8,East,134.32
2,58.48,5,East,89.05
11,46.02,7,North,114.22
31,40.25,4,East,96.0
16,47.09,2,North,89.21
33,36.39,1,South,65.67
10,119.68,9,South,159.35
45,45.04,9,South,134.27
12,86.8,9,North,173.19
39,82.34,3,South,102.02
51,63.13,6,North,129.07
22,51.71,4,North,94.13
9,59.0,1,West,86.86
1,68.64,5,East,124.82
22,56.84,2,East,97.72
7,29.17,6,East,82.35
53,26.38,5,East,96.59
59,99.84,4,North,167.88
59,19.03,4,North,103.36
56,59.04,5,North,142.46
36,49.7,3,West,93.52
20,58.23,4,East,107.24
27,34.61,4,South,78.51
16,62.82,8,West,131.84
51,59.29,8,North,138.79
27,164.75,6,North,230.79
24,57.51,2,North,100.29
42,93.62,9,North,164.88
23,29.98,5,South,88.43
22,82.11,10,North,187.43
14,59.77,5,East,97.92
5,60.82,3,East,82.54
3,61.16,5,South,102.02
25,108.04,2,South,133.72
60,60.46,8,East,138.74
16,39.9,3,East,85.32
39,42.68,6,North,137.64
20,75.71,6,North,158.51
19,65.3,5,South,127.12
10,29.6,2,East,74.22
34,67.08,3,North,127.55
40,35.41,2,South,84.34
22,65.06,2,East,113.96
32,39.56,8,South,89.1
29,48.78,3,West,92.01
17,43.91,9,North,150.28
42,100.24,9,South,178.18
34,64.12,9,East,136.65
4,90.42,3,South,123.43
30,173.83,7,South,213.82
24,55.63,8,South,129.19
48,99.56,9,North,194.39
19,41.27,5,South,117.33
58,90.19,4,North,163.23
37,39.53,4,South,89.78
8,54.2,4,North,109.99
25,67.68,7,South,114.56
54,72.07,3,East,115.54
16,32.82,5,South,68.49
43,38.6,5,West,115.48
48,69.73,5,West,111.03
42,47.13,5,North,106.71
6,31.22,6,North,91.5
23,53.07,4,North,128.21
21,52.06,5,South,101.57
21,58.6,7,South,116.78
53,67.47,5,North,134.6
1,65.78,7,South,118.29
33,40.15,5,South,82.81
59,46.32,6,East,122.47
53,79.13,4,North,148.46
37,43.94,4,North,120.66
60,46.62,6,East,105.48
25,29.91,5,East,90.75
37,53.98,3,North,120.37
33,62.68,9,South,155.11
3,24.77,3,North,85.59
3,35.58,3,West,49.23
54,30.92,7,East,103.71
11,74.84,7,North,140.19
22,25.41,6,East,104.97
38,52.91,5,North,120.54
35,72.76,5,East,139.98
31,58.86,9,West,124.61
59,45.79,7,South,93.25
48,62.71,5,South,112.46
57,82.66,4,North,137.02
40,52.3,4,East,95.9
59,22.3,8,North,102.59
37,86.41,3,East,112.84
33,64.08,5,East,114.27
49,53.88,3,North,101.21
53,24.73,3,West,75.58
5,48.46,5,North,95.33
55,38.47,4,South,89.82
42,33.57,8,West,105.64
54,51.7,7,West,104.25
43,44.06,6,West,126.99
56,45.24,9,East,136.01
17,73.39,6,North,143.93
12,60.47,8,North,141.24
12,44.78,6,South,94.27
16,42.57,6,East,93.61
13,45.52,5,West,81.11
27,49.45,3,West,79.27
12,68.97,3,West,87.8
10,35.98,2,South,64.5
32,97.84,5,North,139.17
48,68.99,8,South,140.07
9,18.26,8,South,78.58
31,56.49,6,East,124.57
40,82.79,5,North,175.77
43,63.78,7,East,117.12
7,46.3,6,North,93.44
45,53.28,4,North,114.79
2,58.63,5,South,118.11
15,74.28,10,East,134.3
20,31.0,10,East,117.72
52,42.86,5,South,89.49
12,105.15,6,West,144.18
47,55.32,8,North,126.82
60,100.6,7,West,152.84
58,180.23,5,East,231.99
19,44.84,7,South,100.65
6,33.82,2,East,70.73
14,49.1,3,East,111.02
47,84.74,4,East,142.83
12,89.62,3,North,146.78
39,135.48,6,South,196.5
23,53.8,4,South,96.66
47,66.37,7,East,111.99
37,41.07,7,East,102.67
36,20.03,4,North,98.12
47,53.74,6,East,104.25
58,34.42,3,East,81.66
22,70.62,5,East,126.51
32,25.72,8,South,87.81
38,40.62,10,North,159.61
50,60.77,2,South,102.2
29,63.37,4,South,128.71
23,53.57,3,South,109.48
51,115.23,5,East,178.16
58,102.29,3,North,132.64
35,41.52,5,West,78.62
7,103.93,1,North,130.43
18,110.49,5,West,146.63
28,51.96,7,South,112.06
43,55.6,4,East,107.54
41,53.5,5,South,139.43
50,42.18,3,East,89.32
2,43.89,8,North,111.12
28,92.55,6,West,143.54
43,65.04,3,South,111.52
60,43.74,3,South,92.26
9,37.7,4,East,81.54
53,40.32,6,North,108.64
1,51.13,2,West,55.01
12,78.67,7,West,126.04
51,38.7,6,North,109.53
48,78.31,5,South,116.78
59,59.07,5,West,91.49
37,57.81,3,West,102.11
37,82.3,3,East,111.38
33,76.5,3,South,119.21
31,31.13,8,East,132.09
31,35.39,3,East,61.53
18,49.81,8,East,121.46
52,62.95,3,East,100.83
22,94.24,5,West,134.91
37,56.04,5,East,99.63
41,107.93,5,East,151.76
33,41.15,11,South,143.96
37,44.03,5,North,126.31
3,48.31,2,North,84.3
19,39.37,6,North,98.41
27,86.81,5,North,149.15
24,18.03,3,North,100.83
55,44.64,7,West,100.46
54,86.43,4,North,176.74
43,48.19,5,North,121.31
22,83.86,6,East,142.98
4,131.51,5,East,165.51
46,56.38,2,West,81.06
54,87.15,4,South,127.59
30,143.69,4,East,199.69
50,64.13,6,North,156.97
56,53.56,6,East,106.89
33,78.33,4,South,126.3
13,87.68,4,East,104.31
2,53.76,4,West,66.52
46,44.99,3,South,91.79
34,108.52,4,West,147.68
10,49.0,5,East,106.96
4,88.01,5,East,128.7
59,60.65,5,North,127.19
20,113.38,7,North,160.65
20,38.88,3,East,84.92
38,38.85,5,South,94.51
22,76.85,2,North,107.54
55,34.74,4,West,77.7
41,57.21,4,East,111.69
22,101.43,7,South,171.91
16,26.74,9,West,117.77
52,64.13,2,East,86.1
36,88.65,5,North,137.0
56,54.04,7,West,98.26
21,37.68,1,South,69.99
2,49.15,5,East,75.74
54,39.04,4,North,102.71
15,56.13,4,North,116.85
51,48.88,10,North,131.13
43,44.46,1,East,81.44
14,65.79,6,South,120.92
46,102.68,7,North,159.37
5,62.25,2,East,78.97
24,93.45,4,East,128.77
22,102.67,6,East,160.14
40,43.18,5,North,100.51
33,60.94,4,South,146.21
37,46.06,2,South,88.25
29,30.18,3,North,85.93
45,62.95,5,West,112.15
10,35.84,7,West,82.61
44,66.27,7,East,130.73
4,29.3,8,North,96.41
6,58.46,3,North,97.18
44,29.13,7,West,95.67
10,71.49,5,North,114.36
47,46.65,3,West,66.74
8,44.88,8,North,129.35
9,85.68,6,South,148.26
56,48.01,4,South,94.09
11,57.07,5,North,115.63
55,50.43,2,West,80.42
21,66.88,2,West,91.92
48,82.86,6,South,151.57
57,76.27,7,East,138.51
8,45.3,5,West,92.66
20,88.55,6,West,130.54
35,37.84,7,West,96.31
52,40.57,8,North,121.91
12,51.88,3,South,68.04
12,82.99,4,West,116.45
23,34.19,5,East,100.3
13,77.99,6,East,118.89
17,53.42,2,East,91.43
8,45.9,8,West,96.91
50,84.7,7,West,139.99
48,39.6,4,West,79.41
9,136.22,3,South,159.37
33,50.87,6,South,109.59
39,57.97,10,West,135.87
38,101.21,8,East,179.37
60,58.58,3,North,120.83
39,87.84,5,East,131.45
42,25.0,8,East,115.08
2,45.74,5,South,95.01
5,63.99,7,South,107.04
38,84.15,4,North,122.79
55,74.28,1,North,103.13
24,71.55,4,East,127.04
39,83.46,5,North,144.17
13,66.02,4,North,123.77
28,23.17,5,East,106.34
46,97.21,9,North,173.43
40,39.05,6,North,113.29
7,61.9,11,East,158.29
53,58.7,4,North,114.87
56,55.64,11,South,127.13
29,35.08,4,West,80.22
21,25.14,6,South,104.45
32,36.56,2,North,98.62
49,75.98,2,East,101.21
28,30.61,4,North,86.21
2,38.39,1,North,44.89
5,64.54,6,West,108.55
49,36.2,5,North,116.08
48,43.94,3,South,88.26
47,56.41,3,South,90.83
8,61.13,2,South,85.34
11,35.91,3,South,51.23
24,57.76,4,North,115.53
14,64.04,7,South,127.42
24,32.81,10,North,141.21
34,59.5,4,West,105.4
17,40.99,5,East,73.76
8,57.37,5,East,87.84
25,72.91,2,West,94.74
44,50.88,6,West,118.2
38,78.68,4,South,119.5
20,74.91,9,East,149.91
19,78.5,3,North,132.91
36,64.15,5,West,110.79
11,84.8,7,West,131.6
51,63.69,5,East,110.46
53,28.02,3,South,63.85
2,39.77,3,West,62.0
59,50.17,7,North,149.59
2,52.73,5,East,83.49
28,63.0,4,North,120.88
41,39.54,3,North,100.97
20,121.93,4,South,178.86
13,52.41,7,North,134.84
3,54.43,5,East,80.74
44,41.75,5,East,96.34
3,36.55,5,East,73.6
30,51.91,6,South,97.8
24,55.2,3,East,101.1
59,52.73,11,East,165.69
56,105.85,2,East,143.03
50,51.91,4,West,97.4
44,52.75,7,South,105.35
33,75.65,6,South,144.73
21,50.99,8,East,129.84
10,67.74,5,South,112.68
59,32.73,4,East,98.09
24,32.84,4,North,90.38
26,57.33,7,East,110.48
9,49.77,4,North,103.77
17,39.5,4,East,85.37
39,57.33,5,West,100.93
26,59.36,8,East,154.15
36,41.1,5,North,124.34
13,44.37,6,South,99.11
5,59.54,4,South,79.48
54,36.29,3,South,125.21
26,42.88,8,South,121.54
22,67.6,5,West,112.97
18,54.08,6,South,101.56
40,45.11,6,North,117.96
34,38.05,3,West,65.32
24,36.41,7,South,89.55
56,51.8,3,North,106.27
55,122.77,4,North,190.61
12,68.46,7,North,137.25
39,32.04,7,South,67.53
59,72.45,3,West,126.64
30,40.3,5,North,93.37
2,54.49,6,East,90.59
8,43.14,5,North,111.79
41,122.62,6,East,187.82
55,34.69,2,West,83.29
8,61.9,3,East,104.44
33,41.51,4,South,101.35
30,73.37,5,East,121.18
18,61.4,4,East,101.57
38,90.18,3,South,131.77
53,72.77,5,North,134.87
15,41.37,4,East,90.34
4,175.3,9,North,255.18
22,68.18,4,North,137.22
19,43.8,4,North,119.69
44,59.28,3,North,113.58
33,70.27,4,North,129.56
2,69.21,4,East,114.16
21,66.58,6,South,93.85
45,80.37,6,East,156.7
29,77.27,5,North,140.35
34,38.9,4,East,87.82
16,126.88,5,North,171.18
20,120.01,2,East,153.87
8,75.22,6,East,134.23
5,55.45,4,West,85.54
3,55.83,8,East,98.54
38,47.97,5,North,133.55
10,50.51,6,East,82.72
35,22.77,5,East,90.59
58,100.7,1,East,121.33
42,87.44,4,South,122.98
35,27.92,2,East,48.96
8,77.94,4,East,97.91
30,54.43,9,West,144.68
54,50.42,5,North,119.39
24,66.5,6,West,118.74
50,27.19,4,South,77.86
43,54.35,6,West,119.14
17,56.36,5,South,104.57
9,56.38,6,North,121.39
2,31.6,6,North,93.29
17,65.29,7,West,117.87
20,83.42,2,East,112.57
40,64.26,7,West,132.29
35,49.82,5,West,91.06
29,160.07,1,East,197.77
44,37.72,2,East,91.72
47,74.39,8,North,170.94
43,60.18,6,North,122.61
54,122.11,4,East,182.08
22,63.73,6,South,131.09
50,69.44,3,South,91.56
26,66.84,2,West,90.38
12,35.75,4,North,114.2
9,38.57,8,West,92.28
6,48.9,10,West,132.41
58,80.07,8,North,177.13
11,59.93,5,South,93.79
51,50.26,7,West,117.57
48,94.53,6,South,149.2
27,24.71,6,East,72.8
55,32.51,3,South,71.21
55,20.11,6,North,109.62
56,88.53,5,West,131.79
30,52.53,4,East,93.0
18,80.36,4,East,139.07
3,52.26,1,North,79.19
51,82.21,3,North,152.85
53,51.9,3,East,86.26
33,64.33,5,West,132.43
5,60.67,9,North,143.47
50,62.49,5,North,139.41
18,107.11,8,West,171.2
33,28.51,3,West,65.97
40,53.12,2,West,68.96
9,59.1,5,West,82.11
4,55.66,5,North,120.16
5,46.56,7,East,101.8
58,44.08,7,South,119.87
58,100.69,4,South,147.22
26,53.08,5,West,102.11
26,144.77,6,South,197.13
25,67.44,4,North,142.48
22,48.62,4,East,90.2
33,68.11,5,North,133.03
22,57.03,7,North,145.02
37,93.39,1,North,104.34
23,34.22,6,East,103.84
38,26.56,7,North,100.85
57,63.08,6,North,143.73
13,76.27,5,West,94.6
4,61.21,3,East,101.4
32,71.45,5,West,99.89
8,67.37,5,North,111.74
14,30.2,6,East,90.34
48,61.1,2,South,84.99
26,92.45,6,West,142.61
33,58.48,2,West,75.63
47,32.33,5,North,97.92
8,47.77,6,South,104.33
29,68.22,6,East,134.77
3,111.97,3,West,142.9
30,24.96,4,East,76.76
14,63.09,6,South,124.03
55,37.6,8,South,117.69
16,66.89,3,South,125.56
13,69.07,3,North,149.72
1,49.74,7,North,118.66
8,70.29,6,North,122.83
13,86.14,7,West,127.56
14,51.12,7,South,119.89
45,31.98,3,South,70.11
54,96.57,5,South,148.91
52,76.06,4,East,112.94
58,68.41,9,West,137.09
54,41.41,3,South,82.24
28,80.98,10,North,174.1
24,123.59,6,East,196.33
39,52.01,6,West,112.41
20,56.7,6,East,127.51
37,35.66,4,South,89.97
60,40.94,5,East,84.95
12,35.52,3,West,72.05
47,57.53,4,South,94.44
57,47.64,4,South,88.35
33,63.38,5,South,108.83
22,38.22,3,North,116.0
16,51.06,10,North,146.31
11,37.28,7,North,112.92
20,58.85,6,East,136.78
45,28.42,5,South,78.1
31,58.01,2,South,110.25
14,48.84,4,North,98.36
33,58.7,5,North,125.31
49,28.19,9,East,107.5
1,70.94,6,West,97.77
2,48.45,6,North,104.55
58,59.55,4,South,118.52
45,25.84,8,South,125.77
35,33.21,7,East,82.99
55,46.71,4,East,116.22
36,94.65,3,East,138.85
32,67.42,3,North,120.47
13,57.51,7,North,128.21
49,37.72,8,North,141.88
46,35.08,5,West,94.41
18,60.99,5,North,116.94
45,72.26,2,South,115.41
44,59.36,4,South,105.22
6,108.18,4,North,143.42
10,41.55,6,South,76.63
36,58.66,2,East,87.83
38,27.74,7,West,94.94
40,59.41,5,North,120.9
23,98.27,7,East,169.17
51,36.0,4,North,113.02
27,76.47,6,West,125.22
13,97.17,7,East,151.94
7,41.43,3,South,53.38
53,65.81,11,North,183.95
43,102.7,2,West,140.23
28,59.87,8,East,134.14
13,74.79,4,East,112.42
6,26.85,4,North,76.18
10,69.33,5,East,117.5
7,67.15,4,North,120.5
32,32.12,6,North,108.39
12,37.12,4,West,71.46
8,69.52,5,West,113.29
17,48.37,5,South,103.93
42,85.18,5,West,152.05
30,61.82,6,North,147.92
10,55.85,6,East,94.66
45,51.0,7,North,130.63
30,61.38,2,North,107.72
12,75.28,3,West,88.96
42,67.6,8,East,143.97
60,46.1,3,East,103.29
33,89.64,7,West,143.65
10,71.03,5,South,114.32
19,63.69,5,North,128.25
36,56.64,3,North,117.11
60,66.69,6,North,127.82
56,26.24,10,North,146.38
56,60.13,4,North,128.07
50,105.22,5,East,151.92
35,59.62,5,East,143.41
39,56.45,6,West,105.69
45,43.02,8,North,124.58
43,66.49,4,West,110.29
39,50.5,6,South,115.01
9,92.18,3,East,135.58
53,38.65,5,East,113.69
1,45.56,5,South,84.31
26,42.93,6,North,123.37
27,113.73,3,West,130.5
60,50.61,7,North,151.99
6,43.85,3,East,67.48
29,23.66,4,South,77.27
22,37.92,4,South,98.43
6,67.43,6,North,119.22
14,67.33,8,East,147.98
26,42.08,3,North,93.1
55,43.02,6,East,114.13
24,114.89,4,East,165.5
53,160.54,5,South,183.55
45,86.48,6,East,149.92
50,101.87,2,West,121.59
52,110.89,6,North,200.39
43,132.4,8,West,189.75
45,48.39,4,West,90.07
10,38.42,4,East,79.52
44,113.68,3,South,140.66
3,37.12,6,North,109.74
45,36.18,3,East,50.54
40,36.52,5,North,113.42
46,51.8,4,West,101.33
39,24.69,7,North,91.07
23,30.78,6,North,106.06
23,42.57,4,North,106.25
36,33.84,4,South,81.78
29,83.51,4,East,131.56
21,54.74,3,North,91.42
30,68.77,6,West,115.87
33,65.83,4,West,115.55
15,50.26,3,North,102.42
39,81.07,6,East,135.07
19,65.42,3,West,95.99
17,48.07,4,South,91.88
26,27.84,5,West,75.18
7,67.24,6,North,127.01
37,32.97,5,West,81.77
45,63.57,5,West,108.44
58,56.35,3,East,87.02
18,31.69,5,North,110.66
33,60.54,6,South,126.45
31,58.94,3,West,84.42
44,59.03,4,South,112.64
38,57.9,5,East,127.94
49,42.06,4,North,104.15
52,69.18,4,East,127.79
7,41.47,5,South,78.19
22,35.52,2,North,97.46
40,71.51,4,North,127.42
33,79.41,3,South,107.89
29,69.58,7,North,132.69
11,50.26,5,South,73.59
35,25.13,9,East,140.96
45,98.76,3,North,138.34
3,24.98,6,East,78.57
36,69.02,3,North,119.32
55,126.99,7,East,195.0
35,57.96,6,North,156.8
58,61.34,5,West,105.94
22,63.54,4,East,101.92
1,59.1,4,West,78.91
41,139.8,9,West,206.88
13,38.97,3,West,74.46
1,37.06,3,West,53.27
11,47.89,5,North,118.46
57,109.54,4,South,149.29
47,43.35,6,North,115.53
17,64.85,1,North,90.97
36,83.8,2,West,132.14
21,74.56,3,South,105.27
11,82.04,10,West,166.2
60,96.27,2,South,116.22
49,61.76,6,East,117.24
22,45.48,5,West,95.53
22,57.91,6,North,124.56
49,47.67,3,East,92.24
28,149.7,10,East,206.26
23,44.12,9,North,123.47
24,66.24,5,West,119.41
27,29.95,5,North,106.47
32,57.58,7,West,106.37
3,48.67,1,North,75.28
29,71.54,5,North,122.55
27,72.29,6,South,135.95
17,96.24,6,East,166.64
22,93.23,7,North,150.05
26,53.17,4,South,104.98
22,37.42,2,South,54.35
55,39.22,4,East,108.61
32,61.63,4,East,140.74
31,58.16,7,South,126.35
16,60.53,10,East,130.54
55,44.08,8,South,114.84
2,97.02,6,South,137.98
34,30.29,6,East,104.9
11,43.11,4,North,84.62
47,35.49,4,East,84.93
23,50.22,3,East,108.05
18,89.89,5,South,140.84
4,48.66,7,North,106.43
48,56.86,4,West,120.81
24,71.21,7,East,135.31
16,47.74,6,East,86.56
51,63.63,8,East,129.2
2,60.36,7,West,122.77
29,34.73,8,East,125.64
10,45.34,2,East,82.9
8,62.92,7,East,131.54
2,91.18,4,West,120.07
12,91.15,2,East,108.88
57,126.24,8,East,184.36
27,66.3,5,South,110.96
60,46.28,3,North,109.61
17,53.22,7,South,121.29
46,52.17,3,North,122.14
6,46.38,5,North,122.81
7,63.64,1,West,89.6
1,64.83,5,East,119.22
54,34.14,3,South,82.74
41,84.37,5,North,147.97
45,26.19,6,North,105.86
56,49.95,7,West,102.65
20,86.46,9,South,136.09
44,69.61,4,West,131.5
31,47.33,4,East,95.33
33,120.0,5,South,166.49
40,45.79,6,South,108.07
29,24.51,4,North,90.05
2,65.44,7,South,104.47
5,26.81,5,North,71.94
31,39.15,2,East,58.28
35,70.04,3,West,108.71
44,45.41,6,East,129.54
35,68.87,2,North,121.69
12,34.36,6,West,72.27
23,76.97,4,South,118.2
27,27.76,5,West,85.31
60,92.52,4,South,144.95
32,45.14,7,South,102.98
39,100.73,4,North,144.62
45,39.01,8,North,115.27
22,117.91,4,North,178.43
58,37.22,5,West,71.04
41,26.64,9,North,111.69
51,55.55,3,East,101.11
45,89.44,10,South,189.93
38,74.91,4,North,128.87
2,86.94,3,East,122.24
36,75.51,4,West,100.25
8,39.33,4,East,77.4
37,74.19,3,West,87.87
43,56.66,2,South,94.84
33,41.1,10,South,117.5
19,58.66,1,East,91.33
4,53.38,4,South,76.49
41,96.2,3,West,145.37
42,44.44,4,West,84.4
29,43.61,4,South,88.88
43,41.29,2,South,72.46
47,116.6,5,North,180.7
31,42.22,5,North,115.41
3,91.72,6,North,136.06
53,36.14,4,West,78.24
29,66.86,6,South,130.47
41,60.64,5,North,146.09
55,89.42,6,West,151.92
22,84.38,5,East,143.49
38,56.42,4,North,134.11
2,44.04,7,South,78.06
54,104.58,7,East,186.56
4,42.32,4,North,91.53
33,22.04,7,East,89.06
22,25.96,5,North,92.37
3,28.62,6,East,89.4
28,69.29,6,West,117.56
57,132.39,9,North,218.42
11,24.14,5,North,90.74
18,39.92,7,West,107.86
12,56.58,5,East,89.1
8,101.31,7,West,140.72
14,39.84,5,West,91.65
35,69.15,5,West,132.48
47,49.4,4,South,90.04
42,154.91,5,West,214.11
47,57.85,3,South,101.13
43,62.95,4,North,108.68
23,56.47,7,East,131.58
55,46.25,3,West,80.44
11,79.83,3,West,94.33
42,34.34,5,West,66.5
7,24.51,7,East,83.6
46,51.41,6,West,111.6
6,75.66,8,South,134.14
13,43.28,7,North,112.15
24,58.83,7,West,103.38
42,33.51,9,West,122.22
3,83.52,3,South,109.61
16,70.86,6,East,85.66
21,55.03,4,East,97.17
44,58.41,8,North,152.72
58,31.27,5,North,117.2
37,31.83,7,North,126.25
31,52.0,5,East,115.22
21,67.05,4,North,116.4
50,68.43,5,North,151.27
7,47.22,2,East,85.28
8,73.56,6,North,132.77
13,96.38,1,East,121.39
17,52.7,4,West,92.28
28,61.8,6,North,129.2
57,50.24,2,North,98.81
40,51.91,4,North,123.03
24,58.43,4,South,105.63
13,107.91,3,North,151.54
39,78.74,5,East,124.8
16,75.95,5,North,147.5
59,45.54,6,South,112.38
29,38.12,6,South,84.4
34,63.8,5,South,118.82
55,89.79,1,West,109.08
19,108.78,2,South,156.53
29,20.47,5,South,69.69
32,145.26,4,West,172.09
17,64.51,4,East,99.88
4,78.54,3,North,140.27
18,27.22,5,South,98.72
7,49.66,5,West,93.18
41,75.88,5,North,136.19
1,34.13,2,West,26.26
19,17.2,7,South,73.29
54,62.44,6,South,94.57
35,53.52,5,South,90.54
41,97.18,2,West,113.86
41,51.22,4,North,117.97
18,52.74,2,North,102.44
38,72.17,3,East,120.94
14,82.55,3,North,142.85
39,41.12,4,South,84.64
41,79.66,5,North,128.02
53,44.31,5,East,86.19
56,54.96,5,West,85.2
2,71.4,6,South,120.47
18,76.56,9,East,138.51
33,62.01,5,North,104.88
20,35.44,6,East,102.28
38,25.84,8,East,98.55
52,50.64,3,South,92.09
16,80.52,4,East,124.72
54,65.36,6,South,109.41
53,60.15,5,West,129.83
55,54.44,4,West,88.74
5,61.78,9,East,102.72
18,36.68,7,East,120.81
8,74.6,4,West,109.15
8,76.59,8,West,103.92
4,47.37,5,East,70.75
27,65.03,3,South,128.09
6,27.48,4,North,68.89
18,58.68,4,West,80.92
59,51.77,3,East,110.84
54,90.35,3,North,164.24
57,50.43,4,South,80.92
3,77.28,5,South,116.53
40,46.69,4,South,106.74
39,21.88,6,East,75.23
8,49.89,2,South,70.2
55,59.07,4,North,103.57
25,57.99,6,South,112.8
59,58.35,7,West,129.01
7,44.59,6,East,99.32
40,47.97,5,West,87.95
8,34.79,5,North,92.38
57,24.57,9,West,72.8
37,52.32,4,East,94.47
5,40.52,5,East,111.04
13,84.09,4,East,130.42
22,22.81,4,East,89.82
1,61.34,7,South,96.81
1,127.56,4,North,151.15
56,50.75,3,East,86.21
59,54.54,6,North,130.11
33,64.75,3,East,129.01
55,66.81,7,East,143.31
40,46.37,3,East,92.44
2,36.48,4,East,78.64
43,70.89,4,West,132.62
2,25.45,2,West,29.68
49,76.16,6,South,155.3
23,46.68,7,East,123.54
9,54.67,4,South,109.47
16,44.25,4,West,85.92
42,96.77,7,North,192.87
51,60.32,8,West,130.38
35,48.0,6,North,134.01
10,47.47,5,West,91.9
55,51.46,3,South,97.75
48,142.42,4,North,184.34
25,32.24,3,South,71.45
34,84.2,3,South,134.08
58,68.53,7,North,139.87
23,101.08,5,East,157.84
2,70.22,4,West,98.77
9,54.67,5,North,85.44
37,82.11,8,West,126.54
60,59.85,5,North,143.69
45,73.85,5,East,143.55
38,96.67,6,East,160.17
20,56.66,5,North,119.37
27,46.07,3,North,98.94
3,42.2,6,North,93.88
23,65.38,4,East,108.54
38,38.43,7,East,106.77
55,47.47,3,South,109.32
56,37.08,5,East,92.32
50,66.91,4,East,118.9
2,40.41,6,North,76.93
49,32.63,8,South,96.41
14,35.01,2,East,65.12
37,43.45,5,East,103.78
57,45.05,4,North,105.65
54,60.38,4,South,85.45
40,51.18,6,South,113.97
18,63.32,7,West,124.11
32,65.38,7,East,156.86
43,73.42,9,West,139.93
31,25.45,5,North,98.79
25,34.78,2,West,64.07
25,68.17,4,North,129.41
36,59.42,4,South,110.27
3,80.7,4,West,114.62
60,29.44,6,West,91.5
7,45.15,6,North,96.28
60,48.49,8,South,108.06
3,58.36,4,North,96.79
31,55.39,5,East,103.53
26,65.87,5,East,115.32
35,52.15,6,West,91.84
27,94.53,9,North,193.31
54,107.39,3,East,141.76
1,34.91,4,North,77.03
60,55.59,7,West,129.69
42,75.13,6,South,124.17
47,69.0,6,North,145.93
9,46.38,3,West,88.8
4,60.46,4,North,88.44
24,28.98,7,West,95.17
20,54.18,2,East,101.64
47,30.44,5,South,83.88
54,66.9,12,North,161.68
26,34.94,7,South,100.7
47,58.28,6,West,127.72
4,62.03,5,South,88.62
45,56.28,7,North,142.35
6,42.4,5,North,90.15
41,50.19,8,North,153.48
23,87.57,8,West,148.68
25,46.07,5,North,100.71
17,55.07,7,East,120.78
25,43.7,3,East,78.25
53,82.12,3,North,134.05
49,56.32,5,South,115.31
21,40.22,3,South,80.69
18,54.75,5,North,124.98
31,49.58,5,North,138.12
42,95.3,4,South,132.42
11,53.63,4,South,90.7
44,31.4,3,North,92.71
57,66.65,6,East,136.81
51,111.55,8,North,203.07
33,88.13,5,North,149.78
20,35.12,7,North,98.13
20,49.03,5,East,109.99
45,53.93,9,South,131.51
28,54.19,6,North,147.78
7,63.59,4,East,101.59
41,47.58,7,North,128.84
9,37.85,4,East,77.94
60,79.9,7,South,120.38
26,34.83,4,South,81.7
21,39.61,4,North,94.35
4,34.75,4,South,39.0
11,69.75,2,South,95.16
57,56.97,2,South,90.09
33,77.74,4,East,102.48
55,39.88,2,North,84.1
58,33.08,4,North,107.47
3,45.72,6,North,97.57
23,50.75,6,West,97.72
51,59.36,7,East,123.24
30,27.86,3,West,78.22
31,66.12,5,South,136.65
35,38.18,2,West,82.72
43,42.14,4,West,91.68
57,87.31,5,North,169.58
54,22.8,4,South,63.35
38,62.12,9,South,151.11
35,62.02,2,South,108.53
22,39.35,5,South,67.07
7,45.66,4,West,82.56
43,88.98,5,West,158.69
1,119.72,5,North,170.77
42,83.59,10,East,187.15
30,116.09,3,East,157.07
48,41.41,2,West,68.67
57,29.02,7,East,102.19
34,53.46,3,South,96.84
35,75.33,8,South,137.79
30,26.0,3,East,77.02
23,37.69,9,South,119.52
6,39.4,5,North,99.87
2,62.97,6,East,132.81
44,59.8,6,East,135.15
55,40.04,5,West,89.59
4,58.67,4,North,106.2
20,34.54,4,West,92.01
37,46.04,6,North,120.31
43,32.92,5,East,78.49
45,51.41,2,South,81.58
42,39.64,3,North,103.56
6,71.96,5,East,106.4
16,54.03,4,East,99.33
29,49.86,4,North,117.19
4,110.75,8,North,175.59
21,63.64,8,South,112.11
24,47.12,4,North,110.13
59,43.23,5,North,110.78
20,34.04,6,East,88.4
59,53.18,6,North,130.33
43,61.75,5,South,111.55
42,25.39,4,North,83.74
50,31.64,1,East,63.56
51,44.41,4,West,76.99
14,35.19,9,North,123.33
26,55.55,5,West,94.33
32,58.72,7,East,121.45
59,51.99,2,West,75.34
3,68.04,3,West,64.81
29,43.21,4,North,98.91
13,53.6,4,North,104.14
13,36.55,5,West,75.82
46,61.18,4,North,138.44
13,56.28,3,East,97.03
48,33.8,3,South,76.16
60,51.31,5,East,113.92
47,53.78,5,North,122.9
11,61.09,3,West,91.77
9,62.01,6,West,95.02
27,40.92,11,South,129.41
34,74.1,3,East,106.59
47,67.3,5,North,133.55
26,40.86,3,North,92.99
11,34.57,2,West,69.42
60,42.13,5,North,114.06
55,30.31,5,North,122.43
40,59.34,6,East,129.52
42,87.66,3,North,161.32
57,96.41,7,West,171.4
29,35.31,6,West,85.96
9,74.79,3,East,120.8
37,56.48,5,North,133.97
28,20.94,6,East,67.8
48,47.8,5,North,104.5
47,45.72,8,North,124.9
29,88.62,3,West,114.09
23,38.54,7,West,100.69
26,68.39,4,North,131.33
38,52.31,2,North,97.33
39,30.62,8,South,88.63
31,43.78,8,North,136.74
32,100.75,11,South,161.4
60,50.94,8,South,109.01
16,78.44,7,West,128.1
11,76.74,1,West,65.52
48,45.64,4,South,92.16
57,32.68,6,North,99.65
37,34.44,4,East,99.88
25,97.58,2,North,128.14
21,58.01,7,East,132.11
29,27.29,6,North,112.42
4,76.22,5,East,124.58
32,26.72,5,South,87.03
17,39.23,2,South,82.17
16,56.4,5,North,119.22
34,149.63,6,West,184.22
58,75.67,7,East,164.65
13,45.02,5,North,113.86
55,55.22,4,North,120.17
32,78.88,2,North,129.96
59,96.42,2,South,127.14
23,49.45,3,South,93.2
60,50.03,5,West,114.88
40,39.17,5,West,77.47
41,71.24,6,North,152.21
34,82.3,5,East,131.39
28,25.14,4,North,68.8
32,46.58,7,North,103.89
52,33.6,7,North,101.47
48,58.0,3,East,93.41
2,33.28,5,East,58.1
42,32.2,3,West,74.05
51,85.58,8,East,148.39
45,51.1,7,North,145.21
30,53.31,4,North,132.59
21,64.89,7,East,143.09
41,80.51,2,North,139.3
40,46.18,5,North,139.78
23,46.59,4,North,109.12
25,46.67,4,North,113.03
23,84.15,3,South,127.96
3,53.13,5,South,103.63
2,48.6,7,East,91.25
5,63.84,5,North,122.36
26,113.58,4,East,148.2
31,56.24,2,South,114.26
25,49.02,5,West,100.03
58,118.77,6,East,179.76
14,92.94,5,East,130.14
24,87.7,2,South,110.9
15,44.69,5,South,88.53
18,42.95,5,North,121.3
36,26.22,4,East,105.1
19,80.32,7,West,125.77
20,56.31,3,West,94.15
41,26.57,6,South,62.53
50,88.3,5,East,166.13
13,47.71,3,South,68.82
7,50.12,6,South,101.58
15,29.81,12,North,154.59
35,66.48,6,East,114.74
58,66.73,5,East,118.87
10,53.56,5,East,112.41
3,46.19,4,East,72.71
32,156.11,2,North,184.53
60,33.74,4,East,99.95
34,40.91,8,West,114.34
56,72.48,4,West,106.18
39,36.39,3,South,105.9
2,35.33,6,North,68.84
26,85.85,5,North,133.25
47,69.55,4,North,142.67
31,66.26,6,South,107.13
12,58.72,4,North,106.82
11,41.39,3,South,86.7
40,49.35,7,East,101.33
28,52.9,8,South,131.34
35,76.59,2,North,129.62
23,64.74,8,South,136.48
21,37.67,5,East,131.34
40,74.87,9,East,162.6
1,27.9,4,East,71.33
27,48.03,6,West,109.22
23,34.58,3,East,72.81
47,38.75,5,South,105.1
44,117.99,4,North,179.04
26,30.32,2,West,55.78
16,39.34,4,South,80.59
15,66.96,4,North,115.91
13,45.24,4,East,82.99
17,58.1,6,North,128.65
46,96.72,4,South,132.44
3,70.94,4,West,90.9
2,45.26,6,North,101.79
33,51.75,6,West,102.04
14,67.51,5,North,121.41
50,70.39,8,East,150.2
46,55.05,6,South,120.34
47,63.07,5,South,105.28
28,63.09,8,West,104.98
27,52.62,4,East,109.0
26,42.86,3,South,79.71
12,73.48,4,East,119.52
35,61.36,7,West,128.89
52,23.75,4,West,80.42
16,39.24,9,North,83.76
4,45.05,7,West,109.59
34,50.38,4,North,104.49
24,88.37,7,South,132.97
48,196.55,8,East,248.28
52,20.42,5,West,49.16
58,61.67,3,West,104.81
24,56.14,2,North,120.22
55,50.8,7,East,114.11
8,67.84,8,South,134.61
23,57.97,5,West,109.63
16,47.25,3,South,87.09
56,55.24,5,West,83.34
37,68.21,7,East,142.29
22,65.67,5,North,144.2
10,58.88,4,South,87.24
47,43.23,5,East,118.65
40,168.62,3,South,208.29
52,63.04,6,South,146.71
27,74.07,6,North,142.76
9,44.56,5,East,102.81
21,58.9,6,East,131.51
38,58.71,3,West,87.74
15,25.41,5,North,67.08
5,40.99,3,North,76.23
50,40.69,5,South,108.26
32,42.94,4,North,116.42
24,35.59,6,South,103.55
34,55.56,7,South,128.62
45,95.48,4,East,151.44
1,57.52,4,South,79.98
27,34.04,6,West,100.93
16,36.15,8,East,98.73
6,46.95,3,West,67.57
3,30.99,6,South,71.99
27,61.67,3,East,123.77
33,93.81,3,South,125.79
31,43.36,6,South,99.82
47,56.29,6,South,117.71
28,45.99,2,East,85.9
36,42.44,7,North,110.75
49,58.9,4,East,122.55
40,41.87,4,West,60.94
55,39.51,4,North,109.46
14,28.57,3,East,82.9
48,56.03,5,East,106.09
42,83.66,6,West,125.88
35,72.45,5,West,104.73
1,99.17,4,West,109.53
33,41.69,7,West,86.57
52,76.73,5,North,164.49
39,35.13,4,South,71.51
1,72.51,8,West,125.84
18,105.39,4,South,165.25
35,66.64,2,East,77.98
49,106.14,4,South,160.33
27,42.97,5,South,87.57
52,51.74,6,South,115.02
48,37.85,7,South,102.06
17,55.36,6,North,115.08
12,60.82,2,East,88.9
55,55.17,5,East,109.08
36,45.17,4,South,107.76
51,44.87,4,South,87.98
56,62.68,3,South,105.38
26,51.23,4,West,91.13
3,34.44,5,North,80.92
55,25.56,4,East,83.91
36,43.03,5,North,120.19
8,31.41,4,West,59.73
32,39.09,4,North,127.34
2,46.09,5,West,86.6
18,51.5,7,North,137.82
21,41.83,5,West,98.08
28,131.17,4,North,211.56
34,32.97,5,South,98.82
51,88.56,5,South,160.6
22,51.16,3,West,95.82
45,41.97,7,East,111.45
57,69.06,10,East,137.85
45,45.55,3,South,96.37
16,39.54,8,East,96.1
41,111.71,2,South,143.31
17,22.7,2,East,61.21
29,49.5,6,South,109.25
39,58.91,10,West,148.11
18,95.89,6,North,148.77
1,46.55,3,North,97.13
51,158.29,4,North,196.99
44,73.97,4,North,146.62
8,21.18,5,South,68.07
23,30.52,4,West,83.12
16,60.03,6,North,151.46
59,34.55,3,North,80.21
57,67.97,5,South,100.06
42,45.54,4,North,115.26
27,33.84,4,North,90.92
4,37.12,5,North,105.39
15,76.77,7,East,127.98
6,24.31,7,West,84.37
48,82.94,4,North,146.72
6,83.92,6,South,118.46
41,47.82,4,South,110.73
58,31.13,1,North,67.01
19,68.19,4,North,127.25
42,44.95,5,East,97.05
53,29.78,6,North,114.1
26,117.17,5,North,184.92
27,38.33,1,West,64.94
13,30.3,6,South,67.26
26,61.19,2,South,93.52
53,53.14,6,East,108.95
40,98.94,5,West,138.57
13,46.89,7,East,103.52
32,47.09,6,North,138.1
43,62.43,5,North,131.41
5,59.13,5,East,109.97
46,59.86,4,South,120.5
13,60.87,7,East,110.28
18,58.31,4,East,133.64
25,46.22,5,South,100.95
31,76.18,4,West,97.57
55,47.28,5,South,105.66
14,75.32,9,East,152.07
16,95.12,7,North,155.57
23,41.64,3,North,129.77
52,142.85,7,South,179.95
58,41.06,6,South,106.19
28,41.18,1,West,71.47
42,67.76,4,North,143.26
56,65.15,3,West,111.31
51,56.19,3,North,109.77
41,75.74,6,South,122.63
33,60.4,4,East,122.12
60,124.75,6,North,188.17
15,53.45,4,South,102.25
22,38.79,4,North,98.83
43,43.79,4,East,97.5
2,65.93,2,North,119.83
31,66.31,5,North,119.19
52,59.3,5,East,108.05
11,38.87,6,East,101.19
49,85.07,4,South,120.61
25,118.49,2,South,166.19
52,55.24,4,West,60.13
39,112.65,5,South,144.11
10,77.21,5,East,120.89
45,132.62,7,West,194.21
4,65.96,4,East,96.93
15,57.66,4,East,104.81
54,76.47,6,North,166.29
53,45.9,4,North,121.8
3,64.25,6,North,118.85
23,92.97,5,South,144.84
6,75.78,5,North,123.11
17,53.93,3,East,125.75
59,59.16,1,South,73.91
12,73.93,4,North,118.83
39,72.95,5,West,132.65
49,73.7,5,North,141.34
53,62.54,5,East,138.21
22,39.26,4,South,113.6
42,41.84,8,North,134.63
30,65.66,7,North,141.62
7,76.14,6,South,102.64
14,72.3,7,East,117.65
45,41.68,4,South,61.45
42,51.39,5,East,110.24
32,34.13,5,North,124.09
47,31.29,7,West,82.58
42,56.41,9,East,147.54
21,94.0,1,East,129.57
18,56.82,4,North,100.09
57,117.13,4,South,170.05
59,51.13,6,South,111.18
2,55.28,5,East,118.39
48,36.73,2,East,75.59
8,47.52,2,West,85.79
52,33.92,4,East,58.47
36,29.43,6,South,95.23
42,34.15,5,North,78.37
43,56.49,4,South,79.51
37,40.66,7,West,107.2
16,44.7,4,East,72.01
49,64.32,5,South,96.65
34,29.38,8,North,110.72
33,56.4,5,West,110.85
20,76.65,7,North,158.12
1,79.35,5,South,115.52
34,67.13,4,South,115.35
21,53.47,4,South,84.61
40,42.54,5,North,96.17
22,52.83,4,East,118.03
59,105.78,4,South,148.41
41,60.9,7,West,128.0
28,52.31,4,South,96.38
43,68.41,4,West,109.61
39,55.69,8,North,148.85
38,59.76,2,South,95.85
35,49.47,3,North,93.47
56,46.25,9,West,112.56
20,81.32,7,North,132.65
26,25.02,4,North,96.75
16,66.12,4,West,92.2
35,45.12,5,West,95.95
60,25.48,2,East,58.49
37,36.97,6,North,112.83
13,53.82,4,South,113.28
56,56.86,7,West,111.85
48,73.41,3,East,120.57
27,75.43,3,North,141.89
9,29.41,5,East,89.38
25,63.5,10,West,134.46
49,73.07,4,North,149.32
35,59.59,9,East,152.66
12,66.75,4,West,103.33
10,25.2,5,South,43.02
59,36.74,9,East,131.07
27,94.29,4,North,158.46
42,48.82,3,East,111.57
22,132.85,5,East,194.16
6,32.74,2,East,67.69
25,102.05,2,North,132.21
42,42.76,4,East,71.01
21,77.09,3,East,129.49
37,48.51,6,West,115.06
27,57.18,6,West,104.55
21,69.28,5,North,125.77
16,42.72,4,East,80.93
16,75.22,5,South,115.58
16,49.09,5,South,90.76
44,58.63,4,South,111.04
21,18.95,7,South,80.85
45,47.71,7,East,104.63
19,90.51,7,West,153.86
20,72.09,5,East,127.49
56,77.84,6,North,164.44
53,55.78,4,North,122.57
25,106.75,7,South,163.92
17,61.28,3,North,100.91
43,41.93,5,West,113.98
5,76.87,3,North,119.38
28,78.97,7,South,139.86
36,70.23,2,West,87.39
41,46.47,3,South,71.3
7,61.1,6,East,106.11
1,95.33,8,West,158.55
17,66.09,7,South,137.64
8,30.23,5,South,50.43
31,42.46,2,East,73.67
56,41.67,3,North,93.1
18,40.38,6,North,109.7
28,23.46,6,East,97.05
13,116.31,9,North,176.81
3,38.45,2,South,68.44
43,39.58,6,West,91.51
16,25.11,4,North,86.91
33,77.21,3,East,126.11
41,52.65,4,North,112.15
51,47.45,4,North,113.43
12,48.46,6,East,102.07
35,69.07,4,South,120.69
55,45.06,4,East,102.92
30,24.64,6,North,111.18
3,32.57,4,South,84.3
16,31.9,7,West,82.21
48,60.95,4,North,128.76
48,79.2,8,East,149.74
19,98.13,2,North,142.52
12,28.39,5,East,76.72
18,69.97,3,East,110.83
15,42.69,6,West,78.04
45,175.81,5,North,223.56
51,94.96,3,South,154.42
3,107.85,6,North,189.99
45,75.26,7,South,145.65
46,63.61,3,East,100.35
37,46.48,3,North,114.4
53,42.96,6,South,127.65
3,39.64,6,West,72.3
42,69.9,3,North,123.36
8,101.92,2,North,135.19
54,47.34,5,North,123.07
30,40.9,5,East,99.4
6,30.16,9,West,93.8
45,60.21,4,East,116.07
45,89.27,4,East,117.24
28,91.08,6,North,152.86
19,94.76,3,South,111.98
2,64.47,6,North,124.77
55,56.6,2,South,83.97
12,91.19,3,South,110.24
51,35.02,3,West,65.5
36,45.77,6,East,106.55
42,108.24,4,East,157.86
42,35.52,2,West,68.22
52,53.85,3,East,107.59
3,70.28,8,East,139.32
60,56.43,6,North,107.17
3,86.47,4,North,140.45
60,100.51,7,North,167.57
16,66.15,5,East,112.4
51,95.2,2,South,146.9
6,37.66,9,West,92.12
28,51.26,4,North,117.49
33,142.89,5,South,181.52
58,118.77,4,South,162.73
8,32.76,5,South,93.87
3,54.32,5,East,90.83
39,57.65,6,South,112.32
3,64.5,4,North,126.92
47,90.89,5,North,148.12
3,113.94,7,South,168.64
59,55.42,4,South,101.84
32,85.52,4,West,123.21
57,70.76,3,South,122.47
8,54.14,8,North,123.94
17,27.68,10,North,132.85
28,82.05,3,South,123.01
2,69.55,5,North,103.05
7,63.81,5,East,112.2
20,36.87,5,North,104.7
45,119.54,2,East,135.81
43,58.03,4,East,102.18
6,34.59,9,North,121.9
4,32.43,8,East,95.09
40,71.59,9,West,123.37
22,72.45,3,East,138.6
48,45.37,5,West,102.66
18,65.7,7,East,110.75
22,71.31,4,South,107.08
14,57.74,6,North,136.49
16,41.24,7,East,116.29
43,80.2,7,East,158.77
29,76.33,5,South,96.26
40,68.52,5,South,134.05
5,39.12,6,East,98.42
33,32.06,5,North,127.37
28,56.3,4,North,115.22
55,79.19,7,North,158.58
26,82.78,9,East,183.44
7,68.98,9,South,138.8
42,45.6,5,North,93.69
9,39.58,6,South,97.64
55,54.23,5,West,92.27
24,54.44,8,South,124.56
48,85.02,5,East,147.25
40,45.07,5,South,97.19
28,46.59,2,East,87.29
36,124.21,5,East,185.79
11,101.54,5,West,129.76
5,38.36,6,South,97.29
46,98.25,7,West,167.1
58,34.86,8,North,134.56
52,45.9,4,West,99.26
19,48.03,3,North,123.15
22,52.93,4,North,136.38
22,69.96,7,East,129.66
43,56.97,5,West,73.55
38,69.82,2,West,94.27
48,46.49,4,West,111.45
57,63.41,1,North,106.3
24,56.35,4,West,108.34
40,31.33,4,West,79.39
31,66.23,5,North,127.46
58,56.74,5,North,139.36
22,41.04,2,North,98.51
12,46.07,4,West,89.21
23,46.52,4,East,125.5
38,49.5,7,North,122.53
58,110.34,6,North,182.14
50,125.98,7,South,174.43
2,18.35,7,South,72.26
31,66.37,6,West,109.12
10,80.0,3,South,101.84
22,50.08,3,North,110.8
57,79.14,6,South,149.58
60,105.81,4,North,166.57
10,31.54,3,East,64.87
9,57.6,5,North,117.55
42,119.43,6,North,188.22
25,33.28,4,South,70.95
26,52.14,2,South,95.83
53,45.63,6,South,106.6
56,83.16,3,East,119.15
55,87.93,8,South,160.62
47,58.26,5,East,92.95
59,55.31,6,East,99.46
44,27.45,4,North,99.77
54,96.47,4,South,119.13
33,47.41,3,South,120.03
4,51.58,6,East,101.89
49,80.53,5,North,132.11
56,59.09,8,North,137.99
19,81.58,3,North,133.57
26,69.5,4,West,110.8
35,59.24,3,East,88.62
40,61.82,3,North,120.95
41,34.84,4,North,77.09
24,51.44,4,South,116.12
52,84.24,5,South,126.37
49,38.11,6,East,99.15
57,41.01,7,West,114.53
35,38.4,5,West,95.86
5,58.05,8,West,120.8
51,95.68,5,North,169.94
5,67.96,4,East,106.77
12,22.86,5,East,60.03
18,70.77,6,West,98.79
12,45.75,7,West,98.18
44,66.94,9,West,136.52
27,51.43,4,South,106.98
14,38.7,5,West,71.33
1,53.06,5,North,91.64
13,45.76,6,East,100.6
42,61.75,3,South,97.45
48,38.31,3,East,68.0
18,34.82,7,West,92.85
5,73.17,3,North,140.15
34,85.08,2,East,123.8
47,68.86,5,West,129.62
5,42.12,6,South,107.07
48,40.61,4,South,91.11
11,41.55,2,South,74.64
16,77.96,5,South,116.84
38,39.25,6,East,91.9
4,77.76,2,West,81.25
19,70.44,2,North,133.27
9,89.58,5,North,138.17
13,83.53,6,South,130.37
47,67.83,4,East,109.89
14,30.34,8,West,93.26
3,69.69,8,West,128.79
13,57.18,2,West,101.21
6,47.03,10,North,108.99
38,94.15,3,North,143.65
59,51.39,5,West,108.17
11,44.18,8,North,131.35
44,85.59,5,East,154.13
22,46.43,8,South,111.13
5,43.3,6,North,83.67
42,34.78,5,South,107.39
13,39.33,7,East,108.33
31,40.7,4,South,90.86
31,69.99,5,North,145.63
36,36.32,5,North,106.86
9,25.97,11,North,129.24
16,61.64,4,North,92.82
45,42.37,3,North,109.05
56,54.24,3,East,112.04
1,91.19,4,South,121.12
25,56.18,4,West,91.99
53,99.87,5,East,153.31
18,53.13,3,South,102.63
27,81.68,4,West,129.74
55,43.86,3,East,97.24
59,57.0,6,North,139.28
40,37.59,6,North,120.91
42,39.42,4,West,77.02
37,49.91,7,North,130.64
18,32.09,3,East,89.37
54,58.19,3,North,115.11
3,48.37,9,West,91.64
4,59.97,3,East,80.64
37,32.29,3,South,66.57
51,72.29,7,North,137.15
49,107.67,6,North,166.16
41,98.95,5,North,185.37
23,116.93,5,North,176.88
22,55.53,2,East,113.96
26,47.42,8,East,137.8
16,66.36,3,North,101.55
26,49.64,8,North,131.65
7,27.22,6,North,80.46
20,75.77,6,East,142.45
57,49.71,6,North,126.22
43,30.36,4,South,62.22
9,44.55,9,West,102.82
18,50.17,4,South,94.43
16,54.86,5,North,120.68
17,55.12,4,North,99.39
42,94.41,3,South,125.51
54,32.61,4,South,83.66
43,51.37,5,North,122.04
30,38.41,4,South,76.1
10,90.24,7,West,134.96
9,43.62,5,South,81.42
49,47.58,9,East,140.32
41,83.09,8,East,153.48
31,92.75,4,South,143.19
35,98.4,4,North,166.64
51,28.3,6,East,103.35
49,66.23,3,South,117.31
6,60.83,2,West,73.65
24,53.49,4,East,91.81
3,56.07,5,North,93.42
24,91.31,6,North,168.2
39,82.72,4,North,166.5
13,78.16,3,South,100.94
10,59.31,7,North,144.89
30,135.4,5,West,159.44
32,46.51,8,North,135.19
43,28.61,3,East,59.35
1,49.1,6,East,87.32
15,55.87,5,South,88.97
47,91.95,1,East,135.66
41,44.51,3,East,114.76
54,66.45,10,North,142.97
49,30.24,5,South,75.89
51,84.15,6,South,168.44
31,56.11,5,East,135.87
58,48.8,8,East,132.76
25,128.08,5,North,185.79
55,83.76,2,West,99.91
24,36.02,8,North,119.06
27,52.26,4,East,97.08
42,163.13,6,North,238.79
24,120.49,2,North,161.02
9,78.98,5,West,115.28
54,26.08,8,South,131.52
28,93.02,5,East,147.0
56,42.35,6,East,107.35
24,92.7,3,North,159.68
59,40.89,4,West,94.44
37,66.39,5,North,139.13
47,42.26,7,East,93.19
46,47.21,10,East,161.92
13,70.03,2,South,104.43
49,32.22,6,West,98.0
57,141.03,4,North,210.66
40,36.2,6,East,116.17
57,35.4,4,North,97.77
51,70.11,3,South,134.21
40,91.54,2,West,111.51
29,47.97,7,West,85.05
52,35.57,1,West,58.81
12,37.75,4,North,76.95
34,36.16,7,North,122.73
49,61.76,4,North,115.0
57,53.09,2,South,91.4
17,64.74,5,North,123.21
6,63.18,7,North,131.91
21,75.92,8,North,148.53
52,46.34,5,South,94.03
32,40.64,3,North,79.32
4,58.12,5,South,99.52
8,53.41,5,North,119.09
21,60.41,2,North,116.36
21,41.07,6,West,86.46
9,70.59,3,East,107.88
30,34.08,6,East,93.23
29,45.78,3,South,82.35
12,85.77,4,West,91.09
14,34.73,6,West,86.43
40,83.1,2,South,116.97
58,31.07,6,North,112.53
60,28.96,6,East,123.75
34,30.04,5,West,66.83
3,57.21,5,North,124.28
54,73.1,8,North,163.89
58,91.56,2,North,131.56
17,88.69,2,East,131.14
25,77.1,6,South,134.99
2,39.15,7,West,87.9
49,39.01,6,West,85.91
47,74.82,4,South,116.97
2,96.4,8,North,146.97
43,36.15,5,South,100.89
25,91.62,8,East,187.72
33,25.33,5,North,90.37
14,63.81,4,North,122.04
49,52.38,3,North,102.54
25,50.32,2,East,71.01
51,55.29,3,East,98.37
9,38.8,4,South,75.72
36,65.26,3,South,118.33
19,55.94,3,North,117.6
58,79.37,9,South,157.97
34,103.15,7,South,170.04
44,57.44,4,North,99.05
6,39.35,3,South,103.84
41,34.63,4,South,63.14
7,107.69,5,East,165.54
22,102.32,2,North,134.11
14,77.86,4,South,115.73
1,55.92,6,East,117.8
36,75.65,6,North,168.88
15,92.0,7,North,161.18
31,42.64,4,East,88.92
46,55.25,6,East,107.59
11,35.08,6,North,95.93
43,51.85,8,South,115.19
18,101.26,7,South,175.83
20,84.05,8,South,137.9
35,57.63,2,East,81.29
38,18.59,4,South,62.16
40,42.0,5,North,134.1
12,56.88,5,North,106.56
35,50.08,5,East,116.24
16,55.32,5,North,126.88
17,60.16,8,West,106.77
57,44.1,1,North,90.49
7,54.43,6,West,96.66
25,51.43,5,South,112.22
27,41.21,3,South,94.61
15,114.27,4,North,156.13
48,45.12,4,East,94.75
30,22.16,4,East,77.41
44,111.42,4,South,185.38
24,38.92,5,West,72.89
54,78.25,5,North,142.74
44,41.58,5,North,113.83
20,68.56,7,South,119.09
58,53.56,6,South,122.03
52,81.46,4,East,120.86
36,50.12,5,North,118.6
1,42.01,4,East,63.74
36,60.51,2,North,95.73
42,46.85,8,South,114.58
22,25.24,4,South,68.44
9,42.92,4,South,80.86
34,172.0,4,North,225.96
49,26.35,7,East,118.97
20,60.12,2,East,88.72
28,49.54,8,South,96.96
1,113.81,4,East,124.01
43,35.01,4,North,93.94
52,56.86,7,East,112.67
47,71.84,5,East,133.17
26,50.82,5,South,81.67
3,40.16,7,North,91.06
30,54.12,1,South,69.55
57,48.24,7,North,120.6
6,48.19,7,East,95.54
13,79.22,7,South,132.85
51,64.15,3,North,122.77
35,68.08,3,North,121.6
11,62.31,6,West,105.14
2,80.15,6,West,112.92
25,91.99,8,East,148.53
36,48.68,5,South,108.57
51,75.78,4,West,110.99
54,32.51,7,South,73.43
28,22.17,5,West,64.78
26,113.36,2,West,124.34
56,47.78,7,North,128.67
47,60.4,1,East,100.2
13,33.45,4,West,57.45
41,32.83,5,North,102.21
43,41.05,4,South,101.87
15,70.61,6,South,112.42
59,44.41,4,North,110.03
18,47.74,2,West,73.41
33,40.54,4,East,95.12
30,87.04,7,South,153.04
42,77.28,5,East,138.57
55,44.99,8,East,121.18
24,71.78,3,North,113.99
24,49.5,4,East,102.1
46,47.7,5,East,108.68
58,53.52,4,West,86.87
55,70.62,5,West,113.7
46,38.21,2,South,74.84
43,66.75,8,North,161.15
47,148.28,5,West,215.44
57,58.75,5,West,107.57
1,55.38,2,North,94.05
36,52.79,4,South,107.85
3,66.11,4,North,113.45
35,28.67,3,East,60.95
24,107.82,1,North,133.23
19,80.84,4,South,117.31
54,42.19,6,East,96.48
43,55.29,4,West,87.96
35,43.69,8,West,95.64
53,61.54,3,South,110.03
6,55.95,5,East,75.58
39,59.83,4,North,130.75
10,36.19,5,North,110.93
14,45.03,8,North,133.48
12,86.35,3,East,108.52
33,44.1,7,West,109.75
38,18.97,5,East,86.47
46,51.41,5,South,87.18
27,143.25,6,South,207.48
57,76.67,5,West,123.42
23,43.22,4,East,108.37
10,53.5,6,East,88.67
3,71.66,2,South,100.08
8,27.04,2,North,78.05
27,38.77,5,West,118.04
25,64.03,6,South,113.74
52,103.32,5,North,137.26
8,45.8,1,North,87.94
16,102.19,5,North,148.38
59,40.38,5,North,121.58
2,14.09,5,South,40.65
26,73.52,5,East,138.79
12,67.77,3,North,108.39
33,73.29,2,South,115.41
59,72.16,6,South,134.59
14,58.95,5,West,107.69
23,49.23,3,North,115.12
27,49.99,4,North,119.17
48,45.41,3,East,79.24
60,46.52,5,East,122.74
6,26.46,7,South,80.66
30,33.59,5,North,110.56
46,51.14,3,East,94.21
1,22.28,4,West,60.29
49,24.46,5,North,99.07
15,47.76,5,West,95.84
32,51.87,8,South,113.51
59,48.17,7,South,125.78
39,21.07,7,North,108.29
60,101.59,7,East,148.49
37,30.74,3,West,61.24
13,39.36,7,North,117.23
42,32.96,4,North,107.47
37,91.8,5,South,151.1
19,64.62,3,West,84.1
5,45.18,4,West,75.23
39,43.93,5,North,102.42
35,58.66,4,East,108.11
47,33.16,1,North,70.73
8,63.58,3,North,111.52
33,43.84,3,South,99.82
50,67.21,4,West,127.92
54,66.31,3,North,124.85
57,43.06,6,North,113.44
13,24.02,4,West,40.16
11,49.47,7,North,127.28
35,30.58,7,East,117.62
28,56.34,4,East,125.71
15,49.27,6,East,102.1
7,43.16,7,South,95.08
9,32.52,2,South,62.89
21,87.77,3,East,129.53
45,45.54,3,North,89.62
4,139.96,4,North,162.36
7,55.37,4,South,101.25
16,62.84,2,East,112.31
53,55.46,2,North,98.91
60,62.59,6,West,128.34
27,84.53,5,West,135.81
3,84.92,5,South,116.77
1,26.93,4,East,66.12
52,76.88,5,South,142.05
27,66.61,6,South,118.26
5,55.39,6,North,112.84
51,108.31,7,North,173.65
32,110.07,3,South,127.53
21,78.4,3,South,126.19
28,43.93,2,East,72.36
14,33.89,5,North,99.75
56,73.83,6,West,134.74
48,94.05,7,North,167.98
12,24.25,6,North,98.9
45,84.31,4,North,137.12
11,49.31,3,West,97.58
28,26.48,4,South,69.02
45,65.87,2,South,129.44
3,78.55,6,North,119.77
44,47.44,6,North,111.95
14,35.77,3,North,80.08
42,108.29,6,South,171.76
30,41.79,3,West,74.33
2,86.82,6,South,149.04
46,29.81,4,North,94.02
16,64.48,2,West,95.54
58,63.75,6,East,126.04
51,77.43,5,East,124.56
12,99.21,3,South,115.96
37,39.43,8,North,132.81
22,67.24,4,North,128.5
37,31.61,5,North,66.3
34,31.46,4,West,84.12
18,43.32,3,North,94.34
40,64.31,3,North,134.46
16,106.78,7,West,152.22
55,114.84,3,South,153.21
57,47.37,6,North,124.62
10,61.7,7,East,111.51
44,79.61,6,South,138.1
56,74.15,3,East,119.79
8,51.02,4,East,105.23
45,56.29,7,East,118.99
57,52.24,3,North,98.61
14,50.23,6,North,131.47
35,47.63,4,West,107.14
48,52.05,4,West,83.43
21,46.42,1,West,65.53
15,34.67,5,South,92.3
24,77.09,3,West,93.19
21,67.12,3,North,113.77
44,115.66,6,East,171.94
23,63.3,5,South,114.67
23,46.21,3,West,85.11
57,42.5,4,East,86.14
35,55.64,4,West,109.31
56,68.11,5,West,113.31
43,49.51,5,West,90.34
54,30.32,3,South,82.61
12,40.63,7,North,123.65
57,54.99,2,North,109.38
57,73.41,4,East,142.32
3,30.13,5,South,55.24
22,60.71,2,South,100.22
25,59.65,7,South,115.47
26,45.58,5,East,121.67
47,43.17,6,East,114.65
42,40.67,4,South,102.34
13,57.76,3,North,122.51
37,85.69,4,North,152.95
59,88.16,3,South,122.51
27,34.83,9,East,104.31
56,50.66,4,North,111.07
39,22.71,3,East,67.78
56,57.04,5,East,113.14
55,69.34,6,West,131.72
2,102.35,2,North,126.69
49,26.72,7,North,123.73
12,35.33,4,North,90.89
50,57.84,6,West,103.13
49,28.58,5,South,92.19
16,58.49,6,South,105.14
4,70.05,4,West,101.82
26,32.7,4,West,74.41
19,57.57,3,South,82.26
34,33.62,6,South,107.14
5,94.65,6,North,132.35
3,59.3,5,South,106.0
27,42.27,4,South,103.63
47,33.27,7,North,124.92
19,63.79,5,East,132.33
20,93.99,8,North,175.61
10,40.1,4,South,99.73
17,45.79,6,South,102.63
18,40.41,6,South,84.81
16,101.72,4,North,153.05
21,25.45,4,West,60.51
18,91.31,1,East,129.24
41,46.95,4,North,114.44
21,53.06,5,West,95.21
46,47.64,4,North,126.24
37,60.09,7,South,127.86
39,40.78,5,West,99.91
36,83.38,4,East,126.82
56,84.74,6,North,174.66
16,36.84,9,South,84.25
59,71.31,4,East,127.06
13,47.34,4,East,104.89
9,55.74,8,South,115.46
50,100.49,4,South,141.44
54,41.7,2,South,101.15
6,79.09,4,South,122.49
36,65.55,9,North,154.95
31,50.52,4,North,103.37
14,63.24,6,East,111.65
32,60.3,4,West,83.68
42,34.35,4,South,92.06
35,42.83,3,North,84.28
32,35.94,3,East,93.09
54,48.88,6,West,107.95
14,93.5,5,West,113.48
38,68.88,5,West,136.51
19,30.78,5,West,89.52
59,48.94,5,North,114.18
16,59.95,4,West,79.66
53,73.53,11,East,149.1
38,42.09,7,East,117.41
13,33.28,6,South,96.6
46,53.38,7,South,119.14
15,68.55,9,North,144.76
16,59.98,3,East,84.25
21,38.33,5,North,124.01
41,110.15,3,West,146.69
24,52.48,5,East,101.71
35,59.0,7,North,137.35
34,41.9,4,East,112.73
12,85.0,12,East,173.99
14,68.63,6,North,140.3
19,61.92,2,West,107.18
14,34.44,4,East,97.04
56,84.57,2,East,135.75
23,73.9,4,South,122.01
25,81.94,3,East,134.39
41,55.41,5,North,140.0
48,52.99,5,East,118.49
42,50.76,3,East,99.7
34,135.86,5,North,190.23
59,43.95,3,West,90.02
54,33.97,4,East,68.16
13,47.03,2,North,75.87
10,44.11,4,North,109.55
24,90.37,6,South,164.64
51,31.74,2,North,87.93
58,43.62,2,North,105.89
43,58.92,3,West,113.9
42,90.68,3,South,109.84
15,72.62,3,East,85.22
36,104.34,3,East,134.78
12,62.7,7,North,120.58
33,50.33,3,East,91.87
12,76.88,5,North,172.9
5,31.6,9,South,74.64
59,27.55,4,East,69.97
54,80.68,2,East,135.63
42,59.4,5,West,128.49
38,80.29,11,North,186.88
15,38.82,3,South,49.06
35,91.28,7,East,150.08
45,71.39,6,East,126.05
33,53.92,7,West,112.89
17,59.32,5,East,108.11
24,62.73,4,North,152.25
51,38.76,9,West,120.83
16,46.81,8,North,126.91
58,62.33,4,South,109.99
46,46.06,5,North,93.66
54,30.33,2,South,47.66
31,61.43,4,East,139.68
14,76.28,4,North,122.86
3,83.71,8,West,104.66
33,67.55,5,North,144.91
24,75.74,5,East,149.82
7,81.04,2,East,127.69
56,56.37,9,North,149.03
59,23.39,6,South,88.78
23,86.83,7,West,145.22
41,38.19,6,North,113.77
25,34.73,4,South,81.59
30,35.12,5,East,72.8
38,147.5,4,South,175.9
25,65.12,3,North,117.74
49,35.99,7,South,82.65
12,41.54,7,South,80.85
41,54.58,4,North,106.09
59,67.83,7,South,140.98
52,61.05,6,East,117.71
3,37.66,4,North,80.96
7,61.98,6,North,115.27
38,42.76,2,East,85.83
56,82.99,3,North,133.27
51,55.84,7,South,114.19
55,40.3,3,North,122.32
9,71.92,1,West,70.68
32,63.64,10,South,144.35
44,45.15,6,South,100.12
38,73.12,4,North,139.72
47,70.22,6,South,139.75
13,88.3,7,West,140.4
28,72.53,7,North,149.04
27,50.12,4,East,97.44
57,27.77,7,South,95.84
13,58.83,3,South,74.29
20,62.6,5,East,125.88
2,55.73,4,South,105.5
10,16.37,6,West,107.5
59,71.63,10,West,156.66
51,37.91,5,North,86.93
16,71.83,7,North,162.12
43,107.8,2,North,152.63
36,49.35,6,North,127.94
55,65.07,6,North,133.81
19,55.32,4,East,118.15
60,67.37,8,South,130.1
23,56.9,5,East,111.71
44,44.4,6,South,90.25
24,38.02,6,East,101.27
41,103.15,4,East,157.01
21,65.07,6,North,144.5
51,76.11,5,West,127.71
39,64.05,4,East,97.62
18,80.67,6,West,109.23
58,38.15,3,East,94.33
43,56.45,2,West,115.83
26,66.83,5,North,126.66
9,91.57,5,East,144.38
59,159.05,7,South,212.82
46,64.26,2,South,107.34
41,41.91,2,East,85.45
50,33.84,8,West,104.51
37,38.02,4,West,75.72
14,40.06,4,West,76.24
15,17.11,4,South,64.74
5,41.67,6,South,77.03
4,72.73,5,North,132.26
44,56.27,8,North,138.0
52,49.23,6,East,149.8
10,28.54,4,East,83.87
35,83.11,3,West,128.08
8,67.0,5,South,103.25
25,54.32,2,North,112.62
48,22.62,5,East,91.22
49,44.87,5,North,93.96
57,64.94,5,South,121.31
19,53.98,3,West,112.66
57,58.96,5,South,89.68
48,71.82,6,North,164.44
21,58.08,7,East,142.1
20,70.8,4,North,114.13
7,38.96,5,South,69.94
56,33.48,5,North,113.61
13,66.09,5,South,85.39
17,71.73,6,West,123.86
25,67.19,6,North,152.13
9,57.55,4,South,103.11
49,47.96,8,South,115.77
42,59.41,3,East,107.79
10,63.54,5,North,123.44
10,65.09,7,East,125.31
2,154.91,4,East,182.03
57,37.78,7,North,138.94
27,198.42,5,North,246.35
40,33.03,6,West,110.68
9,63.71,5,South,128.12
14,33.85,7,West,77.22
33,61.71,6,East,116.77
13,80.87,5,North,112.26
37,55.31,5,North,103.27
56,80.58,6,North,141.35
19,46.09,5,East,94.42
37,24.05,4,North,94.23
55,70.15,6,North,134.04
54,55.27,6,North,123.7
1,45.07,8,West,115.7
7,46.33,6,North,126.11
60,64.24,5,South,120.89
56,39.42,4,South,115.38
20,63.44,7,South,120.54
32,87.83,7,South,145.24
35,124.47,3,West,164.16
41,95.76,8,East,176.72
46,58.25,5,West,108.71
23,60.53,6,South,111.07
54,46.52,7,South,112.34
4,45.32,5,East,91.96
2,77.39,4,East,98.43
58,48.28,5,East,100.3
11,63.21,4,West,86.8
60,37.15,3,South,74.04
18,94.46,2,North,130.15
22,47.99,7,East,113.35
2,84.37,4,North,111.76
57,41.2,4,North,98.25
22,40.34,6,North,120.75
11,92.87,5,South,139.18
30,42.5,5,North,114.88
10,29.16,7,North,94.69
48,36.02,2,South,66.01
5,76.91,5,East,105.93
30,74.01,2,South,108.9
24,40.25,4,North,111.75
3,42.41,5,North,112.5
4,71.46,3,East,110.84
32,92.42,8,North,185.45
24,53.12,7,East,127.4
8,68.15,7,North,139.64
9,77.43,4,South,106.76
49,129.18,6,North,184.5
44,34.39,2,North,96.39
37,41.78,5,South,119.01
51,44.59,8,South,110.73
5,76.02,2,South,91.14
42,49.36,6,South,109.9
46,61.86,6,South,134.06
13,57.33,3,North,105.82
33,54.64,4,West,104.12
47,56.99,3,East,111.14
37,82.43,3,West,112.93
15,37.03,3,South,76.81
40,51.45,5,East,97.29
46,33.58,5,West,107.55
1,59.78,1,South,81.28
35,50.49,4,West,112.7
31,83.74,4,East,137.19
23,54.49,5,North,119.94
3,45.72,7,South,76.14
6,49.47,7,South,97.09
46,108.78,2,North,154.56
50,29.14,2,South,61.15
26,42.48,9,West,109.16
57,55.39,7,West,103.65
56,42.33,3,North,99.53
40,66.44,3,West,90.51
35,53.38,4,North,121.47
58,60.48,2,North,109.73
37,57.23,5,North,113.58
57,52.39,8,North,155.98
59,32.58,8,East,119.86
12,58.58,4,South,88.55
40,26.97,6,East,78.75
44,41.73,7,South,113.42
50,66.4,6,West,130.48
21,87.87,4,North,141.37
52,139.74,7,South,207.18
30,46.0,4,South,93.81
24,38.63,5,North,117.75
10,67.28,4,East,116.52
20,115.35,5,East,144.4
59,100.8,7,East,165.71
43,36.09,4,South,64.78
44,51.61,7,South,116.56
54,76.72,4,East,105.73
17,78.88,3,North,134.85
40,69.18,8,South,120.87
23,45.63,2,North,92.34
51,68.94,7,East,139.45
26,79.18,3,West,99.98
52,37.61,6,North,120.63
45,92.95,7,West,154.47
47,81.19,7,East,145.43
56,40.58,6,North,125.97
48,79.04,5,West,128.05
20,75.58,10,South,154.74
32,76.74,3,South,117.73
29,102.55,6,South,137.67
4,54.37,7,West,98.91
36,62.34,6,South,123.85
27,19.0,6,East,88.52
24,85.31,6,South,126.21
7,82.09,4,West,112.87
31,93.92,4,North,145.64
35,37.54,3,East,94.91
7,80.22,4,East,104.32
39,82.06,5,North,166.1
11,42.08,5,East,89.68
9,83.29,8,East,124.51
25,65.71,4,East,117.93
24,27.68,8,South,111.3
55,68.98,7,East,120.22
5,40.17,8,North,111.67
21,27.93,9,North,94.41
45,63.22,7,South,145.47
15,53.19,4,South,94.57
59,95.73,4,South,153.28
45,58.71,8,West,131.37
57,74.55,3,West,85.17
57,66.92,3,East,99.87
7,82.14,9,East,137.22
28,38.3,6,South,93.07
45,59.11,4,South,107.98
1,51.61,3,South,63.72
28,70.91,5,East,129.6
42,60.48,9,East,149.52
48,42.71,3,East,78.7
25,47.7,6,East,105.03
52,105.57,3,East,164.69
41,27.72,8,West,105.04
3,72.51,3,North,104.79
17,89.71,3,West,130.41
57,68.82,9,South,139.29
1,120.11,6,West,153.96
7,79.47,4,South,92.84
21,63.67,5,North,137.07
60,45.3,5,South,99.33
43,64.14,4,West,107.08
9,71.71,6,South,111.9
24,54.67,3,East,120.38
57,40.56,4,East,105.85
14,33.73,5,North,87.99
35,58.8,5,West,99.89
28,30.2,2,South,71.42
46,45.21,6,West,86.21
46,20.64,10,North,121.75
50,76.19,6,North,146.98
8,86.63,4,East,125.66
28,56.35,6,East,113.71
42,113.59,5,South,165.35
26,93.59,5,East,144.76
41,66.15,10,North,167.62
39,52.18,4,East,105.15
23,47.48,4,North,109.04
7,68.37,4,North,116.13
59,51.6,6,North,107.94
50,67.99,7,South,123.02
54,70.03,7,East,133.95
18,49.81,4,South,95.59
19,84.63,5,South,130.16
20,49.83,7,East,127.54
2,55.07,5,West,122.09
11,36.93,6,West,80.46
19,49.0,7,North,131.15
60,129.45,4,East,180.61
13,38.09,5,West,116.87
31,65.05,5,East,123.04
33,45.52,9,North,119.29
22,22.52,7,East,93.94
56,68.28,1,North,83.46
6,43.71,4,West,64.75
53,62.03,5,East,115.51
45,81.12,2,West,103.7
19,59.97,5,East,141.18
47,62.26,3,North,143.57
26,38.58,7,East,116.79
59,72.44,8,East,170.71
3,50.61,5,East,98.94
2,24.55,2,West,59.99
33,76.01,6,South,122.22
56,85.9,3,West,120.76
4,98.74,2,South,121.37
47,130.1,4,North,206.91
57,74.4,4,East,140.36
30,67.06,4,North,119.87
53,84.49,8,East,165.96
46,38.29,5,North,104.13
13,27.97,6,East,92.17
52,45.11,9,West,125.67
42,91.0,5,West,144.25
1,41.91,5,North,101.34
35,65.78,7,North,144.41
40,68.67,6,South,126.27
49,60.2,6,North,145.05
47,32.75,3,East,56.79
29,62.62,6,North,127.99
18,46.13,6,South,90.89
12,107.89,6,North,180.69
6,86.03,6,East,134.47
39,46.78,6,South,112.87
58,110.64,9,North,192.91
5,62.65,5,West,101.99
43,27.98,6,North,87.23
36,52.91,3,South,109.91
11,105.02,5,North,138.81
13,39.33,3,East,93.49
18,53.13,2,East,59.11
42,31.69,4,North,86.04
18,33.77,7,East,92.04
50,39.11,9,South,134.37
23,33.42,4,South,95.83
7,42.64,9,East,101.7
6,109.43,6,West,168.5
25,53.82,7,West,107.1
25,74.75,2,South,118.76
45,84.49,5,East,133.91
29,35.04,3,East,98.53
10,39.15,5,West,73.77
13,74.17,7,North,143.02
34,42.36,6,West,81.16
21,72.23,4,South,108.99
41,106.8,5,West,153.98
56,30.5,5,South,60.55
22,47.33,4,East,95.63
34,50.44,2,South,93.57
50,44.23,5,South,115.41
13,42.81,7,North,120.67
31,44.84,4,East,96.21
19,54.27,6,West,118.36
38,58.32,6,West,106.32
45,79.95,5,West,124.63
9,54.05,6,North,117.64
12,85.39,8,North,148.26
2,43.09,5,West,75.35
1,33.77,4,East,66.13
4,48.33,4,East,79.11
43,65.69,10,West,137.7
55,77.03,2,South,129.0
25,97.91,4,North,160.67
53,61.32,3,South,97.01
44,73.79,2,South,107.06
49,94.4,5,North,151.1
45,39.98,4,West,90.86
12,50.2,6,North,122.35
32,165.4,6,East,224.3
32,76.9,7,North,151.07
39,66.97,4,North,156.87
48,78.06,7,South,136.38
7,32.0,4,South,57.86
41,42.15,4,East,93.87
50,36.42,8,North,128.62
7,64.55,2,South,72.66
25,47.11,8,North,128.2
54,56.72,3,West,95.18
2,48.21,7,West,86.04
10,28.49,6,West,75.24
49,77.79,7,South,132.36
11,26.98,7,North,105.6
43,40.81,7,North,114.3
55,32.26,4,East,98.07
30,38.4,4,East,75.91
30,59.19,3,North,124.59
26,89.48,6,West,121.47
23,29.24,2,South,78.94
23,43.69,4,North,118.73
34,27.12,5,North,98.66
54,42.86,4,North,101.76
59,56.19,3,East,102.95
52,74.2,4,South,108.49
8,23.4,2,North,72.87
19,68.05,2,South,113.95
46,37.0,5,West,81.25
33,33.57,4,North,95.61
21,56.09,2,East,75.48
19,70.17,3,North,131.35
8,52.45,3,South,75.22
20,35.26,6,North,111.8
26,52.44,7,East,124.2
25,40.85,8,South,109.09
33,69.52,6,North,147.37
17,83.94,3,North,144.47
13,81.83,8,North,147.98
54,54.17,5,West,109.36
25,85.55,4,East,127.02
16,36.29,6,South,116.95
39,111.4,4,North,151.44
33,36.21,6,East,112.7
35,24.24,8,North,102.41
14,94.27,6,South,137.52
44,41.1,7,East,120.38
12,57.21,9,East,115.57
51,36.15,5,North,122.32
26,140.53,4,West,170.83
25,113.15,5,South,150.22
24,101.35,8,East,158.6
26,56.56,4,South,112.28
40,80.82,8,West,150.24
30,53.45,2,North,119.36
8,85.53,2,South,111.58
34,46.33,8,South,103.72
17,102.91,3,South,130.77
7,45.41,4,East,106.15
51,47.52,8,West,115.11
19,45.3,4,West,91.53
36,58.97,4,South,108.92
11,46.75,2,South,69.94
21,66.35,9,East,141.3
24,45.04,4,West,89.89
9,74.91,6,South,133.02
59,100.22,7,North,173.24
19,56.32,6,North,137.26
35,132.6,4,North,184.32
34,85.71,7,South,136.56
26,128.42,5,North,185.11
36,53.28,2,East,84.52
34,28.09,6,North,95.41
5,41.16,3,East,70.97
41,42.88,4,North,117.22
7,37.29,5,North,89.1
27,22.68,5,North,82.62
22,82.26,8,West,139.0
27,25.95,7,South,93.2
5,79.17,4,North,120.63
43,130.87,4,West,157.45
26,39.99,3,North,93.58
4,63.75,4,West,73.26
1,46.55,3,East,60.4
33,76.01,4,North,121.88
40,33.86,1,West,77.74
33,51.79,5,West,111.67
44,85.5,6,West,133.69
46,53.54,2,West,95.64
53,28.46,4,North,85.23
59,89.72,7,South,123.9
54,32.51,6,West,102.08
48,56.35,5,North,118.83
26,68.93,5,East,117.91
31,57.28,4,West,97.07
37,150.65,3,East,205.81
11,73.22,6,South,119.08
41,50.35,7,East,147.72
36,69.48,4,East,118.58
32,59.38,1,South,70.65
51,55.58,6,North,149.44
42,60.19,3,North,104.83
56,45.9,5,East,106.16
59,59.45,7,West,105.82
50,44.6,5,South,94.71
18,25.57,2,North,66.91
12,86.15,6,South,135.57
18,43.55,4,South,92.38
43,57.77,4,North,120.87
52,40.28,5,North,108.1
53,40.77,5,North,109.31
42,36.03,5,South,95.47
41,79.78,6,North,163.4
58,87.87,4,East,152.85
42,55.17,4,West,104.68
9,44.05,2,South,64.02
31,27.74,7,South,89.75
22,75.05,3,East,102.33
39,41.65,4,South,102.72
39,34.92,7,South,128.09
18,55.24,4,North,89.22
18,47.77,3,North,108.35
6,29.75,7,West,87.0
18,31.43,6,East,91.59
50,62.47,6,East,134.74
40,42.0,3,South,77.09
57,66.96,2,West,105.65
56,57.89,8,South,126.18
52,83.01,4,South,129.86
11,39.14,6,North,114.76
21,59.92,3,East,129.18
4,70.48,5,East,127.11
6,42.5,1,West,33.44
14,85.7,5,North,137.0
17,28.04,8,North,104.94
1,39.13,9,North,102.47
51,27.62,4,South,67.1
32,40.68,7,South,127.13
40,51.32,6,South,112.79
40,76.14,3,North,140.68
59,51.31,6,North,140.91
9,43.03,6,West,94.13
21,29.38,6,East,79.8
19,33.59,3,North,86.21
34,61.81,4,East,108.53
32,77.68,5,North,133.48
48,46.17,2,South,97.65
34,88.62,6,North,164.31
15,37.34,6,West,61.16
34,46.7,6,South,96.67
58,48.31,8,North,133.14
35,100.66,2,North,132.51
36,57.6,3,East,119.7
11,26.59,3,South,58.14
1,79.89,6,East,89.5
13,114.25,6,North,212.2
2,49.41,4,North,91.08
28,38.14,8,North,138.56
53,77.15,5,West,123.53
27,119.79,6,West,161.53
39,76.67,5,East,129.22
52,28.53,2,North,93.76
46,73.84,8,North,162.92
40,64.18,2,East,87.82
48,37.27,3,East,99.15
17,91.43,8,North,166.64
26,65.06,6,South,121.2
24,92.39,4,West,135.41
48,35.71,4,North,130.82
25,64.04,4,South,110.73
57,38.17,5,West,88.14
12,60.28,6,North,120.88
11,98.58,5,South,137.63
43,30.86,2,East,80.11
46,31.58,8,West,107.65
41,80.01,9,North,170.69
19,54.29,5,South,111.14
1,87.23,4,South,110.7
20,39.53,6,East,94.24
28,55.73,4,West,108.4
25,71.9,10,West,148.74
56,59.39,7,East,124.67
52,26.7,8,East,92.29
47,168.85,5,North,229.45
2,59.44,4,South,89.0
8,31.94,5,North,71.54
27,61.91,8,West,105.07
38,64.82,5,North,140.54
41,81.25,2,South,111.26
18,79.11,5,West,129.35
7,50.12,6,East,108.26
20,27.42,6,East,73.99
48,65.66,4,South,78.63
60,28.3,5,West,81.03
57,88.77,6,North,151.82
36,40.73,2,West,78.06
6,70.39,5,West,120.55
59,41.99,4,West,80.8
10,44.84,6,North,93.0
17,39.63,2,East,66.84
59,72.71,6,North,150.0
31,42.58,5,East,124.67
12,74.25,5,North,119.45
31,43.03,3,North,97.61
5,49.77,4,North,89.05
19,55.38,7,West,107.15
58,58.06,5,North,139.72
18,37.72,1,South,50.3
54,72.35,8,East,155.8
33,48.98,6,North,122.26
40,67.87,8,East,133.51
43,54.24,5,East,130.08
34,69.03,3,South,100.65
3,46.31,6,North,117.18
56,39.81,3,West,69.09
29,64.76,3,South,117.74
40,44.81,7,East,114.24
34,97.86,4,North,166.81
40,56.1,8,South,117.22
22,31.52,6,West,68.95
51,43.2,6,South,119.29
14,36.61,6,West,80.41
40,83.86,9,South,146.68
35,74.4,6,North,173.83
31,53.28,4,West,83.04
2,61.32,6,South,81.0
24,52.72,1,North,100.03
3,77.03,4,South,107.76
31,67.22,3,East,124.73
42,72.24,5,East,143.54
32,50.57,5,East,106.63
46,42.41,3,West,85.84
22,71.24,6,North,145.3
19,101.55,5,South,132.4
27,84.98,7,West,145.81
14,102.79,4,North,170.58
49,58.25,5,West,117.72
49,37.04,7,North,113.4
25,38.38,6,South,104.05
48,94.81,9,West,173.78
2,25.93,5,North,66.42
10,99.67,4,South,133.63
17,39.84,5,West,68.16
24,117.84,3,East,137.31
14,53.08,4,East,88.99
31,72.9,1,North,91.68
48,141.74,3,East,177.19
28,47.84,5,South,101.02
27,47.52,4,North,103.36
4,41.35,7,North,118.5
17,36.57,2,West,68.89
49,47.85,3,West,87.63
49,43.73,4,North,108.33
7,33.11,6,North,80.75
2,50.19,1,North,79.81
50,65.36,3,North,109.06
11,38.15,5,South,65.19
35,51.16,5,North,114.64
50,95.83,4,West,111.56
48,30.94,3,North,70.58
34,118.23,6,West,173.09
23,41.7,4,East,94.42
47,59.17,5,North,112.97
42,91.07,11,East,189.39
51,102.9,3,North,156.39
31,65.89,4,East,98.98
57,41.36,4,East,87.53
47,39.92,5,East,105.89
4,43.38,8,East,113.22
18,116.25,9,South,190.22
48,46.84,12,West,136.27
7,62.14,4,East,110.91
43,35.96,6,South,96.7
21,34.38,10,South,131.4
13,55.18,4,West,108.12
33,47.95,4,South,97.71
56,49.37,5,South,123.79
54,30.22,4,North,96.03
25,53.02,3,South,83.19
1,101.46,2,West,133.03
54,38.81,4,West,87.58
54,78.18,4,South,124.81
37,13.66,3,West,70.24
38,39.61,3,West,94.72
32,25.43,5,North,95.07
1,89.52,1,East,99.37
10,77.6,4,East,94.47
9,36.1,4,East,90.24
55,61.3,5,North,136.32
3,88.3,5,North,138.48
34,93.96,3,East,123.27
22,46.42,4,South,117.12
1,22.57,3,East,66.32
56,38.11,4,North,105.99
2,74.18,6,East,107.11
52,126.41,5,East,192.53
47,53.42,6,South,112.68
48,42.83,2,East,68.86
10,142.56,5,South,176.16
53,64.22,5,East,116.38
36,33.41,4,West,75.54
25,52.06,2,North,111.08
41,81.45,6,South,168.24
21,53.08,2,South,78.75
17,75.02,3,North,120.84
18,28.73,5,North,104.79
35,30.76,3,South,84.63
37,40.69,4,East,104.83
15,48.77,5,East,119.09
15,62.4,4,West,81.9
57,70.44,2,North,123.6
31,146.42,3,South,171.82
52,40.63,4,East,82.25
20,48.15,3,North,111.48
18,41.09,6,North,104.77
17,84.08,5,South,123.71
32,85.93,8,North,172.66
47,45.65,3,North,90.49
31,124.75,6,East,206.16
18,41.12,8,West,111.84
58,82.43,4,South,123.82
35,97.69,5,North,160.18
24,31.67,8,West,112.44
1,68.79,5,South,90.93
34,18.36,7,West,66.17
38,75.92,4,East,130.11
56,35.14,7,West,107.37
14,68.51,6,West,115.07
10,73.85,4,West,90.93
60,85.46,4,North,173.6
34,77.95,4,East,117.16
2,55.83,5,West,82.45
7,46.89,3,West,73.76
29,53.0,6,West,102.65
38,34.94,3,South,88.78
15,50.17,4,North,120.13
22,48.6,5,West,92.14
45,39.83,5,South,64.75
59,27.21,5,North,99.34
30,32.76,3,West,85.32
25,15.49,6,East,90.61
22,48.27,10,West,133.47
9,63.07,8,South,114.62
4,18.67,7,West,80.87
51,60.02,6,North,135.17
3,51.99,6,North,115.88
50,34.1,3,East,95.25
15,45.95,1,West,69.65
42,83.12,3,West,124.78
58,36.98,2,East,74.09
45,56.35,5,West,98.5
44,62.72,4,East,112.36
16,39.3,4,North,108.24
36,81.72,3,East,100.72
39,64.17,10,North,155.86
26,49.36,5,North,102.88
3,140.51,4,North,182.59
55,81.86,4,North,125.85
12,27.81,7,West,68.31
59,46.73,5,East,96.79
56,146.45,8,South,209.96
2,36.86,5,East,86.79
45,56.07,10,North,147.5
39,89.34,4,West,126.74
14,70.88,6,East,142.22
49,75.08,4,West,110.45
7,73.33,7,East,135.05
15,55.16,4,South,118.64
57,39.77,6,North,119.44
45,64.97,3,South,113.52
7,46.47,4,West,92.12
9,45.04,3,East,115.25
16,98.79,5,North,173.3
5,46.88,4,South,108.24
11,108.03,6,South,139.25
35,60.5,8,South,146.71
1,51.23,5,North,108.49
18,26.39,5,South,93.96
19,127.48,7,North,211.85
59,54.47,3,South,100.4
59,22.01,7,East,91.34
51,81.05,4,East,119.08
21,53.51,7,South,119.44
32,37.62,7,North,105.93
31,79.24,5,North,147.82
52,19.7,6,North,112.18
45,41.03,5,North,106.52
55,48.44,2,East,75.24
34,76.77,6,North,164.03
56,133.77,8,West,178.99
45,49.51,4,South,92.89
45,65.63,7,North,139.37
40,163.92,7,North,235.07
21,54.7,6,South,112.8
37,65.84,4,North,131.85
22,33.28,7,South,97.97
39,119.54,6,South,163.36
16,41.05,4,South,90.13
48,60.79,4,West,81.94
35,60.11,5,North,150.63
43,56.49,7,South,125.86
14,45.89,4,North,109.81
48,60.13,5,South,147.12
49,110.27,9,North,198.75
9,135.96,5,South,165.16
22,50.9,5,East,111.35
41,45.61,2,East,99.49
53,39.51,5,South,94.24
45,159.88,8,West,207.09
29,57.49,3,North,110.46
18,85.29,9,South,154.96
55,72.14,8,South,141.14
53,132.07,5,West,164.48
54,49.45,4,East,102.02
19,35.06,4,East,75.9
27,114.87,3,South,164.41
15,78.36,3,West,113.73
58,65.53,3,East,145.45
53,100.89,5,West,139.73
11,67.04,6,West,99.09
15,102.31,5,East,150.44
34,60.26,9,East,148.82
25,78.32,2,South,99.95
28,67.39,3,East,121.55
23,47.94,8,North,123.14
41,50.29,2,East,95.44
54,46.66,5,South,99.65
56,60.72,5,West,131.93
28,45.5,5,East,101.17
50,65.0,4,South,115.28
42,64.12,1,North,88.99
12,59.27,8,North,129.4
48,59.68,5,East,118.0
22,43.53,3,West,89.43
38,48.77,4,West,89.69
44,27.99,6,West,96.81
57,52.04,4,South,87.09
57,36.81,4,South,88.68
49,56.82,3,South,95.59
31,41.03,5,East,103.71
25,24.04,6,East,91.39
27,134.42,9,East,220.59
58,49.77,3,North,95.97
13,97.4,7,East,141.53
32,44.22,4,West,80.31
41,107.69,3,East,143.53
2,34.44,6,West,68.23
39,58.58,5,North,148.28
16,35.27,4,East,78.73
17,154.52,3,North,222.24
38,49.42,4,North,109.48
1,76.05,8,East,140.64
10,65.38,2,North,105.64
28,54.04,8,North,131.73
36,67.16,5,West,108.8
7,94.04,4,West,130.27
22,71.33,4,North,107.65
19,58.26,5,East,111.03
33,67.2,4,South,96.58
19,117.45,2,North,168.93
1,46.21,2,North,59.24
32,26.01,6,South,69.13
51,35.21,6,East,100.11
36,36.28,4,West,75.37
22,38.38,5,North,112.55
29,38.91,6,East,100.78
9,54.09,3,East,64.62
15,60.28,4,South,61.78
27,60.02,2,South,91.12
36,40.77,5,South,124.33
30,81.25,4,West,102.24
58,67.61,7,West,153.75
39,102.77,6,East,158.14
2,76.61,2,East,89.8
32,47.47,5,North,120.08
35,92.04,6,South,152.6
3,60.91,6,North,113.39
24,75.13,4,North,126.06
53,72.83,5,South,123.87
22,51.95,7,North,124.37
28,56.9,3,West,94.76
14,51.8,3,East,81.74
5,38.82,3,North,95.9
20,23.15,2,North,61.29
47,41.37,7,North,104.28
59,59.13,10,West,145.17
40,84.29,8,West,162.64
50,75.07,4,North,134.18
39,48.82,4,East,93.96
40,41.59,3,East,79.51
26,50.81,4,East,94.02
4,36.97,1,South,60.37
25,23.43,4,North,105.46
52,29.43,3,North,89.94
33,94.62,6,North,155.29
46,114.77,4,South,146.11
4,73.82,3,West,84.82
13,53.34,5,East,103.14
18,31.27,7,East,93.78
22,51.19,5,South,97.56
60,69.74,5,South,108.94
28,76.09,6,North,132.19
40,71.92,3,East,126.52
39,88.57,4,West,124.74
26,118.77,6,North,186.66
58,46.43,4,East,117.78
14,167.69,6,North,194.2
3,24.34,6,North,77.11
45,39.99,7,South,97.05
40,59.15,6,East,127.02
16,68.01,6,East,103.19
53,50.77,3,South,113.65
10,44.78,3,North,71.32
16,131.77,2,South,156.53
10,43.93,6,South,82.38
12,36.32,5,North,113.9
44,107.38,4,East,160.96
43,76.68,4,South,110.64
39,84.6,6,East,145.59
52,59.05,7,West,135.55
5,31.49,9,North,110.5
38,56.48,7,East,104.58
7,29.8,4,East,79.04
58,60.15,6,East,139.47
39,70.91,3,West,91.82
46,83.95,5,South,132.56
35,52.62,4,West,83.49
24,73.64,6,South,117.74
42,38.03,4,East,87.24
51,80.37,4,South,97.54
11,71.51,6,South,112.82
53,39.64,5,North,102.9
44,67.5,6,North,121.17
6,84.43,6,South,131.46
57,56.34,5,South,126.75
11,39.29,7,North,136.43
37,58.62,4,South,108.62
8,68.1,5,North,105.95
12,39.17,6,North,113.14
39,36.49,4,East,101.28
41,67.27,5,West,108.32
42,75.89,4,East,138.13
21,129.01,2,East,147.6
50,71.26,8,West,128.99
3,33.66,4,East,56.36
52,123.46,6,West,167.53
19,83.26,8,East,157.79
38,24.48,10,North,121.73
55,36.16,4,North,112.02
16,44.85,4,East,86.57
25,76.34,3,North,160.96
50,21.08,3,East,86.28
52,52.06,5,North,125.44
15,74.62,3,South,114.93
31,17.57,7,North,136.53
20,73.6,6,South,129.45
32,77.23,2,East,121.41
23,38.91,7,East,107.88
1,34.42,4,West,50.08
56,38.67,6,East,97.42
39,18.75,5,South,73.42
28,47.92,6,South,107.69
7,59.61,7,West,109.28
5,33.52,5,East,91.38
29,80.55,3,West,127.49
39,56.88,5,South,138.3
16,60.58,4,South,81.35
45,46.49,5,South,104.08
24,73.5,5,West,134.34
1,91.49,7,South,128.49
33,46.39,7,South,106.8
11,74.03,7,South,146.39
1,74.35,3,West,111.41
8,64.53,4,South,97.84
18,106.79,6,East,159.81
31,40.83,3,East,95.5
60,46.13,3,East,79.44
14,40.01,2,West,68.22
4,72.97,4,South,80.09
12,48.96,8,North,111.89
20,41.33,7,South,93.34
13,106.19,4,West,141.84
20,112.6,4,North,165.5
59,47.87,6,East,114.33
23,31.6,7,West,96.46
39,115.05,3,South,161.8
42,65.91,8,East,144.83
8,64.6,5,East,121.51
15,56.94,7,South,123.06
25,39.64,4,West,66.69
28,46.28,7,North,137.05
1,71.6,2,South,65.04
39,45.65,4,West,90.25
19,64.92,4,South,93.1
20,54.89,2,East,93.57
37,35.77,5,South,80.5
57,104.42,5,South,148.55
52,69.24,5,West,118.22
59,62.32,4,East,120.48
25,68.17,4,West,107.29
8,26.65,4,South,69.87
13,44.82,2,North,110.62
21,29.64,5,West,65.48
19,57.39,6,North,121.1
13,62.2,7,North,144.0
10,57.77,3,South,88.22
12,87.48,8,East,171.33
40,30.0,4,North,93.63
30,39.66,6,North,107.33
3,64.44,3,North,93.19
34,60.68,3,West,109.7
51,32.26,3,North,98.79
26,88.11,9,West,139.5
20,101.22,5,West,137.06
17,64.73,4,West,104.33
23,29.86,8,West,97.4
17,58.2,4,North,124.52
56,62.56,5,West,85.31
60,48.97,7,North,125.41
21,93.59,4,West,108.4
56,52.12,6,South,119.1
52,126.7,5,South,186.44
5,74.68,4,West,96.31
30,60.97,6,South,108.39
40,78.9,3,East,123.26
26,100.72,8,North,196.9
28,78.23,6,East,136.67
30,52.97,3,West,80.86
42,41.93,7,South,115.49
18,34.85,8,North,126.76
36,20.57,7,South,83.84
15,58.54,5,North,133.02
54,46.76,8,East,122.18
6,47.77,5,North,77.08
5,82.4,3,North,114.25
3,52.2,4,West,70.22
21,116.52,3,South,133.79
37,43.41,5,North,120.57
60,37.03,5,North,92.48
28,33.01,6,East,99.71
11,72.9,3,North,82.99
23,86.54,3,West,114.53
8,43.04,1,East,62.56
29,35.67,6,West,98.79
44,100.7,10,West,185.0
3,30.56,3,East,53.36
47,81.78,6,South,151.08
14,43.45,4,South,67.31
41,64.0,8,East,139.67
49,84.0,4,North,154.34
47,66.06,8,East,138.27
41,48.52,4,East,90.34
42,95.43,3,North,139.34
12,61.29,4,East,116.21
9,238.17,9,East,291.71
23,27.6,2,South,65.74
37,27.44,4,West,76.95
38,81.26,4,West,125.97
47,53.91,4,West,85.6
19,74.97,5,West,111.82
52,35.19,4,East,91.45
27,55.79,5,West,114.21
15,65.56,4,South,111.32
45,43.93,1,North,86.25
8,59.9,5,North,118.95
25,31.67,3,North,107.49
47,63.94,6,South,110.82
47,97.34,4,West,160.3
16,33.28,6,West,98.03
10,32.49,2,North,57.79
2,87.88,7,North,139.85
6,32.26,3,East,60.98
50,76.42,3,East,128.38
48,55.82,9,West,114.56
31,46.19,5,East,130.53
35,98.16,4,North,161.39
20,79.14,5,West,109.44
12,61.06,1,West,68.38
1,23.08,5,North,85.95
41,72.6,4,North,147.47
3,35.58,4,West,43.92
7,49.97,5,South,119.82
48,54.76,3,North,87.13
35,116.62,3,East,139.15
30,49.34,1,North,105.24
14,30.9,7,South,90.17
9,98.28,4,West,126.34
28,72.99,4,South,119.9
22,74.08,6,North,128.48
33,99.02,6,South,147.51
10,108.78,6,West,152.43
14,38.22,3,West,60.72
7,31.3,7,North,90.16
26,76.48,7,North,169.12
17,49.16,5,North,111.78
14,50.97,3,West,81.38
33,34.86,10,South,106.93
30,68.96,6,North,170.27
13,64.13,3,South,106.31
42,51.31,2,East,78.95
21,31.33,4,North,93.29
21,88.56,5,East,134.82
29,60.48,5,East,119.31
9,85.38,2,West,117.04
26,23.54,5,East,90.97
35,55.85,7,East,149.46
8,40.99,4,South,68.67
34,55.39,5,North,131.4
3,79.62,6,East,102.75
37,63.31,4,South,117.04
3,55.0,6,West,64.61
11,54.88,8,West,90.19
22,29.26,5,East,105.57
37,37.99,8,North,141.21
44,85.5,4,West,119.68
29,44.6,3,North,99.95
8,86.16,5,South,125.59
24,75.99,8,South,140.52
48,77.61,6,North,142.92
6,62.38,7,East,118.83
43,45.86,4,North,105.38
24,51.39,5,South,103.18
1,70.54,4,North,133.45
42,23.33,1,South,58.38
2,89.79,4,North,123.74
23,44.7,2,East,75.35
12,52.75,2,East,83.48
36,52.93,6,West,122.32
4,53.74,6,South,92.39
6,32.28,8,North,106.52
32,58.01,7,North,145.4
60,69.25,7,West,115.71
3,24.1,4,North,60.03
28,32.45,5,West,70.86
49,78.13,3,East,129.08
18,72.52,10,North,173.04
30,61.53,5,North,130.38
51,41.56,4,South,79.63
44,72.69,4,East,126.72
18,33.75,8,South,100.98
46,51.68,9,East,142.64
41,32.38,2,West,78.99
31,51.17,4,West,89.63
27,36.16,5,South,94.38
56,73.87,2,East,120.53
53,64.93,8,North,147.92
60,43.46,7,West,99.9
41,84.45,2,North,154.83
22,37.24,4,East,85.72
7,53.83,6,North,103.63
8,42.69,6,South,100.86
58,73.48,2,South,97.04
22,70.62,2,South,110.28
7,91.91,3,South,117.9
14,56.44,3,North,117.16
2,16.71,5,East,68.5
32,45.95,5,South,92.49
36,102.12,3,South,138.32
23,47.94,3,North,111.15
45,25.36,3,South,90.58
29,65.35,4,East,99.9
58,67.33,5,South,135.81
46,40.82,3,East,98.98
5,49.47,4,South,98.0
17,38.9,6,North,106.87
46,67.29,4,North,109.49
33,55.85,5,South,118.93
46,34.25,4,West,100.67
21,54.39,4,West,103.56
3,40.72,7,East,73.55
48,97.95,5,East,151.54
48,78.06,5,South,127.23
39,51.99,4,West,99.12
25,56.4,5,North,122.72
1,81.9,6,North,134.78
44,50.94,1,South,81.99
40,73.95,3,North,121.84
41,98.59,4,West,117.18
11,44.86,2,West,60.99
44,105.47,7,East,179.28
44,93.88,2,South,119.72
52,60.31,2,West,98.25
35,45.72,4,North,108.18
44,60.01,3,South,109.86
25,49.51,5,East,102.22
42,39.76,6,South,122.57
42,67.55,5,North,129.88
47,36.26,6,South,102.74
52,47.68,6,North,120.98
1,47.93,4,East,80.91
47,31.62,10,West,101.31
48,71.05,4,West,93.29
33,49.83,2,East,109.42
32,91.79,4,East,139.3
44,49.51,8,West,89.51
28,46.4,6,South,97.86
25,38.02,4,East,79.67
49,55.46,2,South,106.14
48,55.58,8,East,137.69
13,73.46,5,East,114.68
50,56.08,5,North,137.33
20,126.16,5,South,171.66
9,65.53,4,North,125.46
53,36.79,6,West,97.29
15,35.57,4,North,103.19
13,67.62,6,North,139.2
17,36.33,5,East,79.11
30,69.26,7,East,142.9
10,78.12,4,South,113.91
10,78.88,2,North,129.8
24,38.56,8,South,99.21
14,78.93,8,East,148.78
12,62.12,7,West,120.18
55,42.81,4,North,111.24
36,51.23,4,West,102.34
1,65.92,6,South,102.85
7,41.71,6,East,69.01
49,61.61,2,South,113.07
17,97.34,7,South,131.61
10,80.29,6,East,113.45
40,56.42,2,East,88.09
51,59.96,5,North,132.78
24,44.03,7,East,128.3
45,44.52,5,West,103.02
26,29.52,5,North,85.47
7,60.37,3,South,83.13
48,71.74,4,North,123.04
56,53.07,4,North,126.52
60,38.44,3,North,107.72
7,56.06,5,East,79.7
34,93.38,4,North,153.33
38,78.19,7,South,141.01
5,53.96,4,West,66.66
58,123.84,8,West,193.62
7,160.69,4,East,189.69
17,45.06,6,South,103.95
59,49.48,3,South,99.41
34,72.05,3,North,142.98
41,37.89,2,North,91.4
30,76.68,9,North,168.89
46,56.86,10,North,153.03
5,63.35,6,North,106.5
41,43.37,3,South,72.7
4,39.84,5,North,84.55
11,24.68,4,West,49.43
31,98.88,7,North,160.45
27,79.57,6,West,148.46
10,71.47,2,South,93.55
48,62.76,6,East,122.1
19,21.72,5,West,65.76
52,40.43,4,North,112.55
1,49.28,6,North,106.14
15,35.43,5,South,102.25
18,27.73,5,North,78.86
36,36.93,7,South,122.69
25,55.68,5,East,100.64
10,55.69,3,West,75.98
35,78.49,7,South,143.24
58,124.62,8,South,188.13
9,71.83,3,North,129.15
16,50.9,6,South,109.59
29,112.18,6,North,166.93
44,29.0,10,East,99.07
9,23.77,4,East,84.03
14,38.29,7,West,105.88
15,75.56,4,South,97.32
37,58.41,7,West,110.35
5,34.77,7,East,98.73
40,40.82,4,South,79.45
26,33.23,5,East,87.49
20,33.23,4,West,75.89
52,101.54,5,South,137.43
50,51.55,4,North,124.84
49,110.81,1,North,175.48
54,38.24,5,East,96.24
15,66.45,6,South,97.16
52,59.79,3,West,103.79
11,77.62,6,East,123.85
20,60.45,6,West,93.31
34,80.97,7,West,119.72
45,68.15,6,South,138.41
35,35.29,6,North,106.69
34,73.19,4,North,133.56
23,52.39,8,South,120.96
36,40.02,7,North,127.45
29,72.07,5,East,123.82
29,78.93,5,North,136.16
36,45.0,7,South,110.12
37,47.45,5,East,97.59
20,31.35,7,West,112.65
9,26.53,5,East,86.16
18,49.55,4,East,112.98
25,74.95,2,East,110.2
10,43.41,3,East,82.41
11,96.65,5,West,139.75
58,50.3,2,East,103.82
17,50.38,2,East,72.72
45,48.64,2,East,100.04
8,80.85,4,West,108.25
59,37.2,6,North,152.99
13,51.85,1,East,71.59
24,43.86,2,North,107.31
47,43.61,6,North,105.11
13,55.37,4,South,95.79
33,52.18,2,East,83.81
48,83.15,3,East,154.91
2,54.36,3,West,82.99
2,68.17,6,East,102.83
48,58.5,1,South,94.87
16,95.73,2,East,130.35
55,48.38,8,East,132.66
56,48.43,4,West,84.41
53,73.55,7,East,126.71
60,48.12,3,North,96.53
50,66.64,5,North,113.55
24,139.1,10,East,222.55
60,36.91,7,South,98.3
21,100.75,8,East,161.21
36,44.84,8,North,133.07
1,93.23,6,North,166.09
58,71.84,5,North,145.05
36,69.42,5,North,128.67
57,51.4,7,East,124.64
22,49.39,7,South,113.01
19,40.9,6,North,109.58
32,54.74,7,North,143.06
52,50.73,1,East,87.79
33,58.93,4,South,105.57
48,31.05,5,East,109.36
13,55.09,7,South,125.99
47,90.47,4,East,131.04
44,79.65,5,West,115.16
54,55.1,5,East,118.7
4,152.17,5,South,182.55
24,43.34,5,West,92.86
6,52.74,4,North,87.95
25,30.56,5,South,81.08
46,46.46,5,East,114.32
39,111.62,4,West,150.87
46,47.17,6,East,79.08
45,29.63,4,North,77.12
60,77.39,4,North,139.64
53,63.8,5,South,109.81
36,76.12,4,South,141.94
53,48.48,5,South,96.44
3,36.49,4,South,76.08
44,50.73,8,North,134.61
32,68.17,8,North,161.19
58,53.04,4,South,114.18
31,63.76,8,North,154.03
11,44.05,8,East,115.75
44,64.72,6,South,115.07
58,54.53,3,West,88.48
1,41.17,10,West,108.55
4,57.74,6,North,122.13
40,46.77,5,South,103.82
34,69.89,6,North,147.32
33,77.42,5,North,157.11
6,66.73,5,North,117.57
35,28.39,6,North,109.25
35,37.12,4,North,100.55
51,42.32,3,North,110.35
24,39.7,6,West,98.09
21,43.94,6,West,87.62
5,79.05,4,West,108.31
35,72.2,4,East,132.5
39,46.08,10,North,140.31
17,69.18,9,North,163.22
44,62.27,5,South,119.31
57,53.89,7,North,146.7
11,86.43,4,North,124.53
35,41.91,6,North,140.19
42,55.76,4,South,95.88
2,35.86,7,West,76.94
11,36.56,4,West,62.89
24,31.68,7,East,99.24
9,36.81,6,South,74.58
22,56.44,9,South,113.12
9,48.38,10,East,124.67
54,49.01,5,East,128.56
36,48.44,6,West,114.44
20,110.95,7,East,169.31
47,34.64,7,North,129.39
2,33.19,8,South,83.39
36,38.93,5,North,95.45
42,53.05,7,West,136.37
49,67.08,6,East,144.73
14,69.93,6,West,141.93
36,79.67,5,West,99.3
47,52.28,6,South,115.55
48,46.59,6,South,126.55
11,104.94,4,South,144.69
59,17.93,5,North,90.83
17,55.99,6,West,106.08
24,64.85,6,South,127.44
12,115.52,5,East,161.11
9,28.1,7,West,108.63
16,46.15,3,South,94.66
9,31.72,2,South,60.34
44,26.59,4,South,76.44
36,50.31,6,North,131.05
24,76.19,4,East,106.54
33,88.45,4,West,127.56
37,44.13,11,North,156.97
12,71.28,5,East,121.15
18,50.45,3,South,73.75
53,68.21,5,West,109.03
1,86.64,7,East,141.62
58,50.52,7,East,119.21
58,84.0,5,West,161.35
16,33.61,5,South,93.66
20,70.99,3,South,105.26
13,82.56,4,East,115.98
34,79.21,4,South,107.89
13,33.99,5,East,88.26
48,50.28,4,East,114.12
24,61.61,6,West,129.5
59,65.18,8,South,140.06
52,57.19,7,East,104.68
25,96.71,6,South,156.26
36,32.52,3,South,91.28
2,49.6,6,East,89.85
5,27.8,1,East,42.3
31,70.0,4,North,138.97
29,68.16,5,West,123.96
24,208.4,7,South,257.99
6,82.31,5,South,135.11
51,62.34,7,East,128.75
25,60.46,7,West,136.25
29,48.1,4,South,95.17
25,57.52,4,South,100.46
30,60.98,6,West,107.36
39,24.88,3,North,101.0
46,59.07,3,North,122.58
33,56.85,4,North,133.25
10,110.12,4,East,162.56
53,51.8,5,South,89.11
18,40.2,4,North,88.68
1,60.79,5,South,88.57
3,56.25,6,East,93.23
47,51.82,4,South,89.43
24,32.73,6,East,101.18
2,51.29,2,West,45.52
49,43.31,4,North,105.82
19,50.07,3,North,115.06
59,73.18,5,South,140.65
53,41.69,3,East,105.62
3,49.97,6,South,86.27
42,67.79,5,South,95.68
37,49.02,5,South,100.44
11,155.04,9,North,208.08
21,60.31,4,North,115.07
30,33.22,4,South,89.55
9,39.03,2,North,67.86
44,37.49,5,South,108.87
17,39.25,3,South,104.26
57,67.68,2,West,133.81
49,35.07,8,West,88.16
39,47.82,4,North,137.94
8,86.24,5,South,131.93
2,44.35,7,South,90.52
9,71.42,7,North,132.75
30,27.85,6,North,98.86
47,47.08,4,West,78.54
10,38.31,5,East,84.27
43,61.55,5,West,116.95
3,36.09,4,South,65.09
16,124.94,3,North,172.44
36,28.34,7,East,112.17
50,86.0,6,North,156.11
47,77.58,2,South,105.89
32,61.8,2,West,93.77
3,55.8,5,West,98.98
18,114.66,3,North,157.34
48,146.7,4,South,189.86
5,50.25,4,South,88.21
43,58.15,7,East,136.89
43,43.77,4,North,110.66
46,34.2,2,South,74.09
14,65.71,5,North,121.68
15,60.33,5,East,105.89
12,28.67,6,East,104.11
24,65.52,6,East,128.28
32,61.15,7,South,110.17
8,42.93,11,South,139.59
35,41.82,5,East,96.72
15,64.68,5,South,107.35
34,103.91,8,East,171.82
19,64.03,5,North,130.57
58,74.6,6,South,144.59
20,39.14,2,South,64.33
53,46.26,8,East,121.83
11,69.63,4,West,90.25
6,31.71,2,South,64.43
12,59.32,8,East,113.39
26,66.51,4,North,142.36
55,53.76,5,East,114.74
11,62.04,5,North,122.75
48,55.88,8,North,133.73
42,42.57,8,South,109.9
21,34.08,5,South,87.62
21,52.66,4,North,114.72
57,92.0,8,East,175.88
43,82.25,5,East,154.53
15,47.55,8,West,119.19
55,47.16,6,North,114.3
25,45.79,6,North,142.68
5,45.79,7,South,104.67
49,61.26,6,South,118.61
53,83.35,6,West,126.9
27,134.98,3,East,165.72
43,39.18,5,North,121.24
15,70.84,4,South,117.41
52,67.83,7,North,142.28
23,47.85,5,North,124.75
17,36.22,6,South,85.68
31,60.96,4,East,112.9
17,127.48,4,East,189.36
38,60.8,4,East,102.8
45,39.85,8,South,115.13
25,51.27,4,East,108.95
48,34.6,3,East,78.58
26,55.0,5,South,116.29
59,71.76,1,North,85.02
16,41.39,3,West,74.3
43,14.85,9,South,104.85
33,60.99,6,South,111.04
57,44.67,5,South,110.15
14,40.44,7,East,97.69
12,40.3,3,East,84.37
53,64.08,5,North,121.03
55,46.38,3,West,74.34
45,79.22,9,West,139.66
29,79.92,8,West,130.44
25,49.0,5,East,97.93
40,44.33,5,East,115.44
45,57.46,4,North,129.09
17,51.51,2,East,71.27
1,27.09,7,South,89.9
5,117.41,6,East,178.48
21,72.66,6,West,128.08
41,45.36,8,East,121.05
27,25.37,4,East,68.09
38,50.8,4,West,117.92
29,43.16,3,West,72.0
16,53.29,5,North,111.93
45,22.98,5,North,70.1
44,45.2,3,South,101.86
58,46.32,5,West,88.4
50,50.56,7,West,88.13
23,49.68,7,North,123.03
43,55.75,12,North,174.24
22,100.33,2,North,147.99
53,44.43,3,West,83.12
37,37.92,6,South,107.11
51,27.36,5,East,92.34
17,44.5,3,North,110.09
1,31.17,3,West,64.15
9,80.16,6,North,131.34
32,52.54,3,North,122.5
58,79.5,8,South,144.91
38,98.13,2,West,128.54
49,38.63,5,East,96.26
29,47.52,6,South,129.46
58,93.01,5,South,127.3
57,58.89,5,South,118.91
14,67.26,3,South,103.98
52,82.53,4,East,134.92
2,78.15,7,South,109.17
36,64.34,4,West,92.04
27,95.44,7,South,160.64
19,53.13,3,North,93.21
57,67.21,6,South,150.38
40,50.87,3,South,98.37
9,82.12,8,South,151.05
9,41.25,3,East,64.95
8,27.85,7,South,93.84
19,70.95,1,South,117.1
5,36.3,2,East,67.31
16,34.89,5,East,99.22
46,90.56,5,East,147.07
53,80.36,6,East,135.4
48,47.61,3,West,87.11
30,16.15,4,North,94.59
42,67.58,4,North,123.84
57,71.17,5,South,138.88
4,67.14,6,West,99.34
55,65.91,2,North,115.44
44,50.78,8,North,141.58
24,46.33,4,East,87.59
27,35.08,6,East,83.89
27,41.31,4,East,100.83
10,62.09,3,North,117.81
14,62.5,2,East,88.79
18,74.88,6,West,125.89
1,31.11,6,East,59.91
31,28.12,6,North,88.31
29,46.9,3,East,80.54
20,36.31,6,East,96.61
11,58.81,4,South,92.44
59,32.33,5,South,93.9
41,87.54,5,West,120.28
29,39.3,3,South,109.51
44,103.24,10,North,196.4
23,67.34,9,North,163.19
13,35.8,9,South,131.91
41,126.2,6,South,174.64
47,60.71,5,South,98.02
40,58.35,11,East,135.97
34,53.19,4,West,120.1
1,65.8,3,East,85.87
39,67.37,9,South,134.92
38,38.63,6,North,116.78
25,50.13,4,West,98.28
15,57.18,6,South,131.68
59,68.93,5,North,133.91
23,69.4,5,North,142.73
17,58.31,6,North,122.77
43,43.81,5,West,98.53
29,42.92,6,West,102.93
34,33.9,8,East,114.62
39,69.2,7,East,163.15
23,42.67,7,South,127.91
10,50.57,6,West,81.92
11,60.05,5,South,100.81
57,54.68,8,West,110.75
31,54.48,3,South,116.46
26,38.02,4,West,71.66
20,60.8,2,South,108.29
44,48.18,3,North,122.82
55,52.74,4,South,86.54
47,86.76,3,East,110.55
33,66.83,9,South,119.89
29,43.45,6,South,116.5
52,51.44,7,North,141.07
52,103.52,8,North,191.92
24,48.28,4,East,116.62
58,55.48,6,West,102.74
50,71.21,5,North,136.66
51,59.51,3,East,135.58
4,47.03,4,South,85.93
8,40.55,6,North,83.54
18,54.38,6,North,135.9
46,71.04,5,South,144.32
5,92.61,4,East,116.51
5,30.38,4,East,87.27
2,110.51,5,South,142.05
12,48.65,5,North,103.57
56,79.04,4,East,123.89
44,40.65,5,West,95.35
44,28.66,9,South,99.83
18,32.29,10,East,114.98
38,47.83,3,South,102.67
47,67.33,4,East,124.18
32,55.28,5,East,121.91
52,49.4,8,South,114.05
35,85.39,6,East,145.29
20,54.64,5,East,118.28
39,61.06,4,South,112.05
57,189.5,9,West,259.91
50,54.42,4,North,119.69
30,41.33,9,West,101.18
36,66.18,2,East,111.43
59,73.23,3,North,113.03
45,61.58,8,South,132.01
31,58.13,3,South,117.38
17,98.78,4,West,128.12
55,93.96,6,East,143.47
59,52.1,4,North,117.99
5,42.21,6,West,91.34
2,64.82,5,East,98.06
7,42.11,6,North,108.08
24,77.79,6,East,149.48
10,64.69,6,North,107.53
53,158.86,5,East,210.96
55,98.43,2,East,134.99
11,35.46,5,East,77.02
50,44.37,3,West,91.49
9,25.39,1,East,74.23
48,23.22,5,North,83.34
22,57.14,5,North,133.97
3,33.89,7,North,75.49
26,105.26,8,East,156.73
50,86.76,7,East,157.83
57,48.98,4,South,71.29
8,47.88,5,North,100.94
51,98.9,3,South,131.79
18,108.4,8,West,177.37
28,37.6,6,South,77.64
7,35.71,6,West,76.11
59,48.4,4,West,89.58
48,64.88,7,West,111.92
39,44.46,4,North,100.23
44,65.42,3,South,104.87
53,119.12,4,East,187.42
9,31.11,5,East,69.71
15,45.68,4,East,87.34
3,31.35,8,East,115.48
30,39.07,3,South,84.27
30,48.53,5,East,104.35
2,40.82,1,South,71.63
40,67.22,7,South,115.75
1,58.0,4,North,111.57
48,61.54,4,North,97.06
43,48.29,7,North,112.14
49,50.11,5,South,111.11
8,47.45,5,North,93.05
53,49.43,4,South,92.51
33,64.56,5,North,122.13
52,25.29,4,North,92.65
42,61.26,4,East,136.33
40,38.57,7,North,97.2
2,47.68,5,South,73.73
42,29.24,7,West,93.52
27,47.3,6,East,103.49
51,61.02,5,East,122.97
42,65.55,3,East,122.52
5,33.97,5,East,71.01
54,64.3,5,North,118.23
4,86.13,4,North,144.05
18,44.81,6,South,108.63
14,54.62,4,North,116.54
59,23.87,4,North,91.2
10,38.14,7,West,104.04
51,60.84,3,West,88.05
14,80.01,7,East,147.24
40,42.96,1,North,104.36
6,158.82,9,North,236.85
24,61.9,5,East,130.6
38,32.81,7,West,87.55
43,91.37,5,East,148.23
53,33.08,5,East,73.11
49,62.26,6,North,130.3
32,37.65,1,East,75.58
19,31.72,5,West,83.88
16,80.23,4,North,142.22
60,49.21,5,East,113.41
37,108.88,5,North,171.44
55,36.34,5,East,80.42
27,29.26,2,West,60.92
30,45.07,7,North,126.65
50,173.5,8,West,200.59
44,76.22,3,South,135.75
13,68.14,8,North,164.01
32,69.05,3,North,122.36
13,44.97,4,South,89.09
46,162.67,7,East,232.15
2,65.58,3,North,117.83
50,63.16,2,North,138.2
56,80.96,7,West,157.96
2,32.81,3,North,78.97
38,38.41,8,West,104.01
5,49.49,5,North,116.95
22,81.17,4,North,143.36
21,32.49,4,West,73.95
32,53.15,6,South,86.03
56,50.22,5,South,91.82
28,29.09,6,South,111.92
24,44.54,3,West,86.64
6,67.82,2,West,81.2
54,30.17,5,South,78.48
19,96.02,2,North,140.47
28,65.84,4,South,107.03
6,62.7,4,North,119.54
18,54.78,6,West,95.44
34,35.27,2,North,81.88
55,42.1,7,North,104.96
20,63.1,5,East,110.46
34,42.07,6,West,91.19
53,58.88,3,South,94.56
22,38.11,5,West,99.48
18,65.4,7,West,112.65
3,67.39,5,North,136.33
55,28.47,3,South,77.31
7,56.09,3,South,88.98
13,29.71,5,West,66.04
9,25.93,6,South,73.26
43,43.05,6,North,126.97
22,167.13,6,North,220.45
43,74.45,6,North,169.7
37,95.28,4,South,139.85
1,69.64,5,North,122.12
19,59.27,3,North,108.58
1,78.11,4,West,108.85
4,42.27,3,South,86.09
29,65.9,5,West,127.98
16,87.43,5,East,133.87
6,72.22,7,South,137.35
25,89.76,2,South,109.65
28,58.74,5,West,100.25
60,107.43,7,West,170.59
40,50.23,6,North,146.91
24,127.37,6,West,166.49
29,68.68,4,East,114.41
6,46.83,6,East,95.2
24,34.07,3,South,99.65
35,39.52,5,South,85.07
2,37.2,2,South,56.12
56,52.69,5,North,134.57
31,32.8,6,East,89.16
48,91.57,3,South,138.01
17,57.07,7,South,136.04
51,56.15,6,North,103.32
23,34.26,3,East,92.94
56,40.14,4,East,119.25
32,22.46,5,West,78.97
39,104.28,5,South,151.93
13,30.97,5,West,72.28
60,31.92,5,North,83.6
12,96.09,5,South,154.99
2,63.75,6,North,115.07
27,57.3,5,East,127.21
51,62.56,8,South,148.01
56,79.96,5,East,132.56
52,56.82,5,South,103.23
34,29.45,8,South,110.81
56,73.21,5,North,160.95
30,64.65,6,South,129.55
29,87.24,4,East,124.43
11,33.13,4,North,80.65
48,40.78,3,West,90.39
19,63.87,3,East,109.57
12,37.42,7,North,98.62
23,21.3,5,West,86.29
37,59.08,6,West,110.23
17,78.1,3,South,116.67
22,51.85,10,North,133.36
20,67.98,6,East,131.46
36,64.16,8,East,130.77
43,54.83,7,West,111.9
41,57.65,7,South,119.38
9,93.66,5,East,126.83
21,37.13,5,West,91.15
39,74.38,3,East,111.37
13,34.04,8,South,101.97
5,39.73,5,East,87.73
20,88.09,9,West,161.03
41,33.65,4,North,90.91
40,49.57,5,East,99.28
8,140.41,4,East,169.13
41,82.29,2,South,127.29
12,40.66,3,North,81.85
45,43.54,8,South,129.65
34,51.01,8,East,124.29
8,92.28,5,South,120.88
22,36.57,6,South,103.97
50,35.7,7,South,94.64
26,72.63,5,East,117.86
42,27.87,8,East,113.13
45,37.92,5,West,97.43
2,52.77,6,North,104.09
56,53.86,3,East,100.2
21,31.63,6,South,77.25
48,62.9,4,North,107.08
29,68.14,4,South,100.03
35,41.89,7,South,107.09
22,106.09,3,West,114.23
52,62.54,6,North,146.45
8,36.53,8,North,108.6
54,104.41,3,West,154.77
13,44.29,4,North,96.92
53,58.65,4,North,108.35
2,44.94,6,North,130.63
1,70.08,6,North,107.13
6,45.03,10,West,108.62
33,46.14,8,North,131.31
16,51.21,6,East,104.33
36,44.67,2,North,88.68
50,83.82,3,North,135.19
2,33.01,3,North,79.31
32,53.79,4,South,94.94
45,56.59,7,North,152.14
26,51.94,6,South,105.87
56,80.42,6,South,131.03
40,29.92,4,South,83.44
3,68.52,4,East,108.01
33,33.18,3,South,82.17
24,44.54,4,South,94.82
8,31.85,5,North,74.47
58,47.81,2,North,91.65
14,43.32,3,North,96.37
6,105.14,5,North,141.75
14,60.13,6,North,142.89
50,65.1,3,East,127.67
36,35.06,7,North,103.22
50,73.41,2,West,93.35
28,105.14,1,East,128.75
8,77.32,6,West,99.93
24,32.3,3,North,82.2
12,45.35,3,South,86.86
34,57.02,9,West,142.31
17,43.34,8,West,103.89
59,150.38,2,North,181.13
23,45.02,4,South,88.8
19,53.66,6,North,121.16
60,42.94,4,West,86.82
32,59.9,4,South,99.4
11,94.91,8,West,146.36
29,57.17,3,East,108.33
16,50.02,7,South,127.6
43,35.53,4,South,84.39
35,88.55,4,West,139.78
44,51.55,4,East,113.32
57,50.67,5,East,112.88
44,21.42,3,North,84.18
21,51.89,4,East,99.25
13,46.5,3,East,97.8
32,26.3,3,North,79.33
27,81.11,5,North,157.21
19,44.08,3,East,79.9
49,116.54,4,West,155.16
55,96.14,4,South,152.89
23,40.94,7,South,113.49
41,94.42,6,South,141.38
60,103.98,3,South,137.49
1,43.66,7,West,74.9
22,36.12,5,West,86.41
45,23.05,3,West,76.23
30,63.57,5,North,139.12
48,36.99,5,South,103.17
29,64.34,3,North,128.25
4,43.5,10,North,114.67
27,39.97,5,North,120.4
25,43.62,5,North,94.97
51,32.46,8,North,113.89
9,43.61,6,East,105.86
10,40.66,5,West,57.92
9,54.29,6,North,125.81
35,56.92,5,North,124.95
60,35.57,5,North,104.45
38,84.8,8,West,138.07
49,51.22,8,North,110.54
52,99.58,5,West,141.32
37,60.13,7,West,127.14
37,56.13,9,North,166.33
15,44.86,3,East,93.87
58,69.82,3,East,135.77
48,55.34,11,West,136.89
53,76.97,8,North,150.25
60,103.74,3,North,161.44
21,40.82,3,South,100.85
9,69.78,4,East,111.28
52,69.0,2,East,92.17
29,65.58,4,North,120.49
58,45.91,6,South,110.26
42,46.28,6,East,117.25
16,43.23,7,South,101.55
22,42.88,3,East,83.02
37,39.02,5,West,79.4
24,52.36,9,North,141.03
17,40.32,3,North,92.88
13,64.99,9,South,136.35
39,55.86,4,North,106.76
3,58.42,3,South,89.94
6,48.94,6,East,87.93
3,56.12,7,East,100.03
45,49.46,7,West,105.35
2,74.58,3,North,118.71
26,45.74,6,North,140.29
8,63.45,3,North,94.86
36,32.38,4,North,108.29
3,72.59,4,South,90.82
2,43.65,4,North,102.71
25,37.91,3,South,80.73
42,34.62,1,North,66.53
7,33.54,4,East,89.95
30,45.03,6,South,97.98
49,99.43,2,South,122.13
38,42.21,5,West,95.66
46,22.56,4,East,71.25
19,63.19,5,South,109.07
57,34.96,8,East,110.02
9,75.64,3,East,123.97
37,46.13,4,West,68.86
27,48.93,3,East,83.77
2,88.14,2,North,123.08
57,69.9,4,West,118.39
43,33.16,4,North,99.31
14,35.17,5,West,58.07
4,26.75,5,West,60.38
41,154.67,5,South,180.17
33,38.66,6,East,130.33
3,87.18,4,West,114.34
60,44.13,3,East,84.19
44,35.45,3,South,101.09
28,55.07,6,North,149.86
15,47.91,5,South,109.33
17,75.25,3,South,123.1
28,75.62,4,North,130.31
4,43.12,3,East,85.82
23,30.69,6,South,84.55
14,33.82,7,South,105.7
7,21.91,8,East,92.36
8,48.92,3,East,99.04
21,54.34,6,South,117.12
23,34.57,6,North,114.98
22,32.94,6,East,87.98
42,54.25,4,East,88.43
32,42.4,4,West,73.48
12,50.14,6,South,67.4
59,47.14,7,North,127.87
44,60.31,4,North,124.14
29,43.55,5,East,89.57
3,44.9,9,North,139.77
55,25.72,3,North,98.3
45,53.51,8,West,122.0
28,56.57,3,East,110.58
10,50.85,3,South,80.02
7,117.3,4,East,160.1
18,58.27,4,East,102.19
14,51.29,5,North,122.01
13,66.66,8,South,119.64
25,127.12,8,East,220.73
3,60.41,8,South,111.52
20,22.43,2,North,57.32
53,64.9,6,East,113.23
52,38.41,6,North,120.62
1,25.31,4,West,56.16
41,107.66,8,North,176.86
60,98.75,5,East,162.81
35,38.01,4,West,84.68
24,38.11,5,West,97.47
30,58.21,2,East,90.38
13,38.32,4,North,91.08
24,51.73,7,North,141.54
57,41.05,3,West,103.3
37,46.52,1,South,66.42
26,31.13,6,North,104.41
8,76.0,6,North,107.68
55,88.37,5,East,148.5
10,52.45,7,West,80.01
44,53.81,6,East,108.06
19,70.22,6,West,118.61
17,54.64,4,North,102.33
11,109.05,4,East,153.23
23,32.25,4,North,107.53
41,77.04,5,South,125.61
25,52.16,8,North,131.59
2,34.87,6,East,65.36
16,134.13,4,North,180.56
10,141.75,2,South,149.27
25,50.24,8,North,131.3
55,65.23,6,North,150.54
58,45.22,3,East,84.96
60,48.23,8,North,113.65
7,34.71,4,North,76.26
30,32.72,3,South,67.45
3,114.17,9,South,144.7
30,53.76,1,West,104.28
35,55.71,3,West,80.74
47,39.48,5,West,86.91
21,58.91,5,North,131.57
3,29.92,6,South,90.22
28,40.07,9,East,130.07
26,33.79,7,North,132.59
38,91.57,4,West,115.36
6,28.2,3,East,54.51
37,34.07,2,West,73.48
25,24.07,5,East,78.56
45,38.24,6,East,91.72
60,45.43,4,North,99.1
14,80.73,4,West,103.73
46,49.96,6,East,103.66
8,46.33,9,North,123.05
60,61.56,7,West,100.53
29,45.73,8,North,116.27
45,143.16,7,North,217.42
47,43.1,5,North,104.57
37,64.42,5,East,119.5
24,75.99,3,East,110.67
46,42.61,6,North,129.49
29,58.33,4,North,106.79
40,44.69,4,South,84.91
37,60.92,2,North,120.57
28,56.85,3,South,106.04
8,51.62,6,South,102.86
18,34.39,4,West,72.88
57,115.06,7,East,181.35
32,69.03,5,North,126.63
39,28.92,3,North,71.93
16,46.15,2,West,80.14
43,29.14,3,North,94.63
30,74.06,5,South,124.68
14,54.12,7,North,138.63
9,54.69,4,West,96.37
24,38.98,5,East,98.7
34,48.12,4,West,99.86
17,74.8,5,South,124.25
15,83.29,6,East,141.49
17,76.6,4,South,109.02
18,29.35,3,South,87.5
45,50.68,3,North,95.34
30,60.42,3,South,87.06
29,40.69,4,North,111.3
10,28.12,4,South,75.04
33,32.63,6,South,115.24
58,99.48,5,East,126.18
45,33.9,6,South,103.26
27,55.65,2,South,92.16
19,51.29,4,North,126.2
22,51.34,4,North,98.05
2,48.04,4,East,92.65
2,74.86,4,West,89.62
47,55.38,4,West,85.05
51,42.51,2,East,101.56
59,55.73,4,South,108.42
38,32.75,7,East,115.88
56,66.05,5,East,107.94
25,41.58,5,West,103.93
16,42.55,6,North,111.56
15,67.04,5,South,117.57
15,46.39,2,North,79.68
45,47.45,8,North,139.66
1,87.1,8,West,145.9
57,36.99,5,East,91.73
47,66.64,3,West,99.83
23,79.82,6,West,144.07
43,87.07,7,South,130.16
9,130.4,4,South,172.35
26,42.23,4,South,77.82
7,38.58,5,West,90.64
7,75.71,5,North,147.89
1,79.53,3,North,104.8
48,39.79,7,East,119.0
45,66.28,6,South,122.27
54,162.34,4,South,202.39
59,56.93,6,South,98.52
58,79.0,3,North,119.88
60,102.59,7,South,155.04
1,148.64,4,South,156.07
48,60.24,5,South,102.22
44,90.13,8,West,153.13
10,39.83,6,North,97.4
9,55.14,5,West,91.97
59,45.67,2,South,84.78
53,25.68,5,West,76.24
20,28.75,7,North,92.75
5,64.85,4,North,109.43
21,65.36,4,East,102.04
1,35.99,5,East,87.48
42,101.79,8,South,143.99
23,35.02,3,North,74.02
3,60.52,2,North,82.08
59,46.24,4,North,94.75
50,56.98,6,West,111.42
55,78.21,5,South,133.91
60,73.92,3,West,119.22
1,72.47,4,North,114.54
47,68.86,8,East,124.89
48,32.82,4,East,73.5
47,85.95,7,East,151.76
16,35.73,6,South,97.73
24,52.33,1,North,92.23
56,47.44,5,North,108.25
4,62.81,7,East,105.56
39,44.98,4,West,97.5
48,51.24,7,West,97.9
48,104.33,5,West,161.8
36,32.52,4,East,83.11
47,54.54,5,North,125.9
55,34.97,9,South,111.41
46,71.5,3,East,127.58
7,40.83,7,West,80.4
15,55.45,4,North,106.01
19,32.14,3,South,74.56
21,91.53,6,East,158.22
22,56.21,6,East,122.93
14,57.69,2,North,98.61
41,76.07,3,South,108.44
7,33.1,5,North,81.44
48,42.69,3,West,96.86
40,58.44,3,East,88.43
58,26.98,5,North,97.87
1,28.17,7,East,76.77
18,39.31,7,North,107.14
54,34.59,3,East,74.21
30,47.58,3,East,78.48
34,67.29,5,South,128.54
2,73.7,6,North,120.71
46,112.59,4,South,161.08
16,54.11,2,West,72.62
58,58.08,3,East,94.4
23,54.06,4,West,96.74
12,62.06,4,North,131.96
36,64.03,7,West,125.25
29,78.95,4,North,145.31
29,78.83,2,South,124.12
57,67.2,7,South,145.6
22,99.89,3,West,125.92
24,55.19,4,North,117.48
38,42.75,4,East,93.18
11,45.64,6,East,100.17
50,52.34,4,West,108.46
14,35.39,6,North,115.43
15,42.72,4,North,103.88
1,34.61,6,West,75.28
21,62.65,5,North,121.42
35,62.9,7,North,142.99
43,26.91,4,South,76.97
54,42.03,3,West,85.44
47,113.3,4,South,150.46
20,70.24,9,South,153.94
50,65.48,8,North,158.34
12,41.86,8,West,90.16
13,61.25,7,East,117.24
22,54.28,5,West,107.37
33,39.7,4,West,69.3
13,44.81,8,West,107.68
55,45.22,4,South,82.67
17,30.1,3,East,75.16
24,32.16,8,West,138.65
37,50.41,5,East,103.36
26,38.89,9,South,129.99
25,48.41,7,West,100.29
60,28.72,6,North,101.94
27,75.23,10,North,184.73
7,125.49,5,West,132.25
44,82.35,7,North,131.71
43,85.82,4,West,116.49
14,70.14,6,East,109.48
52,60.72,3,South,112.17
24,56.52,5,East,107.74
10,37.87,8,East,86.51
11,71.95,7,East,126.4
43,70.27,6,East,142.33
13,45.37,9,North,118.14
29,67.38,10,South,140.98
45,41.36,2,East,89.97
52,42.43,5,North,100.59
30,74.44,3,North,149.18
55,64.86,2,South,97.09
19,49.76,3,South,92.26
53,47.51,7,North,119.97
16,58.55,3,East,99.2
4,26.2,1,South,62.98
44,40.32,6,North,132.46
46,32.92,5,South,87.33
56,54.86,10,North,137.72
56,84.39,7,East,150.66
7,66.08,4,East,74.75
38,44.5,6,West,107.84
43,41.16,1,South,60.34
37,40.38,4,West,83.66
2,121.49,6,South,154.77
3,56.1,7,South,116.12
41,59.14,5,South,112.98
52,23.47,6,West,79.18
11,34.04,5,North,111.71
3,53.64,7,North,127.86
25,44.73,4,North,99.1
19,57.58,8,West,126.52
59,57.28,4,North,114.63
56,69.42,4,North,124.71
34,25.85,7,North,98.9
57,35.09,7,North,106.89
14,52.47,6,East,99.81
60,42.14,4,East,84.51
27,48.23,4,North,115.02
29,57.03,4,East,102.54
4,40.53,5,North,102.09
11,58.96,8,West,111.11
12,67.87,6,North,144.38
30,56.04,4,East,95.6
12,72.84,7,South,102.53
7,22.89,5,East,72.65
37,43.19,4,North,123.42
53,78.02,8,North,160.24
5,38.64,8,East,105.2
34,36.6,7,East,96.92
58,51.91,5,West,113.78
25,54.22,3,East,99.44
11,44.09,2,East,79.62
5,114.14,6,South,141.17
57,61.23,6,North,125.37
25,38.05,4,North,99.87
7,30.7,4,North,74.09
52,64.21,7,South,139.41
49,37.69,5,North,104.15
43,129.16,9,South,201.69
6,64.79,7,South,129.64
5,68.31,2,West,90.11
14,60.31,5,South,123.16
10,85.51,8,East,133.26
32,20.94,5,East,85.91
24,33.74,4,West,59.28
46,82.57,3,North,125.32
7,99.51,4,East,133.18
44,33.31,6,West,91.05
57,26.38,5,East,90.68
8,58.38,5,South,99.1
40,66.3,8,South,163.64
31,57.91,7,West,111.25
6,53.31,4,North,90.23
18,26.03,4,North,116.4
48,46.99,6,North,144.12
53,49.88,5,East,118.61
23,43.85,3,North,112.09
7,25.34,4,North,72.96
15,68.99,6,East,122.92
51,77.19,2,West,110.89
35,39.73,7,South,110.43
26,50.68,3,South,85.56
1,44.76,6,West,90.79
47,44.93,6,West,130.78
28,66.5,4,South,121.07
33,67.15,7,South,158.83
51,83.92,4,North,149.36
34,83.23,3,East,140.31
56,50.97,5,North,124.22
34,170.18,3,East,211.09
21,101.49,6,South,146.04
56,41.96,3,West,71.77
39,57.43,2,West,93.87
46,24.67,6,North,114.3
14,55.2,4,North,121.14
41,106.64,4,East,167.81
34,166.09,4,East,189.34
7,52.01,6,South,100.59
16,62.42,6,South,125.61
55,69.56,6,South,99.22
35,120.53,7,South,183.25
47,36.85,7,South,104.65
11,157.94,1,West,169.74
14,48.09,9,North,125.36
57,34.19,4,South,97.74
26,48.13,4,North,116.85
54,39.49,7,South,107.73
49,64.57,8,East,139.88
21,28.19,3,North,82.98
57,57.78,6,South,119.68
47,71.21,6,North,140.24
8,98.8,1,East,119.1
6,71.68,2,South,91.64
8,96.4,5,North,146.26
45,42.85,7,North,117.11
9,63.92,8,West,123.35
17,22.38,8,South,104.91
27,52.16,5,East,127.9
9,63.73,2,West,86.15
20,66.08,3,North,128.82
41,29.09,4,East,78.8
59,46.71,6,North,123.76
29,49.39,2,West,83.22
45,45.99,6,South,114.67
32,72.97,8,East,132.98
28,50.06,6,West,97.33
32,56.81,3,North,116.67
58,44.89,5,North,124.76
4,83.59,4,East,128.37
31,86.12,3,North,162.98
4,48.26,5,West,74.84
53,170.76,4,West,213.62
37,40.18,4,East,82.58
3,81.69,3,South,113.7
38,37.32,3,West,83.96
27,74.38,5,North,150.89
3,72.1,3,West,100.16
59,36.43,1,South,55.08
23,51.82,8,East,142.42
2,115.25,3,East,113.9
37,39.42,2,East,76.76
23,64.12,6,South,127.23
40,62.44,9,West,135.95
10,53.68,8,North,114.82
50,27.32,6,West,91.14
26,76.05,3,East,148.25
26,54.85,6,West,112.85
49,84.91,7,East,153.34
33,59.9,4,South,94.36
1,56.02,5,East,81.39
35,63.37,5,South,103.92
39,36.78,5,North,116.95
19,101.82,3,North,156.26
11,46.99,6,North,123.98
4,47.23,5,East,91.61
51,91.55,5,South,136.93
1,60.28,4,North,93.3
36,49.67,3,South,73.13
51,64.43,4,West,103.48
22,70.13,4,West,102.81
13,52.07,4,North,128.79
43,78.96,4,South,139.12
38,32.84,7,South,89.49
1,60.63,2,South,76.08
35,75.2,3,North,98.92
1,70.02,2,South,88.58
24,22.28,6,East,94.64
19,51.9,4,East,105.86
51,33.6,11,South,134.21
59,91.31,5,South,142.06
42,46.7,4,West,88.93
45,87.35,4,North,147.69
2,33.55,4,East,59.15
4,63.83,4,North,107.92
47,54.77,7,North,144.12
26,164.95,3,North,205.42
31,87.46,11,East,196.02
42,85.25,3,East,127.21
21,122.87,2,West,139.15
41,61.16,3,South,93.05
44,52.47,6,West,104.31
15,50.13,2,North,85.43
42,62.25,6,North,139.14
11,18.03,8,West,85.07
19,54.65,6,South,138.84
47,59.78,2,East,91.17
59,51.3,4,North,113.62
4,29.6,5,North,90.44
39,51.42,7,North,138.22
35,29.56,7,East,109.22
37,111.0,4,South,167.12
48,49.26,4,North,106.88
5,23.92,2,West,42.98
45,50.27,7,North,139.3
17,78.11,3,East,97.49
10,58.58,8,North,126.58
27,37.88,7,South,106.3
2,41.62,5,North,104.52
38,48.68,5,South,101.33
34,45.79,5,South,105.19
31,32.99,3,East,57.27
2,53.14,8,South,97.02
46,32.02,6,West,69.32
3,79.81,4,West,106.17
16,83.8,8,East,145.54
24,36.55,6,South,106.86
43,40.99,5,South,98.04
25,46.1,6,East,107.76
49,53.91,3,North,114.75
57,60.51,4,South,113.38
46,65.71,2,East,100.3
3,65.1,3,North,109.17
47,101.65,4,North,146.73
13,55.93,4,South,98.0
54,32.43,4,South,89.32
59,28.68,4,West,72.4
6,105.04,7,South,146.04
6,66.94,5,North,103.53
42,59.3,3,South,107.71
9,65.34,4,South,89.19
59,58.21,7,West,99.12
33,64.93,3,West,100.42
35,47.04,6,West,88.31
52,83.27,6,North,138.48
14,44.26,10,North,143.89
34,38.04,3,West,79.68
60,27.76,5,North,104.23
2,49.65,6,North,126.96
11,90.65,3,West,116.2
9,45.47,2,North,88.47
21,31.46,8,West,91.14
8,61.19,7,East,137.67
11,42.08,4,North,85.82
52,101.42,4,South,166.32
28,83.92,4,North,129.2
22,32.84,3,West,64.42
26,50.93,3,South,103.0
59,40.36,5,West,104.07
30,34.32,5,South,74.19
29,53.39,2,East,97.43
56,75.74,5,West,131.63
3,52.84,5,North,112.84
29,44.41,4,East,106.14
45,22.59,6,West,69.49
31,41.83,5,North,133.21
53,68.08,5,North,120.97
54,31.92,7,North,122.31
21,91.2,3,West,135.4
50,43.23,4,North,124.35
15,59.0,9,South,144.75
15,46.54,5,West,104.4
59,34.11,7,East,124.75
1,65.11,8,South,116.01
22,42.98,4,North,99.35
38,39.13,4,North,117.79
25,21.11,6,East,101.1
51,91.93,9,North,190.03
16,54.73,4,South,95.9
34,85.0,2,West,89.12
8,69.97,10,South,154.68
13,84.99,4,North,141.62
11,43.57,5,West,93.92
45,31.53,5,South,83.29
13,74.07,5,West,112.55
41,57.52,6,West,105.49
21,45.31,5,North,109.27
34,73.49,6,West,129.31
53,61.76,7,West,152.58
52,70.5,5,North,115.57
1,36.27,3,West,62.84
48,80.72,5,West,149.67
58,54.5,5,East,126.76
41,84.26,7,North,181.98
12,80.42,4,West,91.68
40,71.85,5,North,127.41
39,52.22,4,South,106.59
40,72.52,7,South,164.49
26,85.14,6,East,142.86
32,69.6,6,East,118.98
40,59.21,5,West,109.81
28,72.58,5,East,137.87
47,44.24,5,North,119.09
43,100.04,5,South,161.66
19,27.86,4,East,89.66
37,55.35,5,South,102.98
46,46.41,3,South,101.01
30,42.25,3,West,67.42
43,61.69,6,West,110.36
8,34.81,4,East,93.19
24,129.12,2,West,133.88
43,31.79,3,North,85.67
54,37.32,7,West,97.5
39,35.94,4,North,93.76
40,59.11,8,South,134.32
21,81.93,6,West,117.35
43,67.38,6,East,123.95
22,98.39,5,West,130.61
4,39.22,3,East,89.69
15,71.06,8,South,129.75
37,48.36,7,West,126.77
58,59.81,5,West,80.53
30,85.07,9,East,166.43
52,27.75,5,West,92.69
47,121.07,3,West,156.47
34,51.52,3,North,115.44
49,28.71,9,West,91.12
25,41.38,4,South,88.45
27,56.88,6,North,140.57
45,41.38,6,North,124.03
39,24.07,4,North,105.04
32,56.75,5,North,129.15
26,40.91,6,West,107.75
59,70.84,4,West,129.31
4,35.61,5,East,92.12
4,134.91,2,West,138.75
29,67.05,3,North,126.21
3,59.07,5,North,121.1
21,70.05,4,North,139.7
35,26.35,3,South,68.34
25,44.76,5,East,102.84
13,111.41,2,South,119.85
18,48.04,4,South,100.09
37,53.24,2,South,95.93
58,45.3,3,West,89.69
47,98.08,11,North,197.63
33,49.51,5,South,119.18
9,33.09,4,East,93.18
15,153.17,3,East,183.67
27,31.5,4,North,86.55
15,52.51,5,South,75.35
42,38.99,10,East,115.34
22,41.24,3,North,106.95
51,35.73,6,North,101.29
17,43.99,4,North,109.16
30,80.93,6,North,141.01
43,25.51,6,North,87.48
13,90.41,4,South,131.86
46,84.38,3,South,121.62
36,66.93,8,East,134.82
39,57.42,5,West,113.3
28,60.99,3,South,122.44
57,96.48,5,North,153.9
47,27.16,3,West,66.19
12,73.03,2,West,86.19
34,40.51,7,South,113.74
55,75.97,7,South,141.66
17,42.72,3,East,80.03
33,72.44,4,East,146.49
46,29.39,8,South,85.61
17,27.74,4,North,88.64
32,52.18,4,East,113.19
34,96.95,8,East,164.98
11,67.66,5,West,110.38
11,67.47,6,West,114.87
34,77.02,8,North,175.47
11,46.58,5,West,99.76
57,69.71,2,West,97.47
32,43.3,3,West,93.22
43,48.15,3,South,109.75
24,50.61,4,South,102.76
18,43.89,7,North,116.63
30,53.17,8,North,134.35
43,49.31,5,South,113.0
24,41.14,6,North,108.24
17,51.61,6,North,115.74
9,58.1,6,South,109.11
33,35.17,6,East,92.77
41,64.52,7,West,124.27
32,44.81,5,North,125.84
16,59.1,8,North,126.36
15,41.84,6,North,115.31
23,83.11,6,East,152.4
21,80.03,4,East,143.42
13,35.88,6,West,84.95
57,67.36,6,East,130.03
20,97.37,3,East,133.38
16,37.36,5,West,71.58
37,38.57,5,East,113.95
49,73.26,7,North,155.14
28,32.37,7,West,96.13
41,40.0,5,East,101.12
6,36.38,5,North,89.25
32,73.63,4,East,118.35
4,41.39,2,South,60.63
9,48.72,3,East,74.81
36,40.47,7,West,100.47
13,86.44,7,North,150.26
3,38.72,2,South,57.57
11,31.09,4,South,53.16
47,30.61,5,North,116.69
36,72.06,4,East,124.18
23,74.17,5,North,135.62
59,89.97,4,North,144.44
24,32.97,9,West,125.67
53,49.78,3,East,91.05
21,144.16,8,North,233.74
2,48.38,6,South,84.22
7,43.58,5,South,92.28
17,54.14,4,West,98.9
12,67.49,7,North,153.49
10,67.04,7,North,138.53
24,42.7,3,West,77.18
59,43.21,7,South,124.48
13,48.49,6,North,124.22
15,40.77,6,North,89.32
60,33.32,3,North,110.62
13,112.53,5,South,142.13
50,46.4,5,East,114.05
38,47.46,3,East,95.66
56,48.06,6,North,87.9
34,52.87,7,South,138.09
36,64.97,6,South,135.73
14,45.33,2,West,64.81
35,86.12,6,North,185.97
41,69.35,6,North,140.75
60,50.58,6,North,123.8
6,41.83,4,East,77.02
10,84.27,4,East,130.65
2,51.17,3,North,97.25
48,33.21,2,South,70.15
5,82.14,8,South,131.66
55,40.83,3,South,94.77
22,77.28,2,South,102.02
18,19.97,4,North,88.4
59,47.11,2,North,101.71
44,86.83,5,South,111.9
33,54.71,6,East,120.73
54,69.36,7,East,128.22
46,38.06,6,South,102.19
39,62.75,3,South,108.2
20,54.68,6,South,126.56
60,60.18,5,South,117.64
44,123.43,2,West,152.07
57,92.0,4,East,133.67
58,74.95,7,East,139.2
33,75.33,2,North,137.82
22,37.95,4,East,83.2
57,45.22,3,West,77.04
60,29.58,7,West,91.25
8,32.86,5,North,110.68
39,38.3,6,East,96.97
37,53.97,4,East,131.69
45,33.45,4,North,116.86
59,53.75,8,East,146.14
16,51.34,8,South,111.73
59,34.69,1,West,59.56
39,100.51,5,North,160.48
5,32.14,7,South,96.08
31,85.36,4,North,146.43
9,22.16,8,West,81.68
58,51.58,10,West,125.87
46,33.82,2,South,80.07
55,42.02,5,West,93.47
37,112.62,5,South,146.38
24,47.52,7,East,119.63
26,35.1,5,North,96.64
57,66.36,4,East,101.19
10,47.36,2,West,43.53
54,57.99,6,South,101.28
26,37.87,3,West,94.0
36,38.63,5,South,80.65
41,39.84,6,North,123.49
5,75.14,5,West,131.43
9,49.86,5,North,94.55
10,35.9,5,North,93.43
47,58.25,6,West,135.05
5,56.36,3,West,92.29
37,68.68,4,East,137.7
7,45.03,8,West,94.05
47,52.93,5,North,133.16
59,64.63,8,South,128.49
25,36.46,8,West,98.57
13,77.83,9,West,165.19
27,54.96,5,South,118.29
42,35.15,5,North,123.82
44,35.04,7,South,86.06
39,52.47,5,East,104.17
35,43.81,1,South,57.1
38,73.84,4,East,123.65
14,48.68,3,North,120.64
13,61.63,3,South,91.13
56,38.88,4,West,85.55
35,54.1,2,South,96.42
52,92.41,7,North,170.48
38,51.46,6,South,111.43
28,43.76,3,North,95.68
35,38.65,3,West,74.87
42,54.19,7,East,126.89
12,95.94,4,South,135.09
28,31.64,4,South,98.58
44,53.52,4,North,108.81
6,27.51,4,North,88.72
5,46.33,7,North,110.16
10,60.65,5,South,104.28
36,29.02,1,West,46.04
15,45.7,4,East,92.38
27,61.33,4,North,123.23
9,57.54,4,South,98.93
16,62.53,3,East,88.19
2,36.97,3,South,51.32
49,61.32,3,West,110.97
28,42.95,7,South,98.8
11,72.65,6,South,119.4
32,21.67,3,North,73.22
56,48.63,7,South,115.43
50,56.8,2,West,87.22
54,93.67,5,West,143.38
25,56.53,3,West,81.58
22,58.87,7,North,126.48
19,63.45,6,North,151.85
19,90.13,5,East,160.09
56,46.86,8,East,111.37
9,31.15,6,North,100.83
52,28.85,5,North,83.67
55,71.21,4,North,126.78
51,59.7,4,North,135.29
38,49.28,5,East,102.32
52,43.19,11,West,143.72
2,58.69,6,West,74.2
50,59.38,5,North,139.06
31,66.15,6,East,131.83
58,35.04,6,South,101.67
6,26.96,1,East,38.85
56,37.89,2,East,62.79
35,31.8,5,East,87.54
7,31.15,11,North,159.19
31,102.3,7,West,151.84
3,22.05,5,West,47.35
5,65.88,5,South,98.58
32,78.48,3,North,133.39
49,81.04,4,North,136.89
7,61.0,4,West,90.25
16,92.57,6,South,143.28
24,111.43,4,South,161.28
33,48.38,6,South,107.65
1,65.3,5,North,116.86
39,90.95,6,East,133.12
30,38.68,5,East,94.2
58,49.5,6,North,118.21
19,42.51,7,West,92.54
30,65.65,4,North,131.53
5,25.55,5,West,55.17
56,96.99,7,North,161.36
51,67.59,11,North,187.37
22,69.13,11,East,157.49
28,21.21,7,West,94.08
52,36.02,7,West,92.65
18,99.11,4,South,127.56
15,50.86,4,South,75.09
15,27.4,4,West,85.43
43,59.66,4,West,110.2
13,71.64,4,South,100.09
6,67.53,7,West,137.79
10,51.41,5,South,73.74
60,85.99,2,West,115.47
53,41.23,9,West,99.55
58,67.76,4,West,95.12
17,57.63,3,West,54.03
27,51.77,5,East,109.58
30,46.92,6,South,112.38
32,47.59,8,North,145.61
2,55.31,6,West,98.27
36,48.57,2,North,101.04
3,73.2,3,East,115.37
17,44.06,5,West,101.5
18,102.24,6,East,148.58
41,43.28,3,South,95.05
54,78.89,6,East,150.14
42,80.26,6,West,120.18
27,58.34,5,West,108.66
32,56.3,3,North,96.43
31,40.79,4,West,81.01
9,44.4,4,East,93.21
58,59.62,4,South,116.64
56,53.62,4,South,91.69
15,87.64,6,North,154.0
7,45.52,6,North,119.98
10,46.64,10,East,122.6
38,28.05,7,East,97.88
2,70.63,3,East,113.97
7,68.12,9,East,144.1
39,80.71,6,West,136.16
9,82.55,2,North,98.1
5,74.86,5,East,119.5
2,76.13,6,West,107.48
43,69.69,1,West,82.53
22,74.12,6,South,130.78
18,26.13,4,West,81.73
39,35.17,6,South,122.38
11,32.94,7,East,104.4
32,90.75,2,West,105.78
30,39.92,8,West,103.85
41,42.56,6,North,113.53
38,54.74,4,North,107.25
41,33.2,4,South,91.84
13,63.57,4,South,96.96
9,23.29,5,South,52.42
33,34.09,7,South,103.98
4,59.12,3,South,105.11
28,33.23,9,East,123.72
38,91.8,8,East,157.99
50,55.62,3,South,117.82
40,85.87,4,West,124.73
60,63.0,9,South,142.22
34,54.34,7,North,137.99
27,36.65,5,North,128.34
15,79.17,7,North,149.33
41,65.14,4,South,105.43
49,125.7,4,South,179.77
20,76.05,3,North,147.42
5,46.57,6,East,96.21
1,61.3,8,South,109.43
38,64.64,3,East,115.89
40,86.94,3,North,112.8
8,92.64,6,North,145.94
2,51.17,6,East,83.55
40,33.58,6,West,71.93
24,26.01,10,East,100.67
26,34.61,1,North,80.89
16,43.09,5,South,82.04
44,99.66,4,North,142.3
45,100.26,8,West,162.41
4,80.16,7,West,119.98
6,89.31,8,East,153.33
34,41.14,5,North,116.62
37,29.78,3,North,85.09
9,36.5,1,North,79.03
10,24.19,3,East,55.13
41,34.97,6,West,87.11
28,44.59,5,South,100.71
8,58.36,6,East,118.62
37,57.64,6,East,118.0
5,41.44,4,South,57.79
14,68.55,3,West,109.02
43,41.76,3,South,75.4
14,54.82,7,West,114.93
4,35.02,9,North,102.58
58,84.39,5,North,125.01
14,55.06,2,North,92.84
31,71.63,4,North,142.44
50,33.57,3,West,57.53
60,58.54,3,East,101.78
49,68.64,5,East,134.42
21,24.11,2,South,65.67
52,87.12,5,West,174.33
1,33.12,4,South,72.68
20,59.4,7,South,124.41
12,111.62,5,North,160.99
32,79.99,2,East,111.14
54,30.08,2,East,74.11
47,50.85,8,North,145.22
60,89.42,6,South,126.67
9,39.38,3,East,70.65
46,47.28,6,North,108.64
44,46.75,5,West,83.78
28,68.58,3,South,123.97
6,29.52,9,East,103.83
7,70.14,5,East,127.62
55,42.56,3,East,102.71
18,54.35,5,North,110.19
39,49.9,3,South,89.09
57,69.4,5,West,129.75
30,54.14,5,North,109.95
13,97.14,7,West,146.52
30,81.11,3,South,112.89
14,39.72,5,West,74.13
11,94.27,7,East,152.84
49,62.04,6,West,115.53
21,58.44,3,East,94.82
42,76.65,9,South,155.26
44,36.0,5,West,101.17
33,31.44,5,North,78.26
33,55.15,4,West,86.89
11,42.84,6,North,97.76
32,125.15,5,West,177.57
46,40.22,4,South,93.2
12,55.48,4,East,96.55
14,58.96,8,West,99.42
42,89.35,1,South,135.77
59,36.68,5,West,74.92
24,28.65,3,West,53.48
50,95.37,2,North,107.94
11,56.39,7,North,116.91
35,75.48,4,West,110.75
57,76.91,6,East,134.61
27,82.43,5,North,155.06
31,46.94,6,North,125.67
10,42.12,6,North,112.33
32,24.57,6,West,69.49
36,36.67,9,North,141.12
59,55.97,7,East,127.85
13,41.24,4,North,92.91
22,34.59,11,East,115.3
39,55.71,4,North,121.02
57,93.43,4,South,145.88
15,53.39,6,West,110.13
42,34.7,5,North,100.45
53,90.83,4,North,158.57
38,40.06,5,North,85.09
26,98.67,8,North,178.26
15,49.14,8,East,135.27
18,56.9,6,South,113.48
4,101.94,6,East,134.82
10,31.8,7,East,71.47
27,35.87,4,North,92.05
9,47.91,5,West,81.37
1,51.63,4,South,86.87
42,157.09,6,South,212.19
5,38.27,3,South,73.65
9,32.4,4,North,88.29
36,37.55,4,South,93.37
56,59.91,4,North,135.13
44,66.47,5,East,130.33
2,41.15,4,South,75.85
11,55.06,3,West,81.46
45,118.88,8,North,202.23
44,55.37,7,East,125.72
24,62.08,7,East,128.39
57,116.23,7,North,225.62
54,41.3,4,North,97.16
45,40.23,7,South,104.93
45,45.25,7,South,101.11
48,44.2,9,North,164.16
9,26.35,8,West,88.91
43,57.7,5,South,126.27
57,59.55,5,South,138.06
14,50.69,5,East,107.84
1,60.28,5,West,99.49
22,60.54,5,South,129.47
17,32.25,5,West,74.25
57,61.28,2,North,107.29
27,68.27,5,East,128.91
40,28.82,5,East,86.86
59,98.03,3,East,133.17
48,33.3,4,East,85.77
45,34.63,7,North,122.23
59,59.19,5,West,110.33
42,67.62,5,North,125.59
14,74.52,6,West,114.15
44,68.33,1,West,87.49
20,44.35,9,West,99.61
20,57.02,4,North,117.67
39,48.1,7,North,119.23
19,58.54,8,South,145.47
2,56.11,6,North,115.95
60,44.61,3,South,91.4
35,47.52,4,North,119.25
41,26.03,5,West,65.4
49,76.1,4,West,119.85
39,61.5,1,South,86.31
37,21.7,2,West,60.81
48,74.98,3,North,128.06
18,53.45,4,East,95.58
50,37.53,1,North,68.9
44,36.23,7,North,93.68
11,41.46,3,North,102.58
9,37.61,4,North,85.69
53,39.69,7,East,113.9
54,107.8,3,West,139.31
60,63.34,10,South,116.57
7,123.27,5,South,147.09
54,59.76,3,North,122.27
52,68.83,6,North,153.63
47,38.39,7,North,120.32
30,51.05,3,North,94.98
31,52.84,10,West,141.61
26,69.97,6,West,139.12
2,53.53,5,East,97.55
31,62.84,5,East,116.08
15,61.94,3,West,78.2
13,48.37,5,South,93.07
4,46.42,2,East,79.62
28,41.78,5,South,88.13
3,84.18,4,West,111.65
51,48.38,5,North,109.94
54,62.27,3,East,104.8
49,51.28,8,East,151.45
19,83.52,3,South,102.19
10,24.65,6,East,85.39
31,61.63,9,South,140.12
41,33.05,3,North,91.17
2,63.83,6,East,114.54
52,51.49,3,North,113.48
27,30.22,6,East,98.23
50,62.49,5,North,124.79
5,59.72,6,South,111.14
26,49.77,3,North,97.42
28,52.36,2,North,102.9
3,58.24,6,North,120.24
43,87.47,7,West,132.86
56,48.15,3,North,107.17
33,81.88,3,South,106.22
24,53.79,6,North,132.58
39,91.68,4,West,127.84
22,49.7,6,East,123.24
22,41.82,5,North,107.49
46,35.2,6,West,84.01
36,53.86,3,South,88.51
16,39.75,2,North,86.93
25,95.76,5,West,134.03
51,38.53,6,East,108.51
32,41.43,4,South,109.72
5,68.88,5,North,107.21
52,87.73,3,West,119.24
45,73.14,5,East,133.82
17,83.39,5,East,122.02
58,52.87,5,East,118.58
58,53.17,4,North,93.0
60,122.08,3,West,156.7
23,107.35,6,South,139.58
56,72.65,3,East,115.43
49,85.0,2,North,125.08
53,76.97,3,West,102.5
33,33.7,7,South,97.55
17,53.74,4,East,100.23
14,99.36,4,North,150.74
58,72.83,7,East,146.23
31,53.23,7,North,120.43
56,99.83,5,West,168.46
34,63.29,4,East,103.26
33,73.86,3,North,142.34
5,63.42,6,West,128.31
25,67.79,5,West,132.98
34,69.76,5,South,119.92
7,91.82,6,West,138.66
10,96.74,6,West,142.73
36,45.58,3,South,76.88
15,62.94,3,East,78.82
43,90.78,6,North,168.02
28,51.8,7,East,129.15
25,32.34,9,North,125.38
8,37.96,2,East,74.97
25,39.02,2,South,77.36
33,45.46,6,South,122.05
35,40.51,7,West,70.49
17,82.4,6,East,169.27
2,48.88,8,South,96.94
57,90.42,2,North,128.76
58,34.74,3,West,93.69
55,47.4,3,South,78.68
18,56.92,4,West,107.42
37,75.51,9,West,165.45
9,86.27,5,North,149.52
55,44.02,5,North,128.21
1,81.24,5,North,139.05
29,27.86,6,South,97.75
52,77.36,1,North,105.4
44,31.93,9,South,117.0
52,65.28,6,West,111.22
30,85.77,8,West,156.74
6,77.86,2,East,98.81
1,28.34,4,South,79.5
10,45.65,2,East,65.28
4,72.73,5,East,118.42
27,71.9,4,North,132.68
4,60.97,7,North,142.37
12,22.63,2,North,66.84
26,88.17,6,South,134.45
45,94.68,3,North,134.62
41,58.29,5,West,101.15
4,59.83,2,East,73.0
55,66.77,6,South,133.59
33,97.92,2,South,123.43
21,60.35,4,South,88.76
23,50.58,6,South,110.4
51,63.6,5,South,93.75
28,54.36,4,West,111.87
15,54.6,4,North,104.2
26,26.94,7,East,119.79
5,67.3,8,East,138.42
10,87.23,7,South,137.08
19,82.12,4,North,150.16
14,79.87,5,East,108.95
21,53.45,6,North,123.33
4,57.87,3,East,87.26
37,87.93,5,East,137.33
7,77.24,6,North,123.72
14,98.94,5,North,157.01
59,41.72,5,South,106.1
1,41.61,3,South,67.37
17,47.8,4,East,96.64
31,37.44,6,North,107.51
19,32.18,9,West,103.79
20,65.85,5,North,114.76
8,64.09,2,North,93.82
26,60.25,8,South,113.17
46,62.9,3,South,103.24
36,30.4,4,West,87.69
56,45.06,5,North,108.53
42,48.55,4,East,91.53
48,55.67,4,North,115.39
26,30.45,4,North,95.03
37,37.67,2,North,86.29
35,45.85,2,East,78.93
49,83.37,6,South,120.95
31,60.63,8,North,146.75
25,82.16,4,West,135.55
5,51.99,8,West,99.48
52,54.62,6,South,105.13
27,66.66,9,West,136.39
48,50.86,2,North,93.13
41,42.53,4,East,101.34
1,30.09,7,South,71.51
40,42.98,7,East,140.3
30,76.28,4,North,138.62
15,90.4,4,West,107.01
16,40.07,7,West,99.81
39,27.29,5,South,69.36
6,79.09,8,North,144.86
37,56.13,3,South,83.04
51,31.85,5,East,72.54
6,15.73,3,North,79.66
1,37.14,7,South,77.4
4,45.37,7,North,102.16
44,34.44,4,East,76.47
51,72.01,3,North,121.81
60,39.45,7,East,115.12
2,54.87,4,South,72.7
29,141.09,6,West,178.98
3,57.22,6,North,110.66
23,52.13,5,South,81.64
19,52.61,5,East,116.85
37,71.35,5,West,128.71
55,67.9,7,West,124.49
49,36.55,4,South,94.19
4,46.32,2,North,95.29
15,41.81,2,East,57.2
17,48.76,5,West,52.12
16,113.37,3,East,152.42
22,69.89,7,South,126.53
37,52.88,7,West,103.32
45,89.82,5,West,145.77
57,58.87,5,South,126.91
43,28.35,4,East,98.9
18,106.23,4,East,147.3
12,51.29,1,North,102.42
23,22.14,6,South,74.59
48,28.79,7,West,79.96
60,85.72,6,East,145.03
24,28.98,8,West,96.53
11,93.66,6,West,144.08
1,56.4,3,South,84.36
5,72.64,3,East,88.56
39,49.27,3,West,81.67
36,67.31,4,West,110.58
39,61.97,5,South,118.85
2,53.76,3,South,68.62
27,35.65,5,West,94.79
11,63.02,7,West,113.66
21,26.4,3,West,45.29
38,79.25,3,East,121.27
17,59.07,1,South,85.02
40,65.74,2,East,109.82
18,19.17,6,South,91.8
31,34.8,6,South,104.36
28,44.6,7,South,131.94
24,71.48,5,East,141.48
8,37.45,7,South,85.48
35,151.29,5,North,202.06
60,49.14,2,East,92.14
39,36.36,4,South,100.69
45,50.67,8,North,116.87
49,37.32,6,South,109.53
3,34.0,3,South,67.83
48,81.81,7,South,140.56
15,67.04,2,South,97.41
40,67.12,6,West,112.99
60,90.99,7,South,161.14
54,66.33,7,North,140.21
25,35.62,3,East,85.21
51,72.49,6,North,137.75
38,34.79,4,East,103.66
8,45.1,2,West,64.05
15,53.61,5,South,93.27
58,51.48,3,East,82.64
55,26.67,5,West,80.48
54,37.08,7,West,79.02
24,54.11,6,East,123.13
20,42.77,3,West,59.54
49,85.67,2,North,129.64
2,91.74,4,North,135.32
54,34.88,6,North,83.97
37,55.92,2,East,111.11
38,102.83,5,East,152.39
27,51.74,2,West,88.95
59,46.4,9,East,123.37
45,77.02,4,North,151.71
4,48.93,7,West,103.33
32,90.77,4,North,139.27
52,43.04,5,East,108.88
5,45.16,6,West,93.21
45,74.89,5,East,121.02
15,56.84,5,South,110.98
31,57.02,7,South,118.63
53,25.44,4,North,114.25
30,47.4,4,East,89.05
3,77.14,2,North,115.74
2,39.91,4,West,69.61
45,72.26,5,South,125.66
56,60.78,3,North,119.98
18,50.41,4,South,98.83
57,93.98,3,South,162.12
28,47.66,6,East,121.92
4,49.01,5,North,116.54
32,50.18,4,East,81.71
59,56.39,5,South,119.12
16,74.2,2,East,96.3
58,30.29,5,North,99.01
40,77.26,5,West,129.78
24,56.11,5,South,125.62
42,68.14,9,East,194.24
25,142.13,7,North,203.35
6,44.49,5,South,79.59
53,33.45,5,North,125.47
23,59.0,2,South,93.86
34,62.86,4,East,101.83
45,77.37,2,West,89.62
5,44.02,3,East,83.94
44,39.17,3,South,87.93
22,29.57,3,West,71.2
33,31.6,6,South,64.67
28,46.23,4,South,80.44
47,52.11,4,North,135.19
12,124.72,6,South,175.88
7,27.74,4,East,68.65
25,62.44,5,South,116.18
8,40.84,5,North,108.99
15,59.69,3,West,113.5
40,43.76,9,East,106.11
50,82.61,7,North,170.77
42,82.41,2,South,115.21
20,52.18,2,East,91.34
49,97.09,4,East,144.59
25,74.0,6,South,133.33
11,95.3,9,North,180.97
46,53.66,6,West,107.63
32,79.9,3,East,124.72
23,40.15,8,West,117.66
40,38.56,4,West,85.93
44,130.57,6,North,196.85
14,35.36,5,North,99.98
8,45.86,8,North,135.57
32,25.55,6,East,83.54
4,38.93,4,South,80.97
39,36.68,6,North,118.37
27,41.76,6,North,125.68
13,61.56,7,West,123.61
36,67.79,5,West,104.68
23,36.5,3,South,83.82
24,39.81,2,East,102.18
13,84.22,4,North,140.11
41,108.0,4,North,169.71
55,90.23,3,West,124.21
38,28.26,2,South,55.76
15,87.86,5,East,123.09
51,114.6,6,East,167.57
8,27.71,4,North,91.21
18,84.19,3,South,145.1
3,59.75,7,South,98.53
51,47.9,5,South,72.24
3,56.97,2,East,74.34
33,65.19,7,South,161.96
12,86.75,5,South,151.2
13,84.98,3,West,100.63
37,29.88,6,East,90.44
49,42.12,4,East,97.82
2,56.68,5,South,100.93
10,102.4,2,North,141.93
18,18.34,5,North,102.08
57,42.76,2,West,83.31
4,29.63,5,South,91.35
11,31.57,3,West,63.8
25,80.99,7,East,163.22
20,44.13,3,North,94.47
3,21.47,6,West,62.07
33,51.25,6,East,119.4
37,123.27,5,West,167.95
11,26.5,8,West,69.29
42,67.57,3,East,94.79
4,102.22,5,West,138.96
44,53.53,4,South,134.65
16,118.06,7,West,179.52
14,41.93,2,West,77.39
12,97.36,3,South,130.41
53,88.59,2,West,116.48
31,53.89,5,South,104.42
42,30.12,3,South,75.78
13,36.57,1,East,64.29
4,21.38,6,West,53.7
3,69.25,9,West,141.51
27,66.0,3,West,105.47
20,56.36,6,East,109.81
47,51.98,2,East,93.1
48,93.98,7,South,145.72
19,61.51,3,East,114.64
27,43.73,5,North,123.51
23,57.91,4,North,113.79
41,123.84,3,North,166.75
38,70.03,8,North,141.21
40,46.71,4,East,105.27
4,53.64,5,North,110.71
21,65.72,3,North,123.89
59,46.13,7,East,103.16
21,44.53,5,South,90.29
11,54.35,5,South,105.46
12,100.25,8,East,170.97
2,74.92,8,East,129.15
47,46.35,3,South,77.38
1,77.29,4,North,120.74
36,54.79,5,North,135.53
24,62.67,3,East,110.5
6,60.43,6,South,100.89
54,23.47,3,North,78.2
45,16.14,4,West,53.21
50,59.78,5,North,107.69
57,38.82,6,West,97.04
55,28.34,5,South,74.72
43,39.3,3,North,114.91
33,79.03,4,South,128.87
42,63.0,2,West,102.69
27,74.34,1,West,97.17
11,65.45,4,North,118.73
24,37.81,3,West,84.22
29,74.49,11,North,168.41
3,69.01,6,South,109.69
51,52.09,2,East,108.86
55,55.9,5,West,115.95
26,74.96,2,West,85.48
30,40.46,4,South,70.03
51,84.37,3,West,105.95
28,68.45,6,South,109.18
42,54.65,9,South,136.81
31,100.74,3,East,145.12
17,32.53,9,East,111.4
48,45.42,6,West,105.42
12,41.56,3,West,74.68
14,63.01,7,West,120.68
42,87.62,4,South,141.21
43,36.85,4,South,99.87
58,204.83,6,East,261.87
43,41.88,8,West,96.97
2,63.07,5,East,119.2
51,54.66,4,North,135.25
25,55.62,4,East,107.59
1,39.77,4,South,61.41
35,83.68,5,West,125.48
11,38.8,4,West,67.22
25,26.91,3,South,95.5
29,34.86,2,North,74.3
5,97.33,5,West,139.77
52,90.03,10,West,185.43
31,24.46,7,North,125.05
58,75.6,8,West,143.44
28,24.71,3,West,58.71
36,54.01,7,East,98.57
49,33.68,4,South,86.25
13,77.97,3,East,112.54
55,68.16,5,North,130.85
12,80.79,5,South,120.58
60,48.52,8,West,122.45
39,50.58,7,West,82.6
32,29.97,5,East,101.33
13,36.15,4,East,80.16
35,79.79,3,East,128.07
34,63.24,6,East,115.59
60,56.92,4,East,112.27
51,90.45,8,West,176.1
29,32.46,5,East,107.48
24,72.82,4,South,104.83
24,34.07,5,South,88.55
23,98.61,3,West,136.53
1,67.88,2,North,113.1
3,80.3,5,West,105.64
46,41.24,7,South,122.2
16,130.69,7,East,177.22
25,121.44,5,South,167.0
42,64.85,8,South,151.9
37,87.37,6,West,135.26
22,48.39,2,North,85.35
46,32.87,5,North,108.31
10,75.06,1,South,90.96
29,37.8,9,East,102.75
7,92.21,6,East,148.87
32,83.03,7,South,149.09
6,59.98,7,South,93.27
57,58.66,8,South,141.47
40,81.1,7,North,161.93
15,60.94,5,East,128.7
37,46.44,6,South,110.78
21,29.79,6,South,85.65
32,80.12,4,North,140.89
11,63.22,7,South,117.42
31,164.39,6,West,211.37
7,52.54,5,South,95.03
10,61.61,5,West,87.19
36,62.19,5,West,109.86
31,70.83,5,North,149.38
18,37.09,4,West,80.37
4,52.94,4,North,82.5
26,76.03,5,East,146.84
56,47.79,3,South,84.02
43,74.89,5,South,100.95
4,56.75,4,South,103.26
57,64.12,7,East,114.72
26,86.53,6,North,148.33
35,49.85,3,East,86.67
1,30.55,4,North,62.53
19,49.08,4,East,75.07
48,39.24,2,West,70.74
20,23.33,6,North,106.11
10,52.32,4,East,113.18
6,59.12,3,East,96.75
56,82.13,9,South,154.46
49,34.61,6,South,99.98
3,56.57,8,West,122.01
56,85.73,7,North,155.59
50,43.39,4,North,102.62
22,67.66,3,East,136.81
40,103.45,6,West,154.21
16,25.92,4,West,73.11
15,60.89,5,East,89.01
43,86.93,2,East,109.18
13,47.45,3,West,96.61
22,95.08,6,West,149.86
22,70.36,7,West,98.22
10,110.8,6,North,164.45
50,68.92,1,East,109.45
41,114.55,4,North,155.4
52,61.56,7,South,116.71
32,31.59,4,North,91.18
11,42.42,5,West,81.82
17,82.05,9,North,161.77
22,81.41,5,South,139.53
57,48.22,4,East,121.22
15,112.36,7,North,182.19
42,47.39,6,West,100.58
8,65.68,5,North,113.08
58,64.96,4,North,123.15
39,32.07,9,North,131.28
26,52.24,10,South,133.67
21,141.48,4,South,182.76
22,37.75,5,East,102.6
14,70.11,5,South,123.86
36,34.41,3,South,88.85
52,37.6,5,West,107.85
15,31.01,6,North,84.86
45,79.55,3,West,109.36
34,38.53,4,West,85.42
47,90.65,7,East,149.44
47,44.14,5,East,92.45
3,57.47,8,North,139.46
2,64.36,4,South,103.95
55,28.6,3,South,76.09
10,59.23,7,South,113.77
35,62.8,5,North,142.03
46,86.14,4,North,157.71
31,37.2,4,North,92.88
1,39.38,5,West,71.45
1,71.08,8,South,126.25
41,96.06,7,North,168.24
54,43.08,4,North,94.84
21,33.31,8,North,100.32
33,48.1,4,East,107.37
57,36.4,6,West,85.13
50,64.01,4,South,111.44
33,35.45,5,South,92.76
40,80.57,4,East,135.93
58,59.44,6,South,117.5
48,81.58,2,South,115.48
25,20.71,8,South,83.02
42,27.02,5,North,89.17
20,91.57,7,South,156.35
56,40.94,7,South,101.87
6,30.37,5,West,60.72
14,50.35,5,North,130.8
21,60.16,5,East,121.16
13,51.25,6,North,118.65
36,65.84,6,South,127.49
43,62.36,5,East,125.01
54,61.07,5,West,120.56
31,93.63,8,North,189.95
38,54.29,3,East,118.29
36,53.65,4,North,112.3
1,75.27,9,North,151.8
43,68.11,4,South,120.0
2,38.05,5,East,111.65
33,52.62,8,North,151.33
60,65.06,4,West,116.36
48,43.18,7,West,100.45
31,44.01,3,North,89.74
20,31.29,7,South,107.07
51,17.23,2,North,87.57
52,47.01,6,North,128.34
23,57.45,6,East,107.53
7,35.23,5,North,98.28
35,94.74,7,North,180.23
39,35.92,4,North,87.29
57,78.65,4,North,151.92
54,64.55,4,West,108.36
14,130.39,8,South,204.26
16,67.76,5,South,93.96
60,30.61,5,West,74.02
20,83.24,5,North,150.49
28,107.67,7,East,199.75
19,26.87,4,North,103.19
24,70.5,12,West,146.15
34,77.02,3,South,103.84
18,50.14,6,South,111.34
25,20.72,3,West,54.09
22,48.5,3,South,69.48
7,43.27,5,West,77.69
48,100.68,4,East,155.02
54,52.7,7,North,129.14
30,46.3,5,East,106.07
13,43.18,6,North,109.76
39,62.2,7,West,122.46
33,55.85,4,West,96.45
34,39.81,4,West,70.2
36,60.68,5,West,114.26
44,43.69,3,South,75.4
3,19.36,3,North,58.62
6,71.32,3,North,110.63
6,68.67,3,North,95.66
10,59.14,2,West,80.71
59,45.74,7,North,117.77
44,53.05,5,South,98.63
40,75.77,4,North,131.73
42,42.41,2,North,121.95
3,77.0,5,West,110.03
13,30.27,5,East,101.96
48,58.4,7,East,118.97
28,55.16,2,South,98.87
31,81.54,5,North,139.91
46,37.8,5,North,109.68
5,39.49,3,South,54.82
48,31.26,5,South,90.86
41,43.52,8,North,137.93
25,60.47,4,East,118.04
30,26.6,2,South,67.01
5,45.73,7,South,91.45
13,69.71,4,South,82.03
15,52.4,5,East,82.73
53,56.27,4,North,108.95
7,29.89,5,South,75.75
18,52.46,2,East,76.62
8,55.23,3,North,82.33
18,51.14,3,North,115.2
1,58.04,4,North,90.42
17,48.25,4,East,89.67
44,45.49,8,North,136.66
47,36.02,2,North,78.18
23,80.62,7,East,142.37
43,33.43,5,South,89.48
38,58.16,8,West,127.32
55,112.76,6,North,195.56
49,84.82,7,West,123.88
14,66.94,7,North,111.66
36,60.33,5,South,115.13
48,51.88,4,South,113.59
19,38.07,1,South,62.35
35,49.33,7,West,107.74
25,68.71,3,East,107.34
19,63.81,10,West,146.1
12,74.85,7,North,138.66
3,88.93,4,South,111.09
45,51.24,3,South,92.54
50,58.95,5,South,98.5
40,25.54,4,North,93.59
15,134.62,6,North,169.36
2,46.27,6,West,91.48
38,70.86,7,South,139.09
12,46.26,4,North,106.07
33,45.83,9,North,128.78
59,49.66,5,West,109.27
1,33.18,6,East,81.61
35,20.25,7,East,104.89
60,86.82,5,East,143.08
21,67.92,5,East,127.15
49,37.85,8,North,121.09
50,65.42,8,South,119.28
30,75.91,2,East,108.47
19,41.38,6,West,96.3
41,64.38,4,West,102.31
38,81.67,5,South,121.85
29,30.71,7,West,90.4
12,67.58,4,North,112.23
45,63.17,2,North,113.11
13,115.84,5,North,185.94
9,68.23,6,North,149.8
5,46.32,4,East,79.3
27,48.52,4,East,102.05
8,122.65,6,North,150.64
21,47.37,1,North,89.24
15,69.02,5,West,98.01
28,49.63,4,South,98.54
47,84.14,7,North,139.87
28,85.82,2,North,126.25
34,54.11,5,East,92.35
9,46.4,7,South,94.63
7,45.96,3,South,98.94
59,27.36,6,North,90.16
38,56.84,6,North,115.66
1,56.38,5,North,102.41
34,39.39,4,North,89.89
1,26.21,4,South,69.15
5,59.29,4,South,77.4
23,62.37,9,South,118.12
40,63.93,5,North,135.12
38,36.75,4,West,93.33
48,63.99,3,North,118.84
11,50.83,6,East,94.33
12,77.15,3,South,109.27
32,36.97,4,East,95.35
53,86.49,7,North,175.55
44,99.88,6,North,173.72
41,57.19,4,South,78.02
6,64.17,4,North,107.78
53,74.71,7,East,134.25
60,36.22,3,South,73.83
35,44.95,3,East,57.78
21,58.77,7,North,127.61
40,122.82,6,East,162.57
39,33.84,3,South,82.27
56,105.12,4,South,144.31
7,50.54,4,North,101.73
31,53.85,5,South,115.85
43,88.87,6,East,141.5
21,122.56,5,North,181.71
51,64.66,2,North,119.99
4,87.0,7,North,168.62
7,37.78,5,East,104.73
48,44.18,6,North,125.91
8,31.79,8,West,78.35
26,44.42,4,West,115.9
17,68.45,8,North,161.86
42,59.43,3,South,112.95
1,108.94,4,East,153.3
22,124.2,6,South,169.88
60,51.7,3,East,83.15
23,41.6,5,East,99.82
36,86.84,7,South,154.58
60,90.53,5,West,134.5
37,65.14,5,North,123.22
46,72.4,3,East,142.75
58,68.01,2,North,129.31
38,36.76,6,South,94.29
50,33.53,1,North,114.98
31,53.5,8,South,104.72
49,50.38,5,East,97.0
39,60.99,6,West,126.54
21,51.81,3,North,115.66
34,27.62,4,East,65.98
21,23.46,5,North,98.81
24,73.33,6,North,137.79
18,41.88,4,East,77.12
30,49.76,6,South,122.56
21,43.68,6,East,98.66
38,37.89,4,East,96.33
23,37.49,5,North,88.89
30,82.1,3,West,86.69
9,49.62,5,East,63.37
24,70.38,5,North,145.76
22,74.26,8,South,132.28
58,61.97,8,West,120.23
27,75.25,7,West,126.57
2,54.91,1,East,62.4
19,94.21,2,East,126.72
44,75.9,4,East,140.89
10,80.04,5,West,96.93
10,37.51,3,South,61.32
23,60.66,3,North,129.33
22,26.21,8,West,79.12
29,95.62,2,West,114.19
